#! /home/sandy/tools/oss-cad-suite/bin/vvp
:ivl_version "14.0 (devel)" "(s20260301-174-gc7530dbcc-dirty)";
:ivl_delay_selection "TYPICAL";
:vpi_time_precision - 12;
:vpi_module "/home/sandy/tools/oss-cad-suite/lib/ivl/system.vpi";
:vpi_module "/home/sandy/tools/oss-cad-suite/lib/ivl/vhdl_sys.vpi";
:vpi_module "/home/sandy/tools/oss-cad-suite/lib/ivl/vhdl_textio.vpi";
:vpi_module "/home/sandy/tools/oss-cad-suite/lib/ivl/v2005_math.vpi";
:vpi_module "/home/sandy/tools/oss-cad-suite/lib/ivl/va_math.vpi";
:vpi_module "/home/sandy/tools/oss-cad-suite/lib/ivl/v2009.vpi";
S_0x555560248280 .scope package, "$unit" "$unit" 2 1;
 .timescale 0 0;
S_0x555560247260 .scope module, "alu" "alu" 3 2;
 .timescale -9 -12;
    .port_info 0 /INPUT 32 "a";
    .port_info 1 /INPUT 32 "b";
    .port_info 2 /INPUT 4 "alu_ctrl";
    .port_info 3 /OUTPUT 32 "result";
o0x774c6799a018 .functor BUFZ 32, c4<zzzzzzzzzzzzzzzzzzzzzzzzzzzzzzzz>; HiZ drive
v0x5555602a3c60_0 .net "a", 31 0, o0x774c6799a018;  0 drivers
o0x774c6799a048 .functor BUFZ 4, c4<zzzz>; HiZ drive
v0x555560236e00_0 .net "alu_ctrl", 3 0, o0x774c6799a048;  0 drivers
o0x774c6799a078 .functor BUFZ 32, c4<zzzzzzzzzzzzzzzzzzzzzzzzzzzzzzzz>; HiZ drive
v0x555560236ea0_0 .net "b", 31 0, o0x774c6799a078;  0 drivers
v0x55556025a430_0 .var "result", 31 0;
E_0x5555601a18c0 .event anyedge, v0x555560236e00_0, v0x5555602a3c60_0, v0x555560236ea0_0;
S_0x555560247a70 .scope module, "alu_control" "alu_control" 4 2;
 .timescale -9 -12;
    .port_info 0 /INPUT 7 "opcode";
    .port_info 1 /INPUT 3 "funct3";
    .port_info 2 /INPUT 7 "funct7";
    .port_info 3 /OUTPUT 4 "alu_ctrl";
v0x55556025a500_0 .var "alu_ctrl", 3 0;
o0x774c6799a1c8 .functor BUFZ 3, c4<zzz>; HiZ drive
v0x5555602adcc0_0 .net "funct3", 2 0, o0x774c6799a1c8;  0 drivers
o0x774c6799a1f8 .functor BUFZ 7, c4<zzzzzzz>; HiZ drive
v0x5555602add60_0 .net "funct7", 6 0, o0x774c6799a1f8;  0 drivers
o0x774c6799a228 .functor BUFZ 7, c4<zzzzzzz>; HiZ drive
v0x5555602b7510_0 .net "opcode", 6 0, o0x774c6799a228;  0 drivers
E_0x5555602204b0 .event anyedge, v0x5555602b7510_0, v0x5555602adcc0_0, v0x5555602add60_0;
S_0x55556025f740 .scope module, "riscv_pipeline_tb" "riscv_pipeline_tb" 5 3;
 .timescale -9 -12;
v0x5555602d7ac0_0 .var "clk", 0 0;
v0x5555602d7b80_0 .var/i "cycle", 31 0;
v0x5555602d7c60_0 .net "dbg_accel_busy", 0 0, L_0x5555602f10c0;  1 drivers
v0x5555602d7d60_0 .net "dbg_alu", 31 0, L_0x5555602f0000;  1 drivers
v0x5555602d7e30_0 .net "dbg_dmem_load", 31 0, L_0x5555602f1440;  1 drivers
v0x5555602d7f20_0 .net "dbg_instr", 31 0, L_0x5555602acd10;  1 drivers
v0x5555602d7ff0_0 .net "dbg_pc", 31 0, L_0x5555602f1cd0;  1 drivers
v0x5555602d80c0_0 .net "dbg_r1", 31 0, L_0x5555602adbc0;  1 drivers
v0x5555602d81b0_0 .net "dbg_r2", 31 0, L_0x5555602e98f0;  1 drivers
v0x5555602d8250_0 .net "dbg_r3", 31 0, L_0x5555602e9960;  1 drivers
v0x5555602d8360_0 .net "dbg_r4", 31 0, L_0x5555602e99d0;  1 drivers
v0x5555602d8470_0 .net "mmul_busy", 0 0, v0x5555602cc040_0;  1 drivers
v0x5555602d8560_0 .net "mmul_done", 0 0, v0x5555602cc100_0;  1 drivers
v0x5555602d8650_0 .var "rst", 0 0;
S_0x5555602b7670 .scope module, "uut" "riscv_pipeline" 5 22, 6 3 0, S_0x55556025f740;
 .timescale -9 -12;
    .port_info 0 /INPUT 1 "clk";
    .port_info 1 /INPUT 1 "rst";
    .port_info 2 /OUTPUT 1 "mmul_busy";
    .port_info 3 /OUTPUT 1 "mmul_done";
    .port_info 4 /OUTPUT 32 "dbg_pc";
    .port_info 5 /OUTPUT 32 "dbg_instr";
    .port_info 6 /OUTPUT 32 "dbg_alu";
    .port_info 7 /OUTPUT 32 "dbg_dmem_load";
    .port_info 8 /OUTPUT 32 "dbg_r1";
    .port_info 9 /OUTPUT 32 "dbg_r2";
    .port_info 10 /OUTPUT 32 "dbg_r3";
    .port_info 11 /OUTPUT 32 "dbg_r4";
    .port_info 12 /OUTPUT 1 "dbg_accel_busy";
P_0x5555601bfb60 .param/l "MMUL_BASE" 1 6 333, C4<00000000000000000001000000000000>;
L_0x5555602a3780 .functor BUFZ 1, L_0x5555602f10c0, C4<0>, C4<0>, C4<0>;
L_0x5555601cc2b0 .functor AND 1, L_0x5555602d8960, v0x5555602c6970_0, C4<1>, C4<1>;
L_0x5555602acd10 .functor BUFZ 32, v0x5555602c93b0_0, C4<00000000000000000000000000000000>, C4<00000000000000000000000000000000>, C4<00000000000000000000000000000000>;
L_0x5555602ea170 .functor OR 1, L_0x5555602e9f90, L_0x5555602ea080, C4<0>, C4<0>;
L_0x5555602ea400 .functor OR 1, L_0x5555602ea170, L_0x5555602ea2b0, C4<0>, C4<0>;
L_0x5555602ea6c0 .functor OR 1, L_0x5555602ea400, L_0x5555602ea4c0, C4<0>, C4<0>;
L_0x5555602ea9a0 .functor AND 1, L_0x5555602e9c90, L_0x5555602ead60, C4<1>, C4<1>;
L_0x5555602eb070 .functor AND 1, L_0x5555602ea9a0, L_0x5555602eaf80, C4<1>, C4<1>;
L_0x5555602eb560 .functor AND 1, v0x5555602c4a80_0, L_0x5555602eb420, C4<1>, C4<1>;
L_0x5555602eb7c0 .functor AND 1, L_0x5555602eb560, L_0x5555602eb670, C4<1>, C4<1>;
L_0x5555602ebb30 .functor AND 1, v0x5555602c5160_0, L_0x5555602eb930, C4<1>, C4<1>;
L_0x5555602ebd50 .functor AND 1, L_0x5555602ebb30, L_0x5555602ebba0, C4<1>, C4<1>;
L_0x5555602ec1d0 .functor AND 1, v0x5555602cb230_0, L_0x5555602ec090, C4<1>, C4<1>;
L_0x5555602ec410 .functor AND 1, L_0x5555602ec1d0, L_0x5555602ec290, C4<1>, C4<1>;
L_0x5555602ebe60 .functor AND 1, v0x5555602c4a80_0, L_0x5555602ecd50, C4<1>, C4<1>;
L_0x5555602ed090 .functor AND 1, L_0x5555602ebe60, L_0x5555602ecee0, C4<1>, C4<1>;
L_0x5555602ed580 .functor AND 1, v0x5555602c5160_0, L_0x5555602ed320, C4<1>, C4<1>;
L_0x5555602ed6e0 .functor AND 1, L_0x5555602ed580, L_0x5555602ed640, C4<1>, C4<1>;
L_0x5555602edbf0 .functor AND 1, v0x5555602cb230_0, L_0x5555602edab0, C4<1>, C4<1>;
L_0x5555602ede40 .functor AND 1, L_0x5555602edbf0, L_0x5555602edc60, C4<1>, C4<1>;
L_0x5555602ee3d0 .functor AND 1, L_0x5555602eab50, v0x5555602c6a30_0, C4<1>, C4<1>;
L_0x5555602ee730 .functor AND 1, L_0x5555602ee3d0, L_0x5555602ee4e0, C4<1>, C4<1>;
L_0x5555602ee9a0 .functor AND 1, L_0x5555602ee730, v0x5555602c6a30_0, C4<1>, C4<1>;
L_0x5555602f0000 .functor BUFZ 32, L_0x5555602f02d0, C4<00000000000000000000000000000000>, C4<00000000000000000000000000000000>, C4<00000000000000000000000000000000>;
L_0x5555602f0930 .functor AND 1, L_0x5555602f0580, L_0x5555602f0840, C4<1>, C4<1>;
L_0x5555602f0a40 .functor NOT 1, L_0x5555602f0930, C4<0>, C4<0>, C4<0>;
L_0x5555602f0be0 .functor AND 1, v0x5555602c4a80_0, L_0x5555602f0a40, C4<1>, C4<1>;
L_0x5555602f0c50 .functor NOT 1, L_0x5555602f0930, C4<0>, C4<0>, C4<0>;
L_0x5555602f0db0 .functor AND 1, v0x5555602c4d90_0, L_0x5555602f0c50, C4<1>, C4<1>;
L_0x5555602f0ec0 .functor AND 1, v0x5555602c4d90_0, L_0x5555602f0930, C4<1>, C4<1>;
L_0x5555602f10c0 .functor BUFZ 1, v0x5555602cc040_0, C4<0>, C4<0>, C4<0>;
L_0x5555602f1440 .functor BUFZ 32, L_0x5555602f1130, C4<00000000000000000000000000000000>, C4<00000000000000000000000000000000>, C4<00000000000000000000000000000000>;
L_0x5555602f16b0 .functor BUFZ 1, v0x5555602cb230_0, C4<0>, C4<0>, C4<0>;
L_0x5555602f1770 .functor BUFZ 5, v0x5555602cb080_0, C4<00000>, C4<00000>, C4<00000>;
L_0x5555602f1cd0 .functor BUFZ 32, v0x5555602d7240_0, C4<00000000000000000000000000000000>, C4<00000000000000000000000000000000>, C4<00000000000000000000000000000000>;
L_0x774c679515b8 .functor BUFT 1, C4<000000000000000000000000000>, C4<0>, C4<0>, C4<0>;
v0x5555602ce9f0_0 .net *"_ivl_101", 26 0, L_0x774c679515b8;  1 drivers
L_0x774c67951600 .functor BUFT 1, C4<00000000000000000000000000000000>, C4<0>, C4<0>, C4<0>;
v0x5555602ceaf0_0 .net/2u *"_ivl_102", 31 0, L_0x774c67951600;  1 drivers
v0x5555602cebd0_0 .net *"_ivl_104", 0 0, L_0x5555602ec090;  1 drivers
v0x5555602cec70_0 .net *"_ivl_107", 0 0, L_0x5555602ec1d0;  1 drivers
v0x5555602ced30_0 .net *"_ivl_108", 0 0, L_0x5555602ec290;  1 drivers
v0x5555602cee40_0 .net *"_ivl_111", 0 0, L_0x5555602ec410;  1 drivers
v0x5555602cef00_0 .net *"_ivl_112", 31 0, L_0x5555602ec550;  1 drivers
v0x5555602cefe0_0 .net *"_ivl_114", 31 0, L_0x5555602ec640;  1 drivers
v0x5555602cf0c0_0 .net *"_ivl_118", 31 0, L_0x5555602eca50;  1 drivers
L_0x774c67951648 .functor BUFT 1, C4<000000000000000000000000000>, C4<0>, C4<0>, C4<0>;
v0x5555602cf1a0_0 .net *"_ivl_121", 26 0, L_0x774c67951648;  1 drivers
L_0x774c67951690 .functor BUFT 1, C4<00000000000000000000000000000000>, C4<0>, C4<0>, C4<0>;
v0x5555602cf280_0 .net/2u *"_ivl_122", 31 0, L_0x774c67951690;  1 drivers
v0x5555602cf360_0 .net *"_ivl_124", 0 0, L_0x5555602ecd50;  1 drivers
v0x5555602cf420_0 .net *"_ivl_127", 0 0, L_0x5555602ebe60;  1 drivers
v0x5555602cf4e0_0 .net *"_ivl_128", 0 0, L_0x5555602ecee0;  1 drivers
v0x5555602cf5a0_0 .net *"_ivl_131", 0 0, L_0x5555602ed090;  1 drivers
v0x5555602cf660_0 .net *"_ivl_132", 31 0, L_0x5555602ed230;  1 drivers
L_0x774c679516d8 .functor BUFT 1, C4<000000000000000000000000000>, C4<0>, C4<0>, C4<0>;
v0x5555602cf740_0 .net *"_ivl_135", 26 0, L_0x774c679516d8;  1 drivers
L_0x774c67951720 .functor BUFT 1, C4<00000000000000000000000000000000>, C4<0>, C4<0>, C4<0>;
v0x5555602cf930_0 .net/2u *"_ivl_136", 31 0, L_0x774c67951720;  1 drivers
v0x5555602cfa10_0 .net *"_ivl_138", 0 0, L_0x5555602ed320;  1 drivers
v0x5555602cfad0_0 .net *"_ivl_141", 0 0, L_0x5555602ed580;  1 drivers
v0x5555602cfb90_0 .net *"_ivl_142", 0 0, L_0x5555602ed640;  1 drivers
v0x5555602cfc50_0 .net *"_ivl_145", 0 0, L_0x5555602ed6e0;  1 drivers
v0x5555602cfd10_0 .net *"_ivl_146", 31 0, L_0x5555602ed890;  1 drivers
L_0x774c67951768 .functor BUFT 1, C4<000000000000000000000000000>, C4<0>, C4<0>, C4<0>;
v0x5555602cfdf0_0 .net *"_ivl_149", 26 0, L_0x774c67951768;  1 drivers
L_0x774c679517b0 .functor BUFT 1, C4<00000000000000000000000000000000>, C4<0>, C4<0>, C4<0>;
v0x5555602cfed0_0 .net/2u *"_ivl_150", 31 0, L_0x774c679517b0;  1 drivers
v0x5555602cffb0_0 .net *"_ivl_152", 0 0, L_0x5555602edab0;  1 drivers
v0x5555602d0070_0 .net *"_ivl_155", 0 0, L_0x5555602edbf0;  1 drivers
v0x5555602d0130_0 .net *"_ivl_156", 0 0, L_0x5555602edc60;  1 drivers
v0x5555602d01f0_0 .net *"_ivl_159", 0 0, L_0x5555602ede40;  1 drivers
L_0x774c679511c8 .functor BUFT 1, C4<0000011>, C4<0>, C4<0>, C4<0>;
v0x5555602d02b0_0 .net/2u *"_ivl_16", 6 0, L_0x774c679511c8;  1 drivers
v0x5555602d0390_0 .net *"_ivl_160", 31 0, L_0x5555602ed7f0;  1 drivers
v0x5555602d0470_0 .net *"_ivl_162", 31 0, L_0x5555602ee050;  1 drivers
v0x5555602d0550_0 .net *"_ivl_167", 0 0, L_0x5555602ee3d0;  1 drivers
v0x5555602d0820_0 .net *"_ivl_168", 0 0, L_0x5555602ee4e0;  1 drivers
L_0x774c679517f8 .functor BUFT 1, C4<10>, C4<0>, C4<0>, C4<0>;
v0x5555602d08e0_0 .net/2u *"_ivl_176", 1 0, L_0x774c679517f8;  1 drivers
v0x5555602d09c0_0 .net *"_ivl_178", 0 0, L_0x5555602eea60;  1 drivers
L_0x774c67951840 .functor BUFT 1, C4<01>, C4<0>, C4<0>, C4<0>;
v0x5555602d0a80_0 .net/2u *"_ivl_180", 1 0, L_0x774c67951840;  1 drivers
v0x5555602d0b60_0 .net *"_ivl_182", 0 0, L_0x5555602eed10;  1 drivers
v0x5555602d0c20_0 .net *"_ivl_184", 31 0, L_0x5555602eee00;  1 drivers
L_0x774c67951888 .functor BUFT 1, C4<10>, C4<0>, C4<0>, C4<0>;
v0x5555602d0d00_0 .net/2u *"_ivl_188", 1 0, L_0x774c67951888;  1 drivers
v0x5555602d0de0_0 .net *"_ivl_190", 0 0, L_0x5555602ef240;  1 drivers
L_0x774c679518d0 .functor BUFT 1, C4<01>, C4<0>, C4<0>, C4<0>;
v0x5555602d0ea0_0 .net/2u *"_ivl_192", 1 0, L_0x774c679518d0;  1 drivers
v0x5555602d0f80_0 .net *"_ivl_194", 0 0, L_0x5555602ef510;  1 drivers
v0x5555602d1040_0 .net *"_ivl_196", 31 0, L_0x5555602ef600;  1 drivers
L_0x774c67951210 .functor BUFT 1, C4<0100011>, C4<0>, C4<0>, C4<0>;
v0x5555602d1120_0 .net/2u *"_ivl_20", 6 0, L_0x774c67951210;  1 drivers
L_0x774c67951918 .functor BUFT 1, C4<0110111>, C4<0>, C4<0>, C4<0>;
v0x5555602d1200_0 .net/2u *"_ivl_202", 6 0, L_0x774c67951918;  1 drivers
v0x5555602d12e0_0 .net *"_ivl_204", 0 0, L_0x5555602efe20;  1 drivers
v0x5555602d13a0_0 .net *"_ivl_206", 31 0, L_0x5555602eff60;  1 drivers
L_0x774c67951960 .functor BUFT 1, C4<00000000000000000001000000000000>, C4<0>, C4<0>, C4<0>;
v0x5555602d1480_0 .net/2u *"_ivl_212", 31 0, L_0x774c67951960;  1 drivers
v0x5555602d1560_0 .net *"_ivl_214", 0 0, L_0x5555602f0580;  1 drivers
L_0x774c679519a8 .functor BUFT 1, C4<00000000000000000001000100000000>, C4<0>, C4<0>, C4<0>;
v0x5555602d1620_0 .net/2u *"_ivl_216", 31 0, L_0x774c679519a8;  1 drivers
v0x5555602d1700_0 .net *"_ivl_218", 0 0, L_0x5555602f0840;  1 drivers
v0x5555602d17c0_0 .net *"_ivl_222", 0 0, L_0x5555602f0a40;  1 drivers
v0x5555602d18a0_0 .net *"_ivl_226", 0 0, L_0x5555602f0c50;  1 drivers
L_0x774c67951258 .functor BUFT 1, C4<0110011>, C4<0>, C4<0>, C4<0>;
v0x5555602d1980_0 .net/2u *"_ivl_24", 6 0, L_0x774c67951258;  1 drivers
v0x5555602d1a60_0 .net *"_ivl_26", 0 0, L_0x5555602e9f90;  1 drivers
L_0x774c679512a0 .functor BUFT 1, C4<0010011>, C4<0>, C4<0>, C4<0>;
v0x5555602d1b20_0 .net/2u *"_ivl_28", 6 0, L_0x774c679512a0;  1 drivers
v0x5555602d1c00_0 .net *"_ivl_3", 0 0, L_0x5555602d8960;  1 drivers
v0x5555602d1cc0_0 .net *"_ivl_30", 0 0, L_0x5555602ea080;  1 drivers
v0x5555602d1d80_0 .net *"_ivl_32", 0 0, L_0x5555602ea170;  1 drivers
L_0x774c679512e8 .functor BUFT 1, C4<0000011>, C4<0>, C4<0>, C4<0>;
v0x5555602d1e60_0 .net/2u *"_ivl_34", 6 0, L_0x774c679512e8;  1 drivers
v0x5555602d1f40_0 .net *"_ivl_36", 0 0, L_0x5555602ea2b0;  1 drivers
v0x5555602d2000_0 .net *"_ivl_38", 0 0, L_0x5555602ea400;  1 drivers
L_0x774c67951330 .functor BUFT 1, C4<0110111>, C4<0>, C4<0>, C4<0>;
v0x5555602d20e0_0 .net/2u *"_ivl_40", 6 0, L_0x774c67951330;  1 drivers
v0x5555602d21c0_0 .net *"_ivl_42", 0 0, L_0x5555602ea4c0;  1 drivers
L_0x774c67951378 .functor BUFT 1, C4<0000011>, C4<0>, C4<0>, C4<0>;
v0x5555602d2280_0 .net/2u *"_ivl_46", 6 0, L_0x774c67951378;  1 drivers
L_0x774c679513c0 .functor BUFT 1, C4<0110011>, C4<0>, C4<0>, C4<0>;
v0x5555602d2360_0 .net/2u *"_ivl_50", 6 0, L_0x774c679513c0;  1 drivers
L_0x774c67951408 .functor BUFT 1, C4<1100011>, C4<0>, C4<0>, C4<0>;
v0x5555602d2440_0 .net/2u *"_ivl_54", 6 0, L_0x774c67951408;  1 drivers
L_0x774c67951450 .functor BUFT 1, C4<00000000000000000001000000001000>, C4<0>, C4<0>, C4<0>;
v0x5555602d2520_0 .net/2u *"_ivl_60", 31 0, L_0x774c67951450;  1 drivers
v0x5555602d2600_0 .net *"_ivl_62", 0 0, L_0x5555602ead60;  1 drivers
v0x5555602d26c0_0 .net *"_ivl_67", 0 0, L_0x5555602eaf80;  1 drivers
v0x5555602d2780_0 .net *"_ivl_70", 31 0, L_0x5555602eb1d0;  1 drivers
L_0x774c67951498 .functor BUFT 1, C4<000000000000000000000000000>, C4<0>, C4<0>, C4<0>;
v0x5555602d2860_0 .net *"_ivl_73", 26 0, L_0x774c67951498;  1 drivers
L_0x774c679514e0 .functor BUFT 1, C4<00000000000000000000000000000000>, C4<0>, C4<0>, C4<0>;
v0x5555602d2940_0 .net/2u *"_ivl_74", 31 0, L_0x774c679514e0;  1 drivers
v0x5555602d2a20_0 .net *"_ivl_76", 0 0, L_0x5555602eb420;  1 drivers
v0x5555602d2ae0_0 .net *"_ivl_79", 0 0, L_0x5555602eb560;  1 drivers
v0x5555602d2ba0_0 .net *"_ivl_80", 0 0, L_0x5555602eb670;  1 drivers
v0x5555602d2c60_0 .net *"_ivl_83", 0 0, L_0x5555602eb7c0;  1 drivers
v0x5555602d2d20_0 .net *"_ivl_84", 31 0, L_0x5555602eb270;  1 drivers
L_0x774c67951528 .functor BUFT 1, C4<000000000000000000000000000>, C4<0>, C4<0>, C4<0>;
v0x5555602d2e00_0 .net *"_ivl_87", 26 0, L_0x774c67951528;  1 drivers
L_0x774c67951570 .functor BUFT 1, C4<00000000000000000000000000000000>, C4<0>, C4<0>, C4<0>;
v0x5555602d2ee0_0 .net/2u *"_ivl_88", 31 0, L_0x774c67951570;  1 drivers
v0x5555602d2fc0_0 .net *"_ivl_90", 0 0, L_0x5555602eb930;  1 drivers
v0x5555602d3080_0 .net *"_ivl_93", 0 0, L_0x5555602ebb30;  1 drivers
v0x5555602d3140_0 .net *"_ivl_94", 0 0, L_0x5555602ebba0;  1 drivers
v0x5555602d3200_0 .net *"_ivl_97", 0 0, L_0x5555602ebd50;  1 drivers
v0x5555602d32c0_0 .net *"_ivl_98", 31 0, L_0x5555602ebed0;  1 drivers
v0x5555602d33a0_0 .net "accel_raw_hazard", 0 0, L_0x5555602eb070;  1 drivers
v0x5555602d3460_0 .net "alu_b", 31 0, L_0x5555602efae0;  1 drivers
v0x5555602d3540_0 .net "alu_result_ex", 31 0, L_0x5555602f02d0;  1 drivers
v0x5555602d3600_0 .net "branch_rs1_val", 31 0, L_0x5555602ec870;  1 drivers
v0x5555602d36c0_0 .net "branch_rs2_val", 31 0, L_0x5555602ee290;  1 drivers
v0x5555602d37a0_0 .net "branch_taken", 0 0, L_0x5555602ee730;  1 drivers
v0x5555602d3860_0 .net "branch_target", 31 0, L_0x5555602ee900;  1 drivers
v0x5555602d3940_0 .net "clk", 0 0, v0x5555602d7ac0_0;  1 drivers
v0x5555602d39e0_0 .net "cpu_stall", 0 0, L_0x5555602a3780;  1 drivers
v0x5555602d3aa0_0 .net "dbg_accel_busy", 0 0, L_0x5555602f10c0;  alias, 1 drivers
v0x5555602d3b60_0 .net "dbg_alu", 31 0, L_0x5555602f0000;  alias, 1 drivers
v0x5555602d3c40_0 .net "dbg_dmem_load", 31 0, L_0x5555602f1440;  alias, 1 drivers
v0x5555602d3d20_0 .net "dbg_instr", 31 0, L_0x5555602acd10;  alias, 1 drivers
v0x5555602d3e00_0 .net "dbg_pc", 31 0, L_0x5555602f1cd0;  alias, 1 drivers
v0x5555602d3ee0_0 .net "dbg_r1", 31 0, L_0x5555602adbc0;  alias, 1 drivers
v0x5555602d3fa0_0 .net "dbg_r2", 31 0, L_0x5555602e98f0;  alias, 1 drivers
v0x5555602d4070_0 .net "dbg_r3", 31 0, L_0x5555602e9960;  alias, 1 drivers
v0x5555602d4140_0 .net "dbg_r4", 31 0, L_0x5555602e99d0;  alias, 1 drivers
v0x5555602d4210_0 .net "dmem_rdata", 31 0, v0x5555602c4290_0;  1 drivers
v0x5555602d42e0_0 .net "exmem_alu", 31 0, v0x5555602c4820_0;  1 drivers
v0x5555602d4380_0 .net "exmem_mem_read", 0 0, v0x5555602c4a80_0;  1 drivers
v0x5555602d4450_0 .net "exmem_mem_to_reg", 0 0, v0x5555602c4c10_0;  1 drivers
v0x5555602d44f0_0 .net "exmem_mem_write", 0 0, v0x5555602c4d90_0;  1 drivers
v0x5555602d4590_0 .net "exmem_rd", 4 0, v0x5555602c4fc0_0;  1 drivers
v0x5555602d4630_0 .net "exmem_reg_write", 0 0, v0x5555602c5160_0;  1 drivers
v0x5555602d46d0_0 .net "exmem_rs2", 31 0, v0x5555602c5300_0;  1 drivers
v0x5555602d4770_0 .net "forward_a", 1 0, v0x5555602c5b60_0;  1 drivers
v0x5555602d4860_0 .net "forward_b", 1 0, v0x5555602c5c30_0;  1 drivers
v0x5555602d4930_0 .net "forwarded_rs1", 31 0, L_0x5555602ef150;  1 drivers
v0x5555602d49f0_0 .net "forwarded_rs2", 31 0, L_0x5555602ef890;  1 drivers
v0x5555602d4ad0_0 .net "id_alu_src", 0 0, L_0x5555602eaa10;  1 drivers
v0x5555602d4ba0_0 .net "id_branch", 0 0, L_0x5555602eab50;  1 drivers
v0x5555602d4c40_0 .net "id_imm", 31 0, v0x5555602c9b20_0;  1 drivers
v0x5555602d4d00_0 .net "id_mem_read", 0 0, L_0x5555602e9c90;  1 drivers
v0x5555602d4da0_0 .net "id_mem_to_reg", 0 0, L_0x5555602ea860;  1 drivers
v0x5555602d4e70_0 .net "id_mem_write", 0 0, L_0x5555602e9e10;  1 drivers
v0x5555602d4f40_0 .net "id_opcode", 6 0, L_0x5555602d8b60;  1 drivers
v0x5555602d5010_0 .net "id_rd", 4 0, L_0x5555602d8f40;  1 drivers
v0x5555602d50e0_0 .net "id_reg_write", 0 0, L_0x5555602ea6c0;  1 drivers
v0x5555602d51b0_0 .net "id_rs1", 4 0, L_0x5555602d8ce0;  1 drivers
v0x5555602d5250_0 .net "id_rs2", 4 0, L_0x5555602d8e10;  1 drivers
v0x5555602d52f0_0 .net "idex_alu_src", 0 0, v0x5555602c72b0_0;  1 drivers
v0x5555602d53c0_0 .net "idex_flush", 0 0, v0x5555602c6460_0;  1 drivers
v0x5555602d5cc0_0 .net "idex_imm", 31 0, v0x5555602c75f0_0;  1 drivers
v0x5555602d5d60_0 .net "idex_mem_read", 0 0, v0x5555602c7790_0;  1 drivers
v0x5555602d5e00_0 .net "idex_mem_to_reg", 0 0, v0x5555602c7940_0;  1 drivers
v0x5555602d5ef0_0 .net "idex_mem_write", 0 0, v0x5555602c7a80_0;  1 drivers
v0x5555602d5fe0_0 .net "idex_opcode", 6 0, v0x5555602c7be0_0;  1 drivers
v0x5555602d6080_0 .net "idex_rd", 4 0, v0x5555602c8070_0;  1 drivers
v0x5555602d6120_0 .net "idex_reg_write", 0 0, v0x5555602c81f0_0;  1 drivers
v0x5555602d6210_0 .net "idex_rs1", 31 0, v0x5555602c84e0_0;  1 drivers
v0x5555602d62b0_0 .net "idex_rs1_addr", 4 0, v0x5555602c8290_0;  1 drivers
v0x5555602d63a0_0 .net "idex_rs2", 31 0, v0x5555602c8840_0;  1 drivers
v0x5555602d6490_0 .net "idex_rs2_addr", 4 0, v0x5555602c85a0_0;  1 drivers
v0x5555602d65a0_0 .net "ifid_flush", 0 0, L_0x5555602ee9a0;  1 drivers
v0x5555602d6640_0 .net "ifid_instr_out", 31 0, v0x5555602c93b0_0;  1 drivers
v0x5555602d6730_0 .net "ifid_pc_out", 31 0, v0x5555602c95c0_0;  1 drivers
v0x5555602d6840_0 .net "ifid_write", 0 0, v0x5555602c6970_0;  1 drivers
v0x5555602d68e0_0 .net "instr_fetched", 31 0, L_0x5555601f1070;  1 drivers
v0x5555602d69d0_0 .net "mem_rdata", 31 0, L_0x5555602f1130;  1 drivers
v0x5555602d6a90_0 .net "memwb_alu", 31 0, v0x5555602ca980_0;  1 drivers
v0x5555602d6b30_0 .net "memwb_mem", 31 0, v0x5555602cad10_0;  1 drivers
v0x5555602d6bd0_0 .net "memwb_mem_to_reg", 0 0, v0x5555602cae90_0;  1 drivers
v0x5555602d6c70_0 .net "memwb_rd", 4 0, v0x5555602cb080_0;  1 drivers
v0x5555602d6d60_0 .net "memwb_reg_write", 0 0, v0x5555602cb230_0;  1 drivers
v0x5555602d6e50_0 .net "mmul_busy", 0 0, v0x5555602cc040_0;  alias, 1 drivers
v0x5555602d6ef0_0 .net "mmul_done", 0 0, v0x5555602cc100_0;  alias, 1 drivers
v0x5555602d6f90_0 .net "mmul_rdata", 31 0, v0x5555602cc360_0;  1 drivers
v0x5555602d7030_0 .net "mmul_read_addr", 31 0, L_0x5555602eacc0;  1 drivers
v0x5555602d70d0_0 .net "mmul_result_valid", 0 0, v0x5555602cc1c0_0;  1 drivers
v0x5555602d71a0_0 .net "mmul_sel", 0 0, L_0x5555602f0930;  1 drivers
v0x5555602d7240_0 .var "pc_reg", 31 0;
v0x5555602d7330_0 .net "pc_write", 0 0, v0x5555602c6a30_0;  1 drivers
v0x5555602d73d0_0 .net "reading_mmul_result", 0 0, L_0x5555602ea9a0;  1 drivers
v0x5555602d7470_0 .net "rf_rs1_data", 31 0, L_0x5555602e9220;  1 drivers
v0x5555602d7580_0 .net "rf_rs2_data", 31 0, L_0x5555602e9710;  1 drivers
v0x5555602d7690_0 .net "rst", 0 0, v0x5555602d8650_0;  1 drivers
v0x5555602d7730_0 .net "wb_data", 31 0, L_0x5555602f1950;  1 drivers
v0x5555602d77f0_0 .net "wb_rd", 4 0, L_0x5555602f1770;  1 drivers
v0x5555602d7890_0 .net "wb_we", 0 0, L_0x5555602f16b0;  1 drivers
E_0x55556018c7e0 .event anyedge, v0x5555602c49e0_0, v0x5555602d4930_0, v0x5555602c75f0_0, v0x5555602d3460_0;
E_0x5555602ae1f0/0 .event anyedge, v0x5555602d4ba0_0, v0x5555602c6a30_0, v0x5555602d3600_0, v0x5555602d36c0_0;
E_0x5555602ae1f0/1 .event anyedge, v0x5555602d37a0_0;
E_0x5555602ae1f0 .event/or E_0x5555602ae1f0/0, E_0x5555602ae1f0/1;
E_0x5555602b7aa0 .event anyedge, v0x5555602d33a0_0;
L_0x5555602d8960 .reduce/nor L_0x5555602a3780;
L_0x5555602d8b60 .part v0x5555602c93b0_0, 0, 7;
L_0x5555602d8ce0 .part v0x5555602c93b0_0, 15, 5;
L_0x5555602d8e10 .part v0x5555602c93b0_0, 20, 5;
L_0x5555602d8f40 .part v0x5555602c93b0_0, 7, 5;
L_0x5555602e9c90 .cmp/eq 7, L_0x5555602d8b60, L_0x774c679511c8;
L_0x5555602e9e10 .cmp/eq 7, L_0x5555602d8b60, L_0x774c67951210;
L_0x5555602e9f90 .cmp/eq 7, L_0x5555602d8b60, L_0x774c67951258;
L_0x5555602ea080 .cmp/eq 7, L_0x5555602d8b60, L_0x774c679512a0;
L_0x5555602ea2b0 .cmp/eq 7, L_0x5555602d8b60, L_0x774c679512e8;
L_0x5555602ea4c0 .cmp/eq 7, L_0x5555602d8b60, L_0x774c67951330;
L_0x5555602ea860 .cmp/eq 7, L_0x5555602d8b60, L_0x774c67951378;
L_0x5555602eaa10 .cmp/ne 7, L_0x5555602d8b60, L_0x774c679513c0;
L_0x5555602eab50 .cmp/eq 7, L_0x5555602d8b60, L_0x774c67951408;
L_0x5555602eacc0 .arith/sum 32, L_0x5555602ec870, v0x5555602c9b20_0;
L_0x5555602ead60 .cmp/eq 32, L_0x5555602eacc0, L_0x774c67951450;
L_0x5555602eaf80 .reduce/nor v0x5555602cc1c0_0;
L_0x5555602eb1d0 .concat [ 5 27 0 0], v0x5555602c4fc0_0, L_0x774c67951498;
L_0x5555602eb420 .cmp/ne 32, L_0x5555602eb1d0, L_0x774c679514e0;
L_0x5555602eb670 .cmp/eq 5, v0x5555602c4fc0_0, L_0x5555602d8ce0;
L_0x5555602eb270 .concat [ 5 27 0 0], v0x5555602c4fc0_0, L_0x774c67951528;
L_0x5555602eb930 .cmp/ne 32, L_0x5555602eb270, L_0x774c67951570;
L_0x5555602ebba0 .cmp/eq 5, v0x5555602c4fc0_0, L_0x5555602d8ce0;
L_0x5555602ebed0 .concat [ 5 27 0 0], v0x5555602cb080_0, L_0x774c679515b8;
L_0x5555602ec090 .cmp/ne 32, L_0x5555602ebed0, L_0x774c67951600;
L_0x5555602ec290 .cmp/eq 5, v0x5555602cb080_0, L_0x5555602d8ce0;
L_0x5555602ec550 .functor MUXZ 32, L_0x5555602e9220, L_0x5555602f1950, L_0x5555602ec410, C4<>;
L_0x5555602ec640 .functor MUXZ 32, L_0x5555602ec550, v0x5555602c4820_0, L_0x5555602ebd50, C4<>;
L_0x5555602ec870 .functor MUXZ 32, L_0x5555602ec640, v0x5555602c4290_0, L_0x5555602eb7c0, C4<>;
L_0x5555602eca50 .concat [ 5 27 0 0], v0x5555602c4fc0_0, L_0x774c67951648;
L_0x5555602ecd50 .cmp/ne 32, L_0x5555602eca50, L_0x774c67951690;
L_0x5555602ecee0 .cmp/eq 5, v0x5555602c4fc0_0, L_0x5555602d8e10;
L_0x5555602ed230 .concat [ 5 27 0 0], v0x5555602c4fc0_0, L_0x774c679516d8;
L_0x5555602ed320 .cmp/ne 32, L_0x5555602ed230, L_0x774c67951720;
L_0x5555602ed640 .cmp/eq 5, v0x5555602c4fc0_0, L_0x5555602d8e10;
L_0x5555602ed890 .concat [ 5 27 0 0], v0x5555602cb080_0, L_0x774c67951768;
L_0x5555602edab0 .cmp/ne 32, L_0x5555602ed890, L_0x774c679517b0;
L_0x5555602edc60 .cmp/eq 5, v0x5555602cb080_0, L_0x5555602d8e10;
L_0x5555602ed7f0 .functor MUXZ 32, L_0x5555602e9710, L_0x5555602f1950, L_0x5555602ede40, C4<>;
L_0x5555602ee050 .functor MUXZ 32, L_0x5555602ed7f0, v0x5555602c4820_0, L_0x5555602ed6e0, C4<>;
L_0x5555602ee290 .functor MUXZ 32, L_0x5555602ee050, v0x5555602c4290_0, L_0x5555602ed090, C4<>;
L_0x5555602ee4e0 .cmp/eq 32, L_0x5555602ec870, L_0x5555602ee290;
L_0x5555602ee900 .arith/sum 32, v0x5555602c95c0_0, v0x5555602c9b20_0;
L_0x5555602eea60 .cmp/eq 2, v0x5555602c5b60_0, L_0x774c679517f8;
L_0x5555602eed10 .cmp/eq 2, v0x5555602c5b60_0, L_0x774c67951840;
L_0x5555602eee00 .functor MUXZ 32, v0x5555602c84e0_0, L_0x5555602f1950, L_0x5555602eed10, C4<>;
L_0x5555602ef150 .functor MUXZ 32, L_0x5555602eee00, v0x5555602c4820_0, L_0x5555602eea60, C4<>;
L_0x5555602ef240 .cmp/eq 2, v0x5555602c5c30_0, L_0x774c67951888;
L_0x5555602ef510 .cmp/eq 2, v0x5555602c5c30_0, L_0x774c679518d0;
L_0x5555602ef600 .functor MUXZ 32, v0x5555602c8840_0, L_0x5555602f1950, L_0x5555602ef510, C4<>;
L_0x5555602ef890 .functor MUXZ 32, L_0x5555602ef600, v0x5555602c4820_0, L_0x5555602ef240, C4<>;
L_0x5555602efae0 .functor MUXZ 32, L_0x5555602ef890, v0x5555602c75f0_0, v0x5555602c72b0_0, C4<>;
L_0x5555602efe20 .cmp/eq 7, v0x5555602c7be0_0, L_0x774c67951918;
L_0x5555602eff60 .arith/sum 32, L_0x5555602ef150, L_0x5555602efae0;
L_0x5555602f02d0 .functor MUXZ 32, L_0x5555602eff60, v0x5555602c75f0_0, L_0x5555602efe20, C4<>;
L_0x5555602f0580 .cmp/ge 32, v0x5555602c4820_0, L_0x774c67951960;
L_0x5555602f0840 .cmp/gt 32, L_0x774c679519a8, v0x5555602c4820_0;
L_0x5555602f1130 .functor MUXZ 32, v0x5555602c4290_0, v0x5555602cc360_0, L_0x5555602f0930, C4<>;
L_0x5555602f1610 .reduce/nor L_0x5555602a3780;
L_0x5555602f1950 .functor MUXZ 32, v0x5555602ca980_0, v0x5555602cad10_0, v0x5555602cae90_0, C4<>;
S_0x5555602b7b00 .scope module, "dmem" "data_memory" 6 338, 7 2 0, S_0x5555602b7670;
 .timescale -9 -12;
    .port_info 0 /INPUT 1 "clk";
    .port_info 1 /INPUT 1 "mem_read";
    .port_info 2 /INPUT 1 "mem_write";
    .port_info 3 /INPUT 32 "addr";
    .port_info 4 /INPUT 32 "write_data";
    .port_info 5 /OUTPUT 32 "read_data";
v0x5555602b9ea0_0 .net "addr", 31 0, v0x5555602c4820_0;  alias, 1 drivers
v0x5555602b9fa0_0 .net "clk", 0 0, v0x5555602d7ac0_0;  alias, 1 drivers
v0x5555602ba060 .array "mem", 1023 0, 31 0;
v0x5555602c4110_0 .net "mem_read", 0 0, L_0x5555602f0be0;  1 drivers
v0x5555602c41d0_0 .net "mem_write", 0 0, L_0x5555602f0db0;  1 drivers
v0x5555602c4290_0 .var "read_data", 31 0;
v0x5555602c4370_0 .net "write_data", 31 0, v0x5555602c5300_0;  alias, 1 drivers
v0x5555602ba060_0 .array/port v0x5555602ba060, 0;
v0x5555602ba060_1 .array/port v0x5555602ba060, 1;
E_0x5555602b7dc0/0 .event anyedge, v0x5555602c4110_0, v0x5555602b9ea0_0, v0x5555602ba060_0, v0x5555602ba060_1;
v0x5555602ba060_2 .array/port v0x5555602ba060, 2;
v0x5555602ba060_3 .array/port v0x5555602ba060, 3;
v0x5555602ba060_4 .array/port v0x5555602ba060, 4;
v0x5555602ba060_5 .array/port v0x5555602ba060, 5;
E_0x5555602b7dc0/1 .event anyedge, v0x5555602ba060_2, v0x5555602ba060_3, v0x5555602ba060_4, v0x5555602ba060_5;
v0x5555602ba060_6 .array/port v0x5555602ba060, 6;
v0x5555602ba060_7 .array/port v0x5555602ba060, 7;
v0x5555602ba060_8 .array/port v0x5555602ba060, 8;
v0x5555602ba060_9 .array/port v0x5555602ba060, 9;
E_0x5555602b7dc0/2 .event anyedge, v0x5555602ba060_6, v0x5555602ba060_7, v0x5555602ba060_8, v0x5555602ba060_9;
v0x5555602ba060_10 .array/port v0x5555602ba060, 10;
v0x5555602ba060_11 .array/port v0x5555602ba060, 11;
v0x5555602ba060_12 .array/port v0x5555602ba060, 12;
v0x5555602ba060_13 .array/port v0x5555602ba060, 13;
E_0x5555602b7dc0/3 .event anyedge, v0x5555602ba060_10, v0x5555602ba060_11, v0x5555602ba060_12, v0x5555602ba060_13;
v0x5555602ba060_14 .array/port v0x5555602ba060, 14;
v0x5555602ba060_15 .array/port v0x5555602ba060, 15;
v0x5555602ba060_16 .array/port v0x5555602ba060, 16;
v0x5555602ba060_17 .array/port v0x5555602ba060, 17;
E_0x5555602b7dc0/4 .event anyedge, v0x5555602ba060_14, v0x5555602ba060_15, v0x5555602ba060_16, v0x5555602ba060_17;
v0x5555602ba060_18 .array/port v0x5555602ba060, 18;
v0x5555602ba060_19 .array/port v0x5555602ba060, 19;
v0x5555602ba060_20 .array/port v0x5555602ba060, 20;
v0x5555602ba060_21 .array/port v0x5555602ba060, 21;
E_0x5555602b7dc0/5 .event anyedge, v0x5555602ba060_18, v0x5555602ba060_19, v0x5555602ba060_20, v0x5555602ba060_21;
v0x5555602ba060_22 .array/port v0x5555602ba060, 22;
v0x5555602ba060_23 .array/port v0x5555602ba060, 23;
v0x5555602ba060_24 .array/port v0x5555602ba060, 24;
v0x5555602ba060_25 .array/port v0x5555602ba060, 25;
E_0x5555602b7dc0/6 .event anyedge, v0x5555602ba060_22, v0x5555602ba060_23, v0x5555602ba060_24, v0x5555602ba060_25;
v0x5555602ba060_26 .array/port v0x5555602ba060, 26;
v0x5555602ba060_27 .array/port v0x5555602ba060, 27;
v0x5555602ba060_28 .array/port v0x5555602ba060, 28;
v0x5555602ba060_29 .array/port v0x5555602ba060, 29;
E_0x5555602b7dc0/7 .event anyedge, v0x5555602ba060_26, v0x5555602ba060_27, v0x5555602ba060_28, v0x5555602ba060_29;
v0x5555602ba060_30 .array/port v0x5555602ba060, 30;
v0x5555602ba060_31 .array/port v0x5555602ba060, 31;
v0x5555602ba060_32 .array/port v0x5555602ba060, 32;
v0x5555602ba060_33 .array/port v0x5555602ba060, 33;
E_0x5555602b7dc0/8 .event anyedge, v0x5555602ba060_30, v0x5555602ba060_31, v0x5555602ba060_32, v0x5555602ba060_33;
v0x5555602ba060_34 .array/port v0x5555602ba060, 34;
v0x5555602ba060_35 .array/port v0x5555602ba060, 35;
v0x5555602ba060_36 .array/port v0x5555602ba060, 36;
v0x5555602ba060_37 .array/port v0x5555602ba060, 37;
E_0x5555602b7dc0/9 .event anyedge, v0x5555602ba060_34, v0x5555602ba060_35, v0x5555602ba060_36, v0x5555602ba060_37;
v0x5555602ba060_38 .array/port v0x5555602ba060, 38;
v0x5555602ba060_39 .array/port v0x5555602ba060, 39;
v0x5555602ba060_40 .array/port v0x5555602ba060, 40;
v0x5555602ba060_41 .array/port v0x5555602ba060, 41;
E_0x5555602b7dc0/10 .event anyedge, v0x5555602ba060_38, v0x5555602ba060_39, v0x5555602ba060_40, v0x5555602ba060_41;
v0x5555602ba060_42 .array/port v0x5555602ba060, 42;
v0x5555602ba060_43 .array/port v0x5555602ba060, 43;
v0x5555602ba060_44 .array/port v0x5555602ba060, 44;
v0x5555602ba060_45 .array/port v0x5555602ba060, 45;
E_0x5555602b7dc0/11 .event anyedge, v0x5555602ba060_42, v0x5555602ba060_43, v0x5555602ba060_44, v0x5555602ba060_45;
v0x5555602ba060_46 .array/port v0x5555602ba060, 46;
v0x5555602ba060_47 .array/port v0x5555602ba060, 47;
v0x5555602ba060_48 .array/port v0x5555602ba060, 48;
v0x5555602ba060_49 .array/port v0x5555602ba060, 49;
E_0x5555602b7dc0/12 .event anyedge, v0x5555602ba060_46, v0x5555602ba060_47, v0x5555602ba060_48, v0x5555602ba060_49;
v0x5555602ba060_50 .array/port v0x5555602ba060, 50;
v0x5555602ba060_51 .array/port v0x5555602ba060, 51;
v0x5555602ba060_52 .array/port v0x5555602ba060, 52;
v0x5555602ba060_53 .array/port v0x5555602ba060, 53;
E_0x5555602b7dc0/13 .event anyedge, v0x5555602ba060_50, v0x5555602ba060_51, v0x5555602ba060_52, v0x5555602ba060_53;
v0x5555602ba060_54 .array/port v0x5555602ba060, 54;
v0x5555602ba060_55 .array/port v0x5555602ba060, 55;
v0x5555602ba060_56 .array/port v0x5555602ba060, 56;
v0x5555602ba060_57 .array/port v0x5555602ba060, 57;
E_0x5555602b7dc0/14 .event anyedge, v0x5555602ba060_54, v0x5555602ba060_55, v0x5555602ba060_56, v0x5555602ba060_57;
v0x5555602ba060_58 .array/port v0x5555602ba060, 58;
v0x5555602ba060_59 .array/port v0x5555602ba060, 59;
v0x5555602ba060_60 .array/port v0x5555602ba060, 60;
v0x5555602ba060_61 .array/port v0x5555602ba060, 61;
E_0x5555602b7dc0/15 .event anyedge, v0x5555602ba060_58, v0x5555602ba060_59, v0x5555602ba060_60, v0x5555602ba060_61;
v0x5555602ba060_62 .array/port v0x5555602ba060, 62;
v0x5555602ba060_63 .array/port v0x5555602ba060, 63;
v0x5555602ba060_64 .array/port v0x5555602ba060, 64;
v0x5555602ba060_65 .array/port v0x5555602ba060, 65;
E_0x5555602b7dc0/16 .event anyedge, v0x5555602ba060_62, v0x5555602ba060_63, v0x5555602ba060_64, v0x5555602ba060_65;
v0x5555602ba060_66 .array/port v0x5555602ba060, 66;
v0x5555602ba060_67 .array/port v0x5555602ba060, 67;
v0x5555602ba060_68 .array/port v0x5555602ba060, 68;
v0x5555602ba060_69 .array/port v0x5555602ba060, 69;
E_0x5555602b7dc0/17 .event anyedge, v0x5555602ba060_66, v0x5555602ba060_67, v0x5555602ba060_68, v0x5555602ba060_69;
v0x5555602ba060_70 .array/port v0x5555602ba060, 70;
v0x5555602ba060_71 .array/port v0x5555602ba060, 71;
v0x5555602ba060_72 .array/port v0x5555602ba060, 72;
v0x5555602ba060_73 .array/port v0x5555602ba060, 73;
E_0x5555602b7dc0/18 .event anyedge, v0x5555602ba060_70, v0x5555602ba060_71, v0x5555602ba060_72, v0x5555602ba060_73;
v0x5555602ba060_74 .array/port v0x5555602ba060, 74;
v0x5555602ba060_75 .array/port v0x5555602ba060, 75;
v0x5555602ba060_76 .array/port v0x5555602ba060, 76;
v0x5555602ba060_77 .array/port v0x5555602ba060, 77;
E_0x5555602b7dc0/19 .event anyedge, v0x5555602ba060_74, v0x5555602ba060_75, v0x5555602ba060_76, v0x5555602ba060_77;
v0x5555602ba060_78 .array/port v0x5555602ba060, 78;
v0x5555602ba060_79 .array/port v0x5555602ba060, 79;
v0x5555602ba060_80 .array/port v0x5555602ba060, 80;
v0x5555602ba060_81 .array/port v0x5555602ba060, 81;
E_0x5555602b7dc0/20 .event anyedge, v0x5555602ba060_78, v0x5555602ba060_79, v0x5555602ba060_80, v0x5555602ba060_81;
v0x5555602ba060_82 .array/port v0x5555602ba060, 82;
v0x5555602ba060_83 .array/port v0x5555602ba060, 83;
v0x5555602ba060_84 .array/port v0x5555602ba060, 84;
v0x5555602ba060_85 .array/port v0x5555602ba060, 85;
E_0x5555602b7dc0/21 .event anyedge, v0x5555602ba060_82, v0x5555602ba060_83, v0x5555602ba060_84, v0x5555602ba060_85;
v0x5555602ba060_86 .array/port v0x5555602ba060, 86;
v0x5555602ba060_87 .array/port v0x5555602ba060, 87;
v0x5555602ba060_88 .array/port v0x5555602ba060, 88;
v0x5555602ba060_89 .array/port v0x5555602ba060, 89;
E_0x5555602b7dc0/22 .event anyedge, v0x5555602ba060_86, v0x5555602ba060_87, v0x5555602ba060_88, v0x5555602ba060_89;
v0x5555602ba060_90 .array/port v0x5555602ba060, 90;
v0x5555602ba060_91 .array/port v0x5555602ba060, 91;
v0x5555602ba060_92 .array/port v0x5555602ba060, 92;
v0x5555602ba060_93 .array/port v0x5555602ba060, 93;
E_0x5555602b7dc0/23 .event anyedge, v0x5555602ba060_90, v0x5555602ba060_91, v0x5555602ba060_92, v0x5555602ba060_93;
v0x5555602ba060_94 .array/port v0x5555602ba060, 94;
v0x5555602ba060_95 .array/port v0x5555602ba060, 95;
v0x5555602ba060_96 .array/port v0x5555602ba060, 96;
v0x5555602ba060_97 .array/port v0x5555602ba060, 97;
E_0x5555602b7dc0/24 .event anyedge, v0x5555602ba060_94, v0x5555602ba060_95, v0x5555602ba060_96, v0x5555602ba060_97;
v0x5555602ba060_98 .array/port v0x5555602ba060, 98;
v0x5555602ba060_99 .array/port v0x5555602ba060, 99;
v0x5555602ba060_100 .array/port v0x5555602ba060, 100;
v0x5555602ba060_101 .array/port v0x5555602ba060, 101;
E_0x5555602b7dc0/25 .event anyedge, v0x5555602ba060_98, v0x5555602ba060_99, v0x5555602ba060_100, v0x5555602ba060_101;
v0x5555602ba060_102 .array/port v0x5555602ba060, 102;
v0x5555602ba060_103 .array/port v0x5555602ba060, 103;
v0x5555602ba060_104 .array/port v0x5555602ba060, 104;
v0x5555602ba060_105 .array/port v0x5555602ba060, 105;
E_0x5555602b7dc0/26 .event anyedge, v0x5555602ba060_102, v0x5555602ba060_103, v0x5555602ba060_104, v0x5555602ba060_105;
v0x5555602ba060_106 .array/port v0x5555602ba060, 106;
v0x5555602ba060_107 .array/port v0x5555602ba060, 107;
v0x5555602ba060_108 .array/port v0x5555602ba060, 108;
v0x5555602ba060_109 .array/port v0x5555602ba060, 109;
E_0x5555602b7dc0/27 .event anyedge, v0x5555602ba060_106, v0x5555602ba060_107, v0x5555602ba060_108, v0x5555602ba060_109;
v0x5555602ba060_110 .array/port v0x5555602ba060, 110;
v0x5555602ba060_111 .array/port v0x5555602ba060, 111;
v0x5555602ba060_112 .array/port v0x5555602ba060, 112;
v0x5555602ba060_113 .array/port v0x5555602ba060, 113;
E_0x5555602b7dc0/28 .event anyedge, v0x5555602ba060_110, v0x5555602ba060_111, v0x5555602ba060_112, v0x5555602ba060_113;
v0x5555602ba060_114 .array/port v0x5555602ba060, 114;
v0x5555602ba060_115 .array/port v0x5555602ba060, 115;
v0x5555602ba060_116 .array/port v0x5555602ba060, 116;
v0x5555602ba060_117 .array/port v0x5555602ba060, 117;
E_0x5555602b7dc0/29 .event anyedge, v0x5555602ba060_114, v0x5555602ba060_115, v0x5555602ba060_116, v0x5555602ba060_117;
v0x5555602ba060_118 .array/port v0x5555602ba060, 118;
v0x5555602ba060_119 .array/port v0x5555602ba060, 119;
v0x5555602ba060_120 .array/port v0x5555602ba060, 120;
v0x5555602ba060_121 .array/port v0x5555602ba060, 121;
E_0x5555602b7dc0/30 .event anyedge, v0x5555602ba060_118, v0x5555602ba060_119, v0x5555602ba060_120, v0x5555602ba060_121;
v0x5555602ba060_122 .array/port v0x5555602ba060, 122;
v0x5555602ba060_123 .array/port v0x5555602ba060, 123;
v0x5555602ba060_124 .array/port v0x5555602ba060, 124;
v0x5555602ba060_125 .array/port v0x5555602ba060, 125;
E_0x5555602b7dc0/31 .event anyedge, v0x5555602ba060_122, v0x5555602ba060_123, v0x5555602ba060_124, v0x5555602ba060_125;
v0x5555602ba060_126 .array/port v0x5555602ba060, 126;
v0x5555602ba060_127 .array/port v0x5555602ba060, 127;
v0x5555602ba060_128 .array/port v0x5555602ba060, 128;
v0x5555602ba060_129 .array/port v0x5555602ba060, 129;
E_0x5555602b7dc0/32 .event anyedge, v0x5555602ba060_126, v0x5555602ba060_127, v0x5555602ba060_128, v0x5555602ba060_129;
v0x5555602ba060_130 .array/port v0x5555602ba060, 130;
v0x5555602ba060_131 .array/port v0x5555602ba060, 131;
v0x5555602ba060_132 .array/port v0x5555602ba060, 132;
v0x5555602ba060_133 .array/port v0x5555602ba060, 133;
E_0x5555602b7dc0/33 .event anyedge, v0x5555602ba060_130, v0x5555602ba060_131, v0x5555602ba060_132, v0x5555602ba060_133;
v0x5555602ba060_134 .array/port v0x5555602ba060, 134;
v0x5555602ba060_135 .array/port v0x5555602ba060, 135;
v0x5555602ba060_136 .array/port v0x5555602ba060, 136;
v0x5555602ba060_137 .array/port v0x5555602ba060, 137;
E_0x5555602b7dc0/34 .event anyedge, v0x5555602ba060_134, v0x5555602ba060_135, v0x5555602ba060_136, v0x5555602ba060_137;
v0x5555602ba060_138 .array/port v0x5555602ba060, 138;
v0x5555602ba060_139 .array/port v0x5555602ba060, 139;
v0x5555602ba060_140 .array/port v0x5555602ba060, 140;
v0x5555602ba060_141 .array/port v0x5555602ba060, 141;
E_0x5555602b7dc0/35 .event anyedge, v0x5555602ba060_138, v0x5555602ba060_139, v0x5555602ba060_140, v0x5555602ba060_141;
v0x5555602ba060_142 .array/port v0x5555602ba060, 142;
v0x5555602ba060_143 .array/port v0x5555602ba060, 143;
v0x5555602ba060_144 .array/port v0x5555602ba060, 144;
v0x5555602ba060_145 .array/port v0x5555602ba060, 145;
E_0x5555602b7dc0/36 .event anyedge, v0x5555602ba060_142, v0x5555602ba060_143, v0x5555602ba060_144, v0x5555602ba060_145;
v0x5555602ba060_146 .array/port v0x5555602ba060, 146;
v0x5555602ba060_147 .array/port v0x5555602ba060, 147;
v0x5555602ba060_148 .array/port v0x5555602ba060, 148;
v0x5555602ba060_149 .array/port v0x5555602ba060, 149;
E_0x5555602b7dc0/37 .event anyedge, v0x5555602ba060_146, v0x5555602ba060_147, v0x5555602ba060_148, v0x5555602ba060_149;
v0x5555602ba060_150 .array/port v0x5555602ba060, 150;
v0x5555602ba060_151 .array/port v0x5555602ba060, 151;
v0x5555602ba060_152 .array/port v0x5555602ba060, 152;
v0x5555602ba060_153 .array/port v0x5555602ba060, 153;
E_0x5555602b7dc0/38 .event anyedge, v0x5555602ba060_150, v0x5555602ba060_151, v0x5555602ba060_152, v0x5555602ba060_153;
v0x5555602ba060_154 .array/port v0x5555602ba060, 154;
v0x5555602ba060_155 .array/port v0x5555602ba060, 155;
v0x5555602ba060_156 .array/port v0x5555602ba060, 156;
v0x5555602ba060_157 .array/port v0x5555602ba060, 157;
E_0x5555602b7dc0/39 .event anyedge, v0x5555602ba060_154, v0x5555602ba060_155, v0x5555602ba060_156, v0x5555602ba060_157;
v0x5555602ba060_158 .array/port v0x5555602ba060, 158;
v0x5555602ba060_159 .array/port v0x5555602ba060, 159;
v0x5555602ba060_160 .array/port v0x5555602ba060, 160;
v0x5555602ba060_161 .array/port v0x5555602ba060, 161;
E_0x5555602b7dc0/40 .event anyedge, v0x5555602ba060_158, v0x5555602ba060_159, v0x5555602ba060_160, v0x5555602ba060_161;
v0x5555602ba060_162 .array/port v0x5555602ba060, 162;
v0x5555602ba060_163 .array/port v0x5555602ba060, 163;
v0x5555602ba060_164 .array/port v0x5555602ba060, 164;
v0x5555602ba060_165 .array/port v0x5555602ba060, 165;
E_0x5555602b7dc0/41 .event anyedge, v0x5555602ba060_162, v0x5555602ba060_163, v0x5555602ba060_164, v0x5555602ba060_165;
v0x5555602ba060_166 .array/port v0x5555602ba060, 166;
v0x5555602ba060_167 .array/port v0x5555602ba060, 167;
v0x5555602ba060_168 .array/port v0x5555602ba060, 168;
v0x5555602ba060_169 .array/port v0x5555602ba060, 169;
E_0x5555602b7dc0/42 .event anyedge, v0x5555602ba060_166, v0x5555602ba060_167, v0x5555602ba060_168, v0x5555602ba060_169;
v0x5555602ba060_170 .array/port v0x5555602ba060, 170;
v0x5555602ba060_171 .array/port v0x5555602ba060, 171;
v0x5555602ba060_172 .array/port v0x5555602ba060, 172;
v0x5555602ba060_173 .array/port v0x5555602ba060, 173;
E_0x5555602b7dc0/43 .event anyedge, v0x5555602ba060_170, v0x5555602ba060_171, v0x5555602ba060_172, v0x5555602ba060_173;
v0x5555602ba060_174 .array/port v0x5555602ba060, 174;
v0x5555602ba060_175 .array/port v0x5555602ba060, 175;
v0x5555602ba060_176 .array/port v0x5555602ba060, 176;
v0x5555602ba060_177 .array/port v0x5555602ba060, 177;
E_0x5555602b7dc0/44 .event anyedge, v0x5555602ba060_174, v0x5555602ba060_175, v0x5555602ba060_176, v0x5555602ba060_177;
v0x5555602ba060_178 .array/port v0x5555602ba060, 178;
v0x5555602ba060_179 .array/port v0x5555602ba060, 179;
v0x5555602ba060_180 .array/port v0x5555602ba060, 180;
v0x5555602ba060_181 .array/port v0x5555602ba060, 181;
E_0x5555602b7dc0/45 .event anyedge, v0x5555602ba060_178, v0x5555602ba060_179, v0x5555602ba060_180, v0x5555602ba060_181;
v0x5555602ba060_182 .array/port v0x5555602ba060, 182;
v0x5555602ba060_183 .array/port v0x5555602ba060, 183;
v0x5555602ba060_184 .array/port v0x5555602ba060, 184;
v0x5555602ba060_185 .array/port v0x5555602ba060, 185;
E_0x5555602b7dc0/46 .event anyedge, v0x5555602ba060_182, v0x5555602ba060_183, v0x5555602ba060_184, v0x5555602ba060_185;
v0x5555602ba060_186 .array/port v0x5555602ba060, 186;
v0x5555602ba060_187 .array/port v0x5555602ba060, 187;
v0x5555602ba060_188 .array/port v0x5555602ba060, 188;
v0x5555602ba060_189 .array/port v0x5555602ba060, 189;
E_0x5555602b7dc0/47 .event anyedge, v0x5555602ba060_186, v0x5555602ba060_187, v0x5555602ba060_188, v0x5555602ba060_189;
v0x5555602ba060_190 .array/port v0x5555602ba060, 190;
v0x5555602ba060_191 .array/port v0x5555602ba060, 191;
v0x5555602ba060_192 .array/port v0x5555602ba060, 192;
v0x5555602ba060_193 .array/port v0x5555602ba060, 193;
E_0x5555602b7dc0/48 .event anyedge, v0x5555602ba060_190, v0x5555602ba060_191, v0x5555602ba060_192, v0x5555602ba060_193;
v0x5555602ba060_194 .array/port v0x5555602ba060, 194;
v0x5555602ba060_195 .array/port v0x5555602ba060, 195;
v0x5555602ba060_196 .array/port v0x5555602ba060, 196;
v0x5555602ba060_197 .array/port v0x5555602ba060, 197;
E_0x5555602b7dc0/49 .event anyedge, v0x5555602ba060_194, v0x5555602ba060_195, v0x5555602ba060_196, v0x5555602ba060_197;
v0x5555602ba060_198 .array/port v0x5555602ba060, 198;
v0x5555602ba060_199 .array/port v0x5555602ba060, 199;
v0x5555602ba060_200 .array/port v0x5555602ba060, 200;
v0x5555602ba060_201 .array/port v0x5555602ba060, 201;
E_0x5555602b7dc0/50 .event anyedge, v0x5555602ba060_198, v0x5555602ba060_199, v0x5555602ba060_200, v0x5555602ba060_201;
v0x5555602ba060_202 .array/port v0x5555602ba060, 202;
v0x5555602ba060_203 .array/port v0x5555602ba060, 203;
v0x5555602ba060_204 .array/port v0x5555602ba060, 204;
v0x5555602ba060_205 .array/port v0x5555602ba060, 205;
E_0x5555602b7dc0/51 .event anyedge, v0x5555602ba060_202, v0x5555602ba060_203, v0x5555602ba060_204, v0x5555602ba060_205;
v0x5555602ba060_206 .array/port v0x5555602ba060, 206;
v0x5555602ba060_207 .array/port v0x5555602ba060, 207;
v0x5555602ba060_208 .array/port v0x5555602ba060, 208;
v0x5555602ba060_209 .array/port v0x5555602ba060, 209;
E_0x5555602b7dc0/52 .event anyedge, v0x5555602ba060_206, v0x5555602ba060_207, v0x5555602ba060_208, v0x5555602ba060_209;
v0x5555602ba060_210 .array/port v0x5555602ba060, 210;
v0x5555602ba060_211 .array/port v0x5555602ba060, 211;
v0x5555602ba060_212 .array/port v0x5555602ba060, 212;
v0x5555602ba060_213 .array/port v0x5555602ba060, 213;
E_0x5555602b7dc0/53 .event anyedge, v0x5555602ba060_210, v0x5555602ba060_211, v0x5555602ba060_212, v0x5555602ba060_213;
v0x5555602ba060_214 .array/port v0x5555602ba060, 214;
v0x5555602ba060_215 .array/port v0x5555602ba060, 215;
v0x5555602ba060_216 .array/port v0x5555602ba060, 216;
v0x5555602ba060_217 .array/port v0x5555602ba060, 217;
E_0x5555602b7dc0/54 .event anyedge, v0x5555602ba060_214, v0x5555602ba060_215, v0x5555602ba060_216, v0x5555602ba060_217;
v0x5555602ba060_218 .array/port v0x5555602ba060, 218;
v0x5555602ba060_219 .array/port v0x5555602ba060, 219;
v0x5555602ba060_220 .array/port v0x5555602ba060, 220;
v0x5555602ba060_221 .array/port v0x5555602ba060, 221;
E_0x5555602b7dc0/55 .event anyedge, v0x5555602ba060_218, v0x5555602ba060_219, v0x5555602ba060_220, v0x5555602ba060_221;
v0x5555602ba060_222 .array/port v0x5555602ba060, 222;
v0x5555602ba060_223 .array/port v0x5555602ba060, 223;
v0x5555602ba060_224 .array/port v0x5555602ba060, 224;
v0x5555602ba060_225 .array/port v0x5555602ba060, 225;
E_0x5555602b7dc0/56 .event anyedge, v0x5555602ba060_222, v0x5555602ba060_223, v0x5555602ba060_224, v0x5555602ba060_225;
v0x5555602ba060_226 .array/port v0x5555602ba060, 226;
v0x5555602ba060_227 .array/port v0x5555602ba060, 227;
v0x5555602ba060_228 .array/port v0x5555602ba060, 228;
v0x5555602ba060_229 .array/port v0x5555602ba060, 229;
E_0x5555602b7dc0/57 .event anyedge, v0x5555602ba060_226, v0x5555602ba060_227, v0x5555602ba060_228, v0x5555602ba060_229;
v0x5555602ba060_230 .array/port v0x5555602ba060, 230;
v0x5555602ba060_231 .array/port v0x5555602ba060, 231;
v0x5555602ba060_232 .array/port v0x5555602ba060, 232;
v0x5555602ba060_233 .array/port v0x5555602ba060, 233;
E_0x5555602b7dc0/58 .event anyedge, v0x5555602ba060_230, v0x5555602ba060_231, v0x5555602ba060_232, v0x5555602ba060_233;
v0x5555602ba060_234 .array/port v0x5555602ba060, 234;
v0x5555602ba060_235 .array/port v0x5555602ba060, 235;
v0x5555602ba060_236 .array/port v0x5555602ba060, 236;
v0x5555602ba060_237 .array/port v0x5555602ba060, 237;
E_0x5555602b7dc0/59 .event anyedge, v0x5555602ba060_234, v0x5555602ba060_235, v0x5555602ba060_236, v0x5555602ba060_237;
v0x5555602ba060_238 .array/port v0x5555602ba060, 238;
v0x5555602ba060_239 .array/port v0x5555602ba060, 239;
v0x5555602ba060_240 .array/port v0x5555602ba060, 240;
v0x5555602ba060_241 .array/port v0x5555602ba060, 241;
E_0x5555602b7dc0/60 .event anyedge, v0x5555602ba060_238, v0x5555602ba060_239, v0x5555602ba060_240, v0x5555602ba060_241;
v0x5555602ba060_242 .array/port v0x5555602ba060, 242;
v0x5555602ba060_243 .array/port v0x5555602ba060, 243;
v0x5555602ba060_244 .array/port v0x5555602ba060, 244;
v0x5555602ba060_245 .array/port v0x5555602ba060, 245;
E_0x5555602b7dc0/61 .event anyedge, v0x5555602ba060_242, v0x5555602ba060_243, v0x5555602ba060_244, v0x5555602ba060_245;
v0x5555602ba060_246 .array/port v0x5555602ba060, 246;
v0x5555602ba060_247 .array/port v0x5555602ba060, 247;
v0x5555602ba060_248 .array/port v0x5555602ba060, 248;
v0x5555602ba060_249 .array/port v0x5555602ba060, 249;
E_0x5555602b7dc0/62 .event anyedge, v0x5555602ba060_246, v0x5555602ba060_247, v0x5555602ba060_248, v0x5555602ba060_249;
v0x5555602ba060_250 .array/port v0x5555602ba060, 250;
v0x5555602ba060_251 .array/port v0x5555602ba060, 251;
v0x5555602ba060_252 .array/port v0x5555602ba060, 252;
v0x5555602ba060_253 .array/port v0x5555602ba060, 253;
E_0x5555602b7dc0/63 .event anyedge, v0x5555602ba060_250, v0x5555602ba060_251, v0x5555602ba060_252, v0x5555602ba060_253;
v0x5555602ba060_254 .array/port v0x5555602ba060, 254;
v0x5555602ba060_255 .array/port v0x5555602ba060, 255;
v0x5555602ba060_256 .array/port v0x5555602ba060, 256;
v0x5555602ba060_257 .array/port v0x5555602ba060, 257;
E_0x5555602b7dc0/64 .event anyedge, v0x5555602ba060_254, v0x5555602ba060_255, v0x5555602ba060_256, v0x5555602ba060_257;
v0x5555602ba060_258 .array/port v0x5555602ba060, 258;
v0x5555602ba060_259 .array/port v0x5555602ba060, 259;
v0x5555602ba060_260 .array/port v0x5555602ba060, 260;
v0x5555602ba060_261 .array/port v0x5555602ba060, 261;
E_0x5555602b7dc0/65 .event anyedge, v0x5555602ba060_258, v0x5555602ba060_259, v0x5555602ba060_260, v0x5555602ba060_261;
v0x5555602ba060_262 .array/port v0x5555602ba060, 262;
v0x5555602ba060_263 .array/port v0x5555602ba060, 263;
v0x5555602ba060_264 .array/port v0x5555602ba060, 264;
v0x5555602ba060_265 .array/port v0x5555602ba060, 265;
E_0x5555602b7dc0/66 .event anyedge, v0x5555602ba060_262, v0x5555602ba060_263, v0x5555602ba060_264, v0x5555602ba060_265;
v0x5555602ba060_266 .array/port v0x5555602ba060, 266;
v0x5555602ba060_267 .array/port v0x5555602ba060, 267;
v0x5555602ba060_268 .array/port v0x5555602ba060, 268;
v0x5555602ba060_269 .array/port v0x5555602ba060, 269;
E_0x5555602b7dc0/67 .event anyedge, v0x5555602ba060_266, v0x5555602ba060_267, v0x5555602ba060_268, v0x5555602ba060_269;
v0x5555602ba060_270 .array/port v0x5555602ba060, 270;
v0x5555602ba060_271 .array/port v0x5555602ba060, 271;
v0x5555602ba060_272 .array/port v0x5555602ba060, 272;
v0x5555602ba060_273 .array/port v0x5555602ba060, 273;
E_0x5555602b7dc0/68 .event anyedge, v0x5555602ba060_270, v0x5555602ba060_271, v0x5555602ba060_272, v0x5555602ba060_273;
v0x5555602ba060_274 .array/port v0x5555602ba060, 274;
v0x5555602ba060_275 .array/port v0x5555602ba060, 275;
v0x5555602ba060_276 .array/port v0x5555602ba060, 276;
v0x5555602ba060_277 .array/port v0x5555602ba060, 277;
E_0x5555602b7dc0/69 .event anyedge, v0x5555602ba060_274, v0x5555602ba060_275, v0x5555602ba060_276, v0x5555602ba060_277;
v0x5555602ba060_278 .array/port v0x5555602ba060, 278;
v0x5555602ba060_279 .array/port v0x5555602ba060, 279;
v0x5555602ba060_280 .array/port v0x5555602ba060, 280;
v0x5555602ba060_281 .array/port v0x5555602ba060, 281;
E_0x5555602b7dc0/70 .event anyedge, v0x5555602ba060_278, v0x5555602ba060_279, v0x5555602ba060_280, v0x5555602ba060_281;
v0x5555602ba060_282 .array/port v0x5555602ba060, 282;
v0x5555602ba060_283 .array/port v0x5555602ba060, 283;
v0x5555602ba060_284 .array/port v0x5555602ba060, 284;
v0x5555602ba060_285 .array/port v0x5555602ba060, 285;
E_0x5555602b7dc0/71 .event anyedge, v0x5555602ba060_282, v0x5555602ba060_283, v0x5555602ba060_284, v0x5555602ba060_285;
v0x5555602ba060_286 .array/port v0x5555602ba060, 286;
v0x5555602ba060_287 .array/port v0x5555602ba060, 287;
v0x5555602ba060_288 .array/port v0x5555602ba060, 288;
v0x5555602ba060_289 .array/port v0x5555602ba060, 289;
E_0x5555602b7dc0/72 .event anyedge, v0x5555602ba060_286, v0x5555602ba060_287, v0x5555602ba060_288, v0x5555602ba060_289;
v0x5555602ba060_290 .array/port v0x5555602ba060, 290;
v0x5555602ba060_291 .array/port v0x5555602ba060, 291;
v0x5555602ba060_292 .array/port v0x5555602ba060, 292;
v0x5555602ba060_293 .array/port v0x5555602ba060, 293;
E_0x5555602b7dc0/73 .event anyedge, v0x5555602ba060_290, v0x5555602ba060_291, v0x5555602ba060_292, v0x5555602ba060_293;
v0x5555602ba060_294 .array/port v0x5555602ba060, 294;
v0x5555602ba060_295 .array/port v0x5555602ba060, 295;
v0x5555602ba060_296 .array/port v0x5555602ba060, 296;
v0x5555602ba060_297 .array/port v0x5555602ba060, 297;
E_0x5555602b7dc0/74 .event anyedge, v0x5555602ba060_294, v0x5555602ba060_295, v0x5555602ba060_296, v0x5555602ba060_297;
v0x5555602ba060_298 .array/port v0x5555602ba060, 298;
v0x5555602ba060_299 .array/port v0x5555602ba060, 299;
v0x5555602ba060_300 .array/port v0x5555602ba060, 300;
v0x5555602ba060_301 .array/port v0x5555602ba060, 301;
E_0x5555602b7dc0/75 .event anyedge, v0x5555602ba060_298, v0x5555602ba060_299, v0x5555602ba060_300, v0x5555602ba060_301;
v0x5555602ba060_302 .array/port v0x5555602ba060, 302;
v0x5555602ba060_303 .array/port v0x5555602ba060, 303;
v0x5555602ba060_304 .array/port v0x5555602ba060, 304;
v0x5555602ba060_305 .array/port v0x5555602ba060, 305;
E_0x5555602b7dc0/76 .event anyedge, v0x5555602ba060_302, v0x5555602ba060_303, v0x5555602ba060_304, v0x5555602ba060_305;
v0x5555602ba060_306 .array/port v0x5555602ba060, 306;
v0x5555602ba060_307 .array/port v0x5555602ba060, 307;
v0x5555602ba060_308 .array/port v0x5555602ba060, 308;
v0x5555602ba060_309 .array/port v0x5555602ba060, 309;
E_0x5555602b7dc0/77 .event anyedge, v0x5555602ba060_306, v0x5555602ba060_307, v0x5555602ba060_308, v0x5555602ba060_309;
v0x5555602ba060_310 .array/port v0x5555602ba060, 310;
v0x5555602ba060_311 .array/port v0x5555602ba060, 311;
v0x5555602ba060_312 .array/port v0x5555602ba060, 312;
v0x5555602ba060_313 .array/port v0x5555602ba060, 313;
E_0x5555602b7dc0/78 .event anyedge, v0x5555602ba060_310, v0x5555602ba060_311, v0x5555602ba060_312, v0x5555602ba060_313;
v0x5555602ba060_314 .array/port v0x5555602ba060, 314;
v0x5555602ba060_315 .array/port v0x5555602ba060, 315;
v0x5555602ba060_316 .array/port v0x5555602ba060, 316;
v0x5555602ba060_317 .array/port v0x5555602ba060, 317;
E_0x5555602b7dc0/79 .event anyedge, v0x5555602ba060_314, v0x5555602ba060_315, v0x5555602ba060_316, v0x5555602ba060_317;
v0x5555602ba060_318 .array/port v0x5555602ba060, 318;
v0x5555602ba060_319 .array/port v0x5555602ba060, 319;
v0x5555602ba060_320 .array/port v0x5555602ba060, 320;
v0x5555602ba060_321 .array/port v0x5555602ba060, 321;
E_0x5555602b7dc0/80 .event anyedge, v0x5555602ba060_318, v0x5555602ba060_319, v0x5555602ba060_320, v0x5555602ba060_321;
v0x5555602ba060_322 .array/port v0x5555602ba060, 322;
v0x5555602ba060_323 .array/port v0x5555602ba060, 323;
v0x5555602ba060_324 .array/port v0x5555602ba060, 324;
v0x5555602ba060_325 .array/port v0x5555602ba060, 325;
E_0x5555602b7dc0/81 .event anyedge, v0x5555602ba060_322, v0x5555602ba060_323, v0x5555602ba060_324, v0x5555602ba060_325;
v0x5555602ba060_326 .array/port v0x5555602ba060, 326;
v0x5555602ba060_327 .array/port v0x5555602ba060, 327;
v0x5555602ba060_328 .array/port v0x5555602ba060, 328;
v0x5555602ba060_329 .array/port v0x5555602ba060, 329;
E_0x5555602b7dc0/82 .event anyedge, v0x5555602ba060_326, v0x5555602ba060_327, v0x5555602ba060_328, v0x5555602ba060_329;
v0x5555602ba060_330 .array/port v0x5555602ba060, 330;
v0x5555602ba060_331 .array/port v0x5555602ba060, 331;
v0x5555602ba060_332 .array/port v0x5555602ba060, 332;
v0x5555602ba060_333 .array/port v0x5555602ba060, 333;
E_0x5555602b7dc0/83 .event anyedge, v0x5555602ba060_330, v0x5555602ba060_331, v0x5555602ba060_332, v0x5555602ba060_333;
v0x5555602ba060_334 .array/port v0x5555602ba060, 334;
v0x5555602ba060_335 .array/port v0x5555602ba060, 335;
v0x5555602ba060_336 .array/port v0x5555602ba060, 336;
v0x5555602ba060_337 .array/port v0x5555602ba060, 337;
E_0x5555602b7dc0/84 .event anyedge, v0x5555602ba060_334, v0x5555602ba060_335, v0x5555602ba060_336, v0x5555602ba060_337;
v0x5555602ba060_338 .array/port v0x5555602ba060, 338;
v0x5555602ba060_339 .array/port v0x5555602ba060, 339;
v0x5555602ba060_340 .array/port v0x5555602ba060, 340;
v0x5555602ba060_341 .array/port v0x5555602ba060, 341;
E_0x5555602b7dc0/85 .event anyedge, v0x5555602ba060_338, v0x5555602ba060_339, v0x5555602ba060_340, v0x5555602ba060_341;
v0x5555602ba060_342 .array/port v0x5555602ba060, 342;
v0x5555602ba060_343 .array/port v0x5555602ba060, 343;
v0x5555602ba060_344 .array/port v0x5555602ba060, 344;
v0x5555602ba060_345 .array/port v0x5555602ba060, 345;
E_0x5555602b7dc0/86 .event anyedge, v0x5555602ba060_342, v0x5555602ba060_343, v0x5555602ba060_344, v0x5555602ba060_345;
v0x5555602ba060_346 .array/port v0x5555602ba060, 346;
v0x5555602ba060_347 .array/port v0x5555602ba060, 347;
v0x5555602ba060_348 .array/port v0x5555602ba060, 348;
v0x5555602ba060_349 .array/port v0x5555602ba060, 349;
E_0x5555602b7dc0/87 .event anyedge, v0x5555602ba060_346, v0x5555602ba060_347, v0x5555602ba060_348, v0x5555602ba060_349;
v0x5555602ba060_350 .array/port v0x5555602ba060, 350;
v0x5555602ba060_351 .array/port v0x5555602ba060, 351;
v0x5555602ba060_352 .array/port v0x5555602ba060, 352;
v0x5555602ba060_353 .array/port v0x5555602ba060, 353;
E_0x5555602b7dc0/88 .event anyedge, v0x5555602ba060_350, v0x5555602ba060_351, v0x5555602ba060_352, v0x5555602ba060_353;
v0x5555602ba060_354 .array/port v0x5555602ba060, 354;
v0x5555602ba060_355 .array/port v0x5555602ba060, 355;
v0x5555602ba060_356 .array/port v0x5555602ba060, 356;
v0x5555602ba060_357 .array/port v0x5555602ba060, 357;
E_0x5555602b7dc0/89 .event anyedge, v0x5555602ba060_354, v0x5555602ba060_355, v0x5555602ba060_356, v0x5555602ba060_357;
v0x5555602ba060_358 .array/port v0x5555602ba060, 358;
v0x5555602ba060_359 .array/port v0x5555602ba060, 359;
v0x5555602ba060_360 .array/port v0x5555602ba060, 360;
v0x5555602ba060_361 .array/port v0x5555602ba060, 361;
E_0x5555602b7dc0/90 .event anyedge, v0x5555602ba060_358, v0x5555602ba060_359, v0x5555602ba060_360, v0x5555602ba060_361;
v0x5555602ba060_362 .array/port v0x5555602ba060, 362;
v0x5555602ba060_363 .array/port v0x5555602ba060, 363;
v0x5555602ba060_364 .array/port v0x5555602ba060, 364;
v0x5555602ba060_365 .array/port v0x5555602ba060, 365;
E_0x5555602b7dc0/91 .event anyedge, v0x5555602ba060_362, v0x5555602ba060_363, v0x5555602ba060_364, v0x5555602ba060_365;
v0x5555602ba060_366 .array/port v0x5555602ba060, 366;
v0x5555602ba060_367 .array/port v0x5555602ba060, 367;
v0x5555602ba060_368 .array/port v0x5555602ba060, 368;
v0x5555602ba060_369 .array/port v0x5555602ba060, 369;
E_0x5555602b7dc0/92 .event anyedge, v0x5555602ba060_366, v0x5555602ba060_367, v0x5555602ba060_368, v0x5555602ba060_369;
v0x5555602ba060_370 .array/port v0x5555602ba060, 370;
v0x5555602ba060_371 .array/port v0x5555602ba060, 371;
v0x5555602ba060_372 .array/port v0x5555602ba060, 372;
v0x5555602ba060_373 .array/port v0x5555602ba060, 373;
E_0x5555602b7dc0/93 .event anyedge, v0x5555602ba060_370, v0x5555602ba060_371, v0x5555602ba060_372, v0x5555602ba060_373;
v0x5555602ba060_374 .array/port v0x5555602ba060, 374;
v0x5555602ba060_375 .array/port v0x5555602ba060, 375;
v0x5555602ba060_376 .array/port v0x5555602ba060, 376;
v0x5555602ba060_377 .array/port v0x5555602ba060, 377;
E_0x5555602b7dc0/94 .event anyedge, v0x5555602ba060_374, v0x5555602ba060_375, v0x5555602ba060_376, v0x5555602ba060_377;
v0x5555602ba060_378 .array/port v0x5555602ba060, 378;
v0x5555602ba060_379 .array/port v0x5555602ba060, 379;
v0x5555602ba060_380 .array/port v0x5555602ba060, 380;
v0x5555602ba060_381 .array/port v0x5555602ba060, 381;
E_0x5555602b7dc0/95 .event anyedge, v0x5555602ba060_378, v0x5555602ba060_379, v0x5555602ba060_380, v0x5555602ba060_381;
v0x5555602ba060_382 .array/port v0x5555602ba060, 382;
v0x5555602ba060_383 .array/port v0x5555602ba060, 383;
v0x5555602ba060_384 .array/port v0x5555602ba060, 384;
v0x5555602ba060_385 .array/port v0x5555602ba060, 385;
E_0x5555602b7dc0/96 .event anyedge, v0x5555602ba060_382, v0x5555602ba060_383, v0x5555602ba060_384, v0x5555602ba060_385;
v0x5555602ba060_386 .array/port v0x5555602ba060, 386;
v0x5555602ba060_387 .array/port v0x5555602ba060, 387;
v0x5555602ba060_388 .array/port v0x5555602ba060, 388;
v0x5555602ba060_389 .array/port v0x5555602ba060, 389;
E_0x5555602b7dc0/97 .event anyedge, v0x5555602ba060_386, v0x5555602ba060_387, v0x5555602ba060_388, v0x5555602ba060_389;
v0x5555602ba060_390 .array/port v0x5555602ba060, 390;
v0x5555602ba060_391 .array/port v0x5555602ba060, 391;
v0x5555602ba060_392 .array/port v0x5555602ba060, 392;
v0x5555602ba060_393 .array/port v0x5555602ba060, 393;
E_0x5555602b7dc0/98 .event anyedge, v0x5555602ba060_390, v0x5555602ba060_391, v0x5555602ba060_392, v0x5555602ba060_393;
v0x5555602ba060_394 .array/port v0x5555602ba060, 394;
v0x5555602ba060_395 .array/port v0x5555602ba060, 395;
v0x5555602ba060_396 .array/port v0x5555602ba060, 396;
v0x5555602ba060_397 .array/port v0x5555602ba060, 397;
E_0x5555602b7dc0/99 .event anyedge, v0x5555602ba060_394, v0x5555602ba060_395, v0x5555602ba060_396, v0x5555602ba060_397;
v0x5555602ba060_398 .array/port v0x5555602ba060, 398;
v0x5555602ba060_399 .array/port v0x5555602ba060, 399;
v0x5555602ba060_400 .array/port v0x5555602ba060, 400;
v0x5555602ba060_401 .array/port v0x5555602ba060, 401;
E_0x5555602b7dc0/100 .event anyedge, v0x5555602ba060_398, v0x5555602ba060_399, v0x5555602ba060_400, v0x5555602ba060_401;
v0x5555602ba060_402 .array/port v0x5555602ba060, 402;
v0x5555602ba060_403 .array/port v0x5555602ba060, 403;
v0x5555602ba060_404 .array/port v0x5555602ba060, 404;
v0x5555602ba060_405 .array/port v0x5555602ba060, 405;
E_0x5555602b7dc0/101 .event anyedge, v0x5555602ba060_402, v0x5555602ba060_403, v0x5555602ba060_404, v0x5555602ba060_405;
v0x5555602ba060_406 .array/port v0x5555602ba060, 406;
v0x5555602ba060_407 .array/port v0x5555602ba060, 407;
v0x5555602ba060_408 .array/port v0x5555602ba060, 408;
v0x5555602ba060_409 .array/port v0x5555602ba060, 409;
E_0x5555602b7dc0/102 .event anyedge, v0x5555602ba060_406, v0x5555602ba060_407, v0x5555602ba060_408, v0x5555602ba060_409;
v0x5555602ba060_410 .array/port v0x5555602ba060, 410;
v0x5555602ba060_411 .array/port v0x5555602ba060, 411;
v0x5555602ba060_412 .array/port v0x5555602ba060, 412;
v0x5555602ba060_413 .array/port v0x5555602ba060, 413;
E_0x5555602b7dc0/103 .event anyedge, v0x5555602ba060_410, v0x5555602ba060_411, v0x5555602ba060_412, v0x5555602ba060_413;
v0x5555602ba060_414 .array/port v0x5555602ba060, 414;
v0x5555602ba060_415 .array/port v0x5555602ba060, 415;
v0x5555602ba060_416 .array/port v0x5555602ba060, 416;
v0x5555602ba060_417 .array/port v0x5555602ba060, 417;
E_0x5555602b7dc0/104 .event anyedge, v0x5555602ba060_414, v0x5555602ba060_415, v0x5555602ba060_416, v0x5555602ba060_417;
v0x5555602ba060_418 .array/port v0x5555602ba060, 418;
v0x5555602ba060_419 .array/port v0x5555602ba060, 419;
v0x5555602ba060_420 .array/port v0x5555602ba060, 420;
v0x5555602ba060_421 .array/port v0x5555602ba060, 421;
E_0x5555602b7dc0/105 .event anyedge, v0x5555602ba060_418, v0x5555602ba060_419, v0x5555602ba060_420, v0x5555602ba060_421;
v0x5555602ba060_422 .array/port v0x5555602ba060, 422;
v0x5555602ba060_423 .array/port v0x5555602ba060, 423;
v0x5555602ba060_424 .array/port v0x5555602ba060, 424;
v0x5555602ba060_425 .array/port v0x5555602ba060, 425;
E_0x5555602b7dc0/106 .event anyedge, v0x5555602ba060_422, v0x5555602ba060_423, v0x5555602ba060_424, v0x5555602ba060_425;
v0x5555602ba060_426 .array/port v0x5555602ba060, 426;
v0x5555602ba060_427 .array/port v0x5555602ba060, 427;
v0x5555602ba060_428 .array/port v0x5555602ba060, 428;
v0x5555602ba060_429 .array/port v0x5555602ba060, 429;
E_0x5555602b7dc0/107 .event anyedge, v0x5555602ba060_426, v0x5555602ba060_427, v0x5555602ba060_428, v0x5555602ba060_429;
v0x5555602ba060_430 .array/port v0x5555602ba060, 430;
v0x5555602ba060_431 .array/port v0x5555602ba060, 431;
v0x5555602ba060_432 .array/port v0x5555602ba060, 432;
v0x5555602ba060_433 .array/port v0x5555602ba060, 433;
E_0x5555602b7dc0/108 .event anyedge, v0x5555602ba060_430, v0x5555602ba060_431, v0x5555602ba060_432, v0x5555602ba060_433;
v0x5555602ba060_434 .array/port v0x5555602ba060, 434;
v0x5555602ba060_435 .array/port v0x5555602ba060, 435;
v0x5555602ba060_436 .array/port v0x5555602ba060, 436;
v0x5555602ba060_437 .array/port v0x5555602ba060, 437;
E_0x5555602b7dc0/109 .event anyedge, v0x5555602ba060_434, v0x5555602ba060_435, v0x5555602ba060_436, v0x5555602ba060_437;
v0x5555602ba060_438 .array/port v0x5555602ba060, 438;
v0x5555602ba060_439 .array/port v0x5555602ba060, 439;
v0x5555602ba060_440 .array/port v0x5555602ba060, 440;
v0x5555602ba060_441 .array/port v0x5555602ba060, 441;
E_0x5555602b7dc0/110 .event anyedge, v0x5555602ba060_438, v0x5555602ba060_439, v0x5555602ba060_440, v0x5555602ba060_441;
v0x5555602ba060_442 .array/port v0x5555602ba060, 442;
v0x5555602ba060_443 .array/port v0x5555602ba060, 443;
v0x5555602ba060_444 .array/port v0x5555602ba060, 444;
v0x5555602ba060_445 .array/port v0x5555602ba060, 445;
E_0x5555602b7dc0/111 .event anyedge, v0x5555602ba060_442, v0x5555602ba060_443, v0x5555602ba060_444, v0x5555602ba060_445;
v0x5555602ba060_446 .array/port v0x5555602ba060, 446;
v0x5555602ba060_447 .array/port v0x5555602ba060, 447;
v0x5555602ba060_448 .array/port v0x5555602ba060, 448;
v0x5555602ba060_449 .array/port v0x5555602ba060, 449;
E_0x5555602b7dc0/112 .event anyedge, v0x5555602ba060_446, v0x5555602ba060_447, v0x5555602ba060_448, v0x5555602ba060_449;
v0x5555602ba060_450 .array/port v0x5555602ba060, 450;
v0x5555602ba060_451 .array/port v0x5555602ba060, 451;
v0x5555602ba060_452 .array/port v0x5555602ba060, 452;
v0x5555602ba060_453 .array/port v0x5555602ba060, 453;
E_0x5555602b7dc0/113 .event anyedge, v0x5555602ba060_450, v0x5555602ba060_451, v0x5555602ba060_452, v0x5555602ba060_453;
v0x5555602ba060_454 .array/port v0x5555602ba060, 454;
v0x5555602ba060_455 .array/port v0x5555602ba060, 455;
v0x5555602ba060_456 .array/port v0x5555602ba060, 456;
v0x5555602ba060_457 .array/port v0x5555602ba060, 457;
E_0x5555602b7dc0/114 .event anyedge, v0x5555602ba060_454, v0x5555602ba060_455, v0x5555602ba060_456, v0x5555602ba060_457;
v0x5555602ba060_458 .array/port v0x5555602ba060, 458;
v0x5555602ba060_459 .array/port v0x5555602ba060, 459;
v0x5555602ba060_460 .array/port v0x5555602ba060, 460;
v0x5555602ba060_461 .array/port v0x5555602ba060, 461;
E_0x5555602b7dc0/115 .event anyedge, v0x5555602ba060_458, v0x5555602ba060_459, v0x5555602ba060_460, v0x5555602ba060_461;
v0x5555602ba060_462 .array/port v0x5555602ba060, 462;
v0x5555602ba060_463 .array/port v0x5555602ba060, 463;
v0x5555602ba060_464 .array/port v0x5555602ba060, 464;
v0x5555602ba060_465 .array/port v0x5555602ba060, 465;
E_0x5555602b7dc0/116 .event anyedge, v0x5555602ba060_462, v0x5555602ba060_463, v0x5555602ba060_464, v0x5555602ba060_465;
v0x5555602ba060_466 .array/port v0x5555602ba060, 466;
v0x5555602ba060_467 .array/port v0x5555602ba060, 467;
v0x5555602ba060_468 .array/port v0x5555602ba060, 468;
v0x5555602ba060_469 .array/port v0x5555602ba060, 469;
E_0x5555602b7dc0/117 .event anyedge, v0x5555602ba060_466, v0x5555602ba060_467, v0x5555602ba060_468, v0x5555602ba060_469;
v0x5555602ba060_470 .array/port v0x5555602ba060, 470;
v0x5555602ba060_471 .array/port v0x5555602ba060, 471;
v0x5555602ba060_472 .array/port v0x5555602ba060, 472;
v0x5555602ba060_473 .array/port v0x5555602ba060, 473;
E_0x5555602b7dc0/118 .event anyedge, v0x5555602ba060_470, v0x5555602ba060_471, v0x5555602ba060_472, v0x5555602ba060_473;
v0x5555602ba060_474 .array/port v0x5555602ba060, 474;
v0x5555602ba060_475 .array/port v0x5555602ba060, 475;
v0x5555602ba060_476 .array/port v0x5555602ba060, 476;
v0x5555602ba060_477 .array/port v0x5555602ba060, 477;
E_0x5555602b7dc0/119 .event anyedge, v0x5555602ba060_474, v0x5555602ba060_475, v0x5555602ba060_476, v0x5555602ba060_477;
v0x5555602ba060_478 .array/port v0x5555602ba060, 478;
v0x5555602ba060_479 .array/port v0x5555602ba060, 479;
v0x5555602ba060_480 .array/port v0x5555602ba060, 480;
v0x5555602ba060_481 .array/port v0x5555602ba060, 481;
E_0x5555602b7dc0/120 .event anyedge, v0x5555602ba060_478, v0x5555602ba060_479, v0x5555602ba060_480, v0x5555602ba060_481;
v0x5555602ba060_482 .array/port v0x5555602ba060, 482;
v0x5555602ba060_483 .array/port v0x5555602ba060, 483;
v0x5555602ba060_484 .array/port v0x5555602ba060, 484;
v0x5555602ba060_485 .array/port v0x5555602ba060, 485;
E_0x5555602b7dc0/121 .event anyedge, v0x5555602ba060_482, v0x5555602ba060_483, v0x5555602ba060_484, v0x5555602ba060_485;
v0x5555602ba060_486 .array/port v0x5555602ba060, 486;
v0x5555602ba060_487 .array/port v0x5555602ba060, 487;
v0x5555602ba060_488 .array/port v0x5555602ba060, 488;
v0x5555602ba060_489 .array/port v0x5555602ba060, 489;
E_0x5555602b7dc0/122 .event anyedge, v0x5555602ba060_486, v0x5555602ba060_487, v0x5555602ba060_488, v0x5555602ba060_489;
v0x5555602ba060_490 .array/port v0x5555602ba060, 490;
v0x5555602ba060_491 .array/port v0x5555602ba060, 491;
v0x5555602ba060_492 .array/port v0x5555602ba060, 492;
v0x5555602ba060_493 .array/port v0x5555602ba060, 493;
E_0x5555602b7dc0/123 .event anyedge, v0x5555602ba060_490, v0x5555602ba060_491, v0x5555602ba060_492, v0x5555602ba060_493;
v0x5555602ba060_494 .array/port v0x5555602ba060, 494;
v0x5555602ba060_495 .array/port v0x5555602ba060, 495;
v0x5555602ba060_496 .array/port v0x5555602ba060, 496;
v0x5555602ba060_497 .array/port v0x5555602ba060, 497;
E_0x5555602b7dc0/124 .event anyedge, v0x5555602ba060_494, v0x5555602ba060_495, v0x5555602ba060_496, v0x5555602ba060_497;
v0x5555602ba060_498 .array/port v0x5555602ba060, 498;
v0x5555602ba060_499 .array/port v0x5555602ba060, 499;
v0x5555602ba060_500 .array/port v0x5555602ba060, 500;
v0x5555602ba060_501 .array/port v0x5555602ba060, 501;
E_0x5555602b7dc0/125 .event anyedge, v0x5555602ba060_498, v0x5555602ba060_499, v0x5555602ba060_500, v0x5555602ba060_501;
v0x5555602ba060_502 .array/port v0x5555602ba060, 502;
v0x5555602ba060_503 .array/port v0x5555602ba060, 503;
v0x5555602ba060_504 .array/port v0x5555602ba060, 504;
v0x5555602ba060_505 .array/port v0x5555602ba060, 505;
E_0x5555602b7dc0/126 .event anyedge, v0x5555602ba060_502, v0x5555602ba060_503, v0x5555602ba060_504, v0x5555602ba060_505;
v0x5555602ba060_506 .array/port v0x5555602ba060, 506;
v0x5555602ba060_507 .array/port v0x5555602ba060, 507;
v0x5555602ba060_508 .array/port v0x5555602ba060, 508;
v0x5555602ba060_509 .array/port v0x5555602ba060, 509;
E_0x5555602b7dc0/127 .event anyedge, v0x5555602ba060_506, v0x5555602ba060_507, v0x5555602ba060_508, v0x5555602ba060_509;
v0x5555602ba060_510 .array/port v0x5555602ba060, 510;
v0x5555602ba060_511 .array/port v0x5555602ba060, 511;
v0x5555602ba060_512 .array/port v0x5555602ba060, 512;
v0x5555602ba060_513 .array/port v0x5555602ba060, 513;
E_0x5555602b7dc0/128 .event anyedge, v0x5555602ba060_510, v0x5555602ba060_511, v0x5555602ba060_512, v0x5555602ba060_513;
v0x5555602ba060_514 .array/port v0x5555602ba060, 514;
v0x5555602ba060_515 .array/port v0x5555602ba060, 515;
v0x5555602ba060_516 .array/port v0x5555602ba060, 516;
v0x5555602ba060_517 .array/port v0x5555602ba060, 517;
E_0x5555602b7dc0/129 .event anyedge, v0x5555602ba060_514, v0x5555602ba060_515, v0x5555602ba060_516, v0x5555602ba060_517;
v0x5555602ba060_518 .array/port v0x5555602ba060, 518;
v0x5555602ba060_519 .array/port v0x5555602ba060, 519;
v0x5555602ba060_520 .array/port v0x5555602ba060, 520;
v0x5555602ba060_521 .array/port v0x5555602ba060, 521;
E_0x5555602b7dc0/130 .event anyedge, v0x5555602ba060_518, v0x5555602ba060_519, v0x5555602ba060_520, v0x5555602ba060_521;
v0x5555602ba060_522 .array/port v0x5555602ba060, 522;
v0x5555602ba060_523 .array/port v0x5555602ba060, 523;
v0x5555602ba060_524 .array/port v0x5555602ba060, 524;
v0x5555602ba060_525 .array/port v0x5555602ba060, 525;
E_0x5555602b7dc0/131 .event anyedge, v0x5555602ba060_522, v0x5555602ba060_523, v0x5555602ba060_524, v0x5555602ba060_525;
v0x5555602ba060_526 .array/port v0x5555602ba060, 526;
v0x5555602ba060_527 .array/port v0x5555602ba060, 527;
v0x5555602ba060_528 .array/port v0x5555602ba060, 528;
v0x5555602ba060_529 .array/port v0x5555602ba060, 529;
E_0x5555602b7dc0/132 .event anyedge, v0x5555602ba060_526, v0x5555602ba060_527, v0x5555602ba060_528, v0x5555602ba060_529;
v0x5555602ba060_530 .array/port v0x5555602ba060, 530;
v0x5555602ba060_531 .array/port v0x5555602ba060, 531;
v0x5555602ba060_532 .array/port v0x5555602ba060, 532;
v0x5555602ba060_533 .array/port v0x5555602ba060, 533;
E_0x5555602b7dc0/133 .event anyedge, v0x5555602ba060_530, v0x5555602ba060_531, v0x5555602ba060_532, v0x5555602ba060_533;
v0x5555602ba060_534 .array/port v0x5555602ba060, 534;
v0x5555602ba060_535 .array/port v0x5555602ba060, 535;
v0x5555602ba060_536 .array/port v0x5555602ba060, 536;
v0x5555602ba060_537 .array/port v0x5555602ba060, 537;
E_0x5555602b7dc0/134 .event anyedge, v0x5555602ba060_534, v0x5555602ba060_535, v0x5555602ba060_536, v0x5555602ba060_537;
v0x5555602ba060_538 .array/port v0x5555602ba060, 538;
v0x5555602ba060_539 .array/port v0x5555602ba060, 539;
v0x5555602ba060_540 .array/port v0x5555602ba060, 540;
v0x5555602ba060_541 .array/port v0x5555602ba060, 541;
E_0x5555602b7dc0/135 .event anyedge, v0x5555602ba060_538, v0x5555602ba060_539, v0x5555602ba060_540, v0x5555602ba060_541;
v0x5555602ba060_542 .array/port v0x5555602ba060, 542;
v0x5555602ba060_543 .array/port v0x5555602ba060, 543;
v0x5555602ba060_544 .array/port v0x5555602ba060, 544;
v0x5555602ba060_545 .array/port v0x5555602ba060, 545;
E_0x5555602b7dc0/136 .event anyedge, v0x5555602ba060_542, v0x5555602ba060_543, v0x5555602ba060_544, v0x5555602ba060_545;
v0x5555602ba060_546 .array/port v0x5555602ba060, 546;
v0x5555602ba060_547 .array/port v0x5555602ba060, 547;
v0x5555602ba060_548 .array/port v0x5555602ba060, 548;
v0x5555602ba060_549 .array/port v0x5555602ba060, 549;
E_0x5555602b7dc0/137 .event anyedge, v0x5555602ba060_546, v0x5555602ba060_547, v0x5555602ba060_548, v0x5555602ba060_549;
v0x5555602ba060_550 .array/port v0x5555602ba060, 550;
v0x5555602ba060_551 .array/port v0x5555602ba060, 551;
v0x5555602ba060_552 .array/port v0x5555602ba060, 552;
v0x5555602ba060_553 .array/port v0x5555602ba060, 553;
E_0x5555602b7dc0/138 .event anyedge, v0x5555602ba060_550, v0x5555602ba060_551, v0x5555602ba060_552, v0x5555602ba060_553;
v0x5555602ba060_554 .array/port v0x5555602ba060, 554;
v0x5555602ba060_555 .array/port v0x5555602ba060, 555;
v0x5555602ba060_556 .array/port v0x5555602ba060, 556;
v0x5555602ba060_557 .array/port v0x5555602ba060, 557;
E_0x5555602b7dc0/139 .event anyedge, v0x5555602ba060_554, v0x5555602ba060_555, v0x5555602ba060_556, v0x5555602ba060_557;
v0x5555602ba060_558 .array/port v0x5555602ba060, 558;
v0x5555602ba060_559 .array/port v0x5555602ba060, 559;
v0x5555602ba060_560 .array/port v0x5555602ba060, 560;
v0x5555602ba060_561 .array/port v0x5555602ba060, 561;
E_0x5555602b7dc0/140 .event anyedge, v0x5555602ba060_558, v0x5555602ba060_559, v0x5555602ba060_560, v0x5555602ba060_561;
v0x5555602ba060_562 .array/port v0x5555602ba060, 562;
v0x5555602ba060_563 .array/port v0x5555602ba060, 563;
v0x5555602ba060_564 .array/port v0x5555602ba060, 564;
v0x5555602ba060_565 .array/port v0x5555602ba060, 565;
E_0x5555602b7dc0/141 .event anyedge, v0x5555602ba060_562, v0x5555602ba060_563, v0x5555602ba060_564, v0x5555602ba060_565;
v0x5555602ba060_566 .array/port v0x5555602ba060, 566;
v0x5555602ba060_567 .array/port v0x5555602ba060, 567;
v0x5555602ba060_568 .array/port v0x5555602ba060, 568;
v0x5555602ba060_569 .array/port v0x5555602ba060, 569;
E_0x5555602b7dc0/142 .event anyedge, v0x5555602ba060_566, v0x5555602ba060_567, v0x5555602ba060_568, v0x5555602ba060_569;
v0x5555602ba060_570 .array/port v0x5555602ba060, 570;
v0x5555602ba060_571 .array/port v0x5555602ba060, 571;
v0x5555602ba060_572 .array/port v0x5555602ba060, 572;
v0x5555602ba060_573 .array/port v0x5555602ba060, 573;
E_0x5555602b7dc0/143 .event anyedge, v0x5555602ba060_570, v0x5555602ba060_571, v0x5555602ba060_572, v0x5555602ba060_573;
v0x5555602ba060_574 .array/port v0x5555602ba060, 574;
v0x5555602ba060_575 .array/port v0x5555602ba060, 575;
v0x5555602ba060_576 .array/port v0x5555602ba060, 576;
v0x5555602ba060_577 .array/port v0x5555602ba060, 577;
E_0x5555602b7dc0/144 .event anyedge, v0x5555602ba060_574, v0x5555602ba060_575, v0x5555602ba060_576, v0x5555602ba060_577;
v0x5555602ba060_578 .array/port v0x5555602ba060, 578;
v0x5555602ba060_579 .array/port v0x5555602ba060, 579;
v0x5555602ba060_580 .array/port v0x5555602ba060, 580;
v0x5555602ba060_581 .array/port v0x5555602ba060, 581;
E_0x5555602b7dc0/145 .event anyedge, v0x5555602ba060_578, v0x5555602ba060_579, v0x5555602ba060_580, v0x5555602ba060_581;
v0x5555602ba060_582 .array/port v0x5555602ba060, 582;
v0x5555602ba060_583 .array/port v0x5555602ba060, 583;
v0x5555602ba060_584 .array/port v0x5555602ba060, 584;
v0x5555602ba060_585 .array/port v0x5555602ba060, 585;
E_0x5555602b7dc0/146 .event anyedge, v0x5555602ba060_582, v0x5555602ba060_583, v0x5555602ba060_584, v0x5555602ba060_585;
v0x5555602ba060_586 .array/port v0x5555602ba060, 586;
v0x5555602ba060_587 .array/port v0x5555602ba060, 587;
v0x5555602ba060_588 .array/port v0x5555602ba060, 588;
v0x5555602ba060_589 .array/port v0x5555602ba060, 589;
E_0x5555602b7dc0/147 .event anyedge, v0x5555602ba060_586, v0x5555602ba060_587, v0x5555602ba060_588, v0x5555602ba060_589;
v0x5555602ba060_590 .array/port v0x5555602ba060, 590;
v0x5555602ba060_591 .array/port v0x5555602ba060, 591;
v0x5555602ba060_592 .array/port v0x5555602ba060, 592;
v0x5555602ba060_593 .array/port v0x5555602ba060, 593;
E_0x5555602b7dc0/148 .event anyedge, v0x5555602ba060_590, v0x5555602ba060_591, v0x5555602ba060_592, v0x5555602ba060_593;
v0x5555602ba060_594 .array/port v0x5555602ba060, 594;
v0x5555602ba060_595 .array/port v0x5555602ba060, 595;
v0x5555602ba060_596 .array/port v0x5555602ba060, 596;
v0x5555602ba060_597 .array/port v0x5555602ba060, 597;
E_0x5555602b7dc0/149 .event anyedge, v0x5555602ba060_594, v0x5555602ba060_595, v0x5555602ba060_596, v0x5555602ba060_597;
v0x5555602ba060_598 .array/port v0x5555602ba060, 598;
v0x5555602ba060_599 .array/port v0x5555602ba060, 599;
v0x5555602ba060_600 .array/port v0x5555602ba060, 600;
v0x5555602ba060_601 .array/port v0x5555602ba060, 601;
E_0x5555602b7dc0/150 .event anyedge, v0x5555602ba060_598, v0x5555602ba060_599, v0x5555602ba060_600, v0x5555602ba060_601;
v0x5555602ba060_602 .array/port v0x5555602ba060, 602;
v0x5555602ba060_603 .array/port v0x5555602ba060, 603;
v0x5555602ba060_604 .array/port v0x5555602ba060, 604;
v0x5555602ba060_605 .array/port v0x5555602ba060, 605;
E_0x5555602b7dc0/151 .event anyedge, v0x5555602ba060_602, v0x5555602ba060_603, v0x5555602ba060_604, v0x5555602ba060_605;
v0x5555602ba060_606 .array/port v0x5555602ba060, 606;
v0x5555602ba060_607 .array/port v0x5555602ba060, 607;
v0x5555602ba060_608 .array/port v0x5555602ba060, 608;
v0x5555602ba060_609 .array/port v0x5555602ba060, 609;
E_0x5555602b7dc0/152 .event anyedge, v0x5555602ba060_606, v0x5555602ba060_607, v0x5555602ba060_608, v0x5555602ba060_609;
v0x5555602ba060_610 .array/port v0x5555602ba060, 610;
v0x5555602ba060_611 .array/port v0x5555602ba060, 611;
v0x5555602ba060_612 .array/port v0x5555602ba060, 612;
v0x5555602ba060_613 .array/port v0x5555602ba060, 613;
E_0x5555602b7dc0/153 .event anyedge, v0x5555602ba060_610, v0x5555602ba060_611, v0x5555602ba060_612, v0x5555602ba060_613;
v0x5555602ba060_614 .array/port v0x5555602ba060, 614;
v0x5555602ba060_615 .array/port v0x5555602ba060, 615;
v0x5555602ba060_616 .array/port v0x5555602ba060, 616;
v0x5555602ba060_617 .array/port v0x5555602ba060, 617;
E_0x5555602b7dc0/154 .event anyedge, v0x5555602ba060_614, v0x5555602ba060_615, v0x5555602ba060_616, v0x5555602ba060_617;
v0x5555602ba060_618 .array/port v0x5555602ba060, 618;
v0x5555602ba060_619 .array/port v0x5555602ba060, 619;
v0x5555602ba060_620 .array/port v0x5555602ba060, 620;
v0x5555602ba060_621 .array/port v0x5555602ba060, 621;
E_0x5555602b7dc0/155 .event anyedge, v0x5555602ba060_618, v0x5555602ba060_619, v0x5555602ba060_620, v0x5555602ba060_621;
v0x5555602ba060_622 .array/port v0x5555602ba060, 622;
v0x5555602ba060_623 .array/port v0x5555602ba060, 623;
v0x5555602ba060_624 .array/port v0x5555602ba060, 624;
v0x5555602ba060_625 .array/port v0x5555602ba060, 625;
E_0x5555602b7dc0/156 .event anyedge, v0x5555602ba060_622, v0x5555602ba060_623, v0x5555602ba060_624, v0x5555602ba060_625;
v0x5555602ba060_626 .array/port v0x5555602ba060, 626;
v0x5555602ba060_627 .array/port v0x5555602ba060, 627;
v0x5555602ba060_628 .array/port v0x5555602ba060, 628;
v0x5555602ba060_629 .array/port v0x5555602ba060, 629;
E_0x5555602b7dc0/157 .event anyedge, v0x5555602ba060_626, v0x5555602ba060_627, v0x5555602ba060_628, v0x5555602ba060_629;
v0x5555602ba060_630 .array/port v0x5555602ba060, 630;
v0x5555602ba060_631 .array/port v0x5555602ba060, 631;
v0x5555602ba060_632 .array/port v0x5555602ba060, 632;
v0x5555602ba060_633 .array/port v0x5555602ba060, 633;
E_0x5555602b7dc0/158 .event anyedge, v0x5555602ba060_630, v0x5555602ba060_631, v0x5555602ba060_632, v0x5555602ba060_633;
v0x5555602ba060_634 .array/port v0x5555602ba060, 634;
v0x5555602ba060_635 .array/port v0x5555602ba060, 635;
v0x5555602ba060_636 .array/port v0x5555602ba060, 636;
v0x5555602ba060_637 .array/port v0x5555602ba060, 637;
E_0x5555602b7dc0/159 .event anyedge, v0x5555602ba060_634, v0x5555602ba060_635, v0x5555602ba060_636, v0x5555602ba060_637;
v0x5555602ba060_638 .array/port v0x5555602ba060, 638;
v0x5555602ba060_639 .array/port v0x5555602ba060, 639;
v0x5555602ba060_640 .array/port v0x5555602ba060, 640;
v0x5555602ba060_641 .array/port v0x5555602ba060, 641;
E_0x5555602b7dc0/160 .event anyedge, v0x5555602ba060_638, v0x5555602ba060_639, v0x5555602ba060_640, v0x5555602ba060_641;
v0x5555602ba060_642 .array/port v0x5555602ba060, 642;
v0x5555602ba060_643 .array/port v0x5555602ba060, 643;
v0x5555602ba060_644 .array/port v0x5555602ba060, 644;
v0x5555602ba060_645 .array/port v0x5555602ba060, 645;
E_0x5555602b7dc0/161 .event anyedge, v0x5555602ba060_642, v0x5555602ba060_643, v0x5555602ba060_644, v0x5555602ba060_645;
v0x5555602ba060_646 .array/port v0x5555602ba060, 646;
v0x5555602ba060_647 .array/port v0x5555602ba060, 647;
v0x5555602ba060_648 .array/port v0x5555602ba060, 648;
v0x5555602ba060_649 .array/port v0x5555602ba060, 649;
E_0x5555602b7dc0/162 .event anyedge, v0x5555602ba060_646, v0x5555602ba060_647, v0x5555602ba060_648, v0x5555602ba060_649;
v0x5555602ba060_650 .array/port v0x5555602ba060, 650;
v0x5555602ba060_651 .array/port v0x5555602ba060, 651;
v0x5555602ba060_652 .array/port v0x5555602ba060, 652;
v0x5555602ba060_653 .array/port v0x5555602ba060, 653;
E_0x5555602b7dc0/163 .event anyedge, v0x5555602ba060_650, v0x5555602ba060_651, v0x5555602ba060_652, v0x5555602ba060_653;
v0x5555602ba060_654 .array/port v0x5555602ba060, 654;
v0x5555602ba060_655 .array/port v0x5555602ba060, 655;
v0x5555602ba060_656 .array/port v0x5555602ba060, 656;
v0x5555602ba060_657 .array/port v0x5555602ba060, 657;
E_0x5555602b7dc0/164 .event anyedge, v0x5555602ba060_654, v0x5555602ba060_655, v0x5555602ba060_656, v0x5555602ba060_657;
v0x5555602ba060_658 .array/port v0x5555602ba060, 658;
v0x5555602ba060_659 .array/port v0x5555602ba060, 659;
v0x5555602ba060_660 .array/port v0x5555602ba060, 660;
v0x5555602ba060_661 .array/port v0x5555602ba060, 661;
E_0x5555602b7dc0/165 .event anyedge, v0x5555602ba060_658, v0x5555602ba060_659, v0x5555602ba060_660, v0x5555602ba060_661;
v0x5555602ba060_662 .array/port v0x5555602ba060, 662;
v0x5555602ba060_663 .array/port v0x5555602ba060, 663;
v0x5555602ba060_664 .array/port v0x5555602ba060, 664;
v0x5555602ba060_665 .array/port v0x5555602ba060, 665;
E_0x5555602b7dc0/166 .event anyedge, v0x5555602ba060_662, v0x5555602ba060_663, v0x5555602ba060_664, v0x5555602ba060_665;
v0x5555602ba060_666 .array/port v0x5555602ba060, 666;
v0x5555602ba060_667 .array/port v0x5555602ba060, 667;
v0x5555602ba060_668 .array/port v0x5555602ba060, 668;
v0x5555602ba060_669 .array/port v0x5555602ba060, 669;
E_0x5555602b7dc0/167 .event anyedge, v0x5555602ba060_666, v0x5555602ba060_667, v0x5555602ba060_668, v0x5555602ba060_669;
v0x5555602ba060_670 .array/port v0x5555602ba060, 670;
v0x5555602ba060_671 .array/port v0x5555602ba060, 671;
v0x5555602ba060_672 .array/port v0x5555602ba060, 672;
v0x5555602ba060_673 .array/port v0x5555602ba060, 673;
E_0x5555602b7dc0/168 .event anyedge, v0x5555602ba060_670, v0x5555602ba060_671, v0x5555602ba060_672, v0x5555602ba060_673;
v0x5555602ba060_674 .array/port v0x5555602ba060, 674;
v0x5555602ba060_675 .array/port v0x5555602ba060, 675;
v0x5555602ba060_676 .array/port v0x5555602ba060, 676;
v0x5555602ba060_677 .array/port v0x5555602ba060, 677;
E_0x5555602b7dc0/169 .event anyedge, v0x5555602ba060_674, v0x5555602ba060_675, v0x5555602ba060_676, v0x5555602ba060_677;
v0x5555602ba060_678 .array/port v0x5555602ba060, 678;
v0x5555602ba060_679 .array/port v0x5555602ba060, 679;
v0x5555602ba060_680 .array/port v0x5555602ba060, 680;
v0x5555602ba060_681 .array/port v0x5555602ba060, 681;
E_0x5555602b7dc0/170 .event anyedge, v0x5555602ba060_678, v0x5555602ba060_679, v0x5555602ba060_680, v0x5555602ba060_681;
v0x5555602ba060_682 .array/port v0x5555602ba060, 682;
v0x5555602ba060_683 .array/port v0x5555602ba060, 683;
v0x5555602ba060_684 .array/port v0x5555602ba060, 684;
v0x5555602ba060_685 .array/port v0x5555602ba060, 685;
E_0x5555602b7dc0/171 .event anyedge, v0x5555602ba060_682, v0x5555602ba060_683, v0x5555602ba060_684, v0x5555602ba060_685;
v0x5555602ba060_686 .array/port v0x5555602ba060, 686;
v0x5555602ba060_687 .array/port v0x5555602ba060, 687;
v0x5555602ba060_688 .array/port v0x5555602ba060, 688;
v0x5555602ba060_689 .array/port v0x5555602ba060, 689;
E_0x5555602b7dc0/172 .event anyedge, v0x5555602ba060_686, v0x5555602ba060_687, v0x5555602ba060_688, v0x5555602ba060_689;
v0x5555602ba060_690 .array/port v0x5555602ba060, 690;
v0x5555602ba060_691 .array/port v0x5555602ba060, 691;
v0x5555602ba060_692 .array/port v0x5555602ba060, 692;
v0x5555602ba060_693 .array/port v0x5555602ba060, 693;
E_0x5555602b7dc0/173 .event anyedge, v0x5555602ba060_690, v0x5555602ba060_691, v0x5555602ba060_692, v0x5555602ba060_693;
v0x5555602ba060_694 .array/port v0x5555602ba060, 694;
v0x5555602ba060_695 .array/port v0x5555602ba060, 695;
v0x5555602ba060_696 .array/port v0x5555602ba060, 696;
v0x5555602ba060_697 .array/port v0x5555602ba060, 697;
E_0x5555602b7dc0/174 .event anyedge, v0x5555602ba060_694, v0x5555602ba060_695, v0x5555602ba060_696, v0x5555602ba060_697;
v0x5555602ba060_698 .array/port v0x5555602ba060, 698;
v0x5555602ba060_699 .array/port v0x5555602ba060, 699;
v0x5555602ba060_700 .array/port v0x5555602ba060, 700;
v0x5555602ba060_701 .array/port v0x5555602ba060, 701;
E_0x5555602b7dc0/175 .event anyedge, v0x5555602ba060_698, v0x5555602ba060_699, v0x5555602ba060_700, v0x5555602ba060_701;
v0x5555602ba060_702 .array/port v0x5555602ba060, 702;
v0x5555602ba060_703 .array/port v0x5555602ba060, 703;
v0x5555602ba060_704 .array/port v0x5555602ba060, 704;
v0x5555602ba060_705 .array/port v0x5555602ba060, 705;
E_0x5555602b7dc0/176 .event anyedge, v0x5555602ba060_702, v0x5555602ba060_703, v0x5555602ba060_704, v0x5555602ba060_705;
v0x5555602ba060_706 .array/port v0x5555602ba060, 706;
v0x5555602ba060_707 .array/port v0x5555602ba060, 707;
v0x5555602ba060_708 .array/port v0x5555602ba060, 708;
v0x5555602ba060_709 .array/port v0x5555602ba060, 709;
E_0x5555602b7dc0/177 .event anyedge, v0x5555602ba060_706, v0x5555602ba060_707, v0x5555602ba060_708, v0x5555602ba060_709;
v0x5555602ba060_710 .array/port v0x5555602ba060, 710;
v0x5555602ba060_711 .array/port v0x5555602ba060, 711;
v0x5555602ba060_712 .array/port v0x5555602ba060, 712;
v0x5555602ba060_713 .array/port v0x5555602ba060, 713;
E_0x5555602b7dc0/178 .event anyedge, v0x5555602ba060_710, v0x5555602ba060_711, v0x5555602ba060_712, v0x5555602ba060_713;
v0x5555602ba060_714 .array/port v0x5555602ba060, 714;
v0x5555602ba060_715 .array/port v0x5555602ba060, 715;
v0x5555602ba060_716 .array/port v0x5555602ba060, 716;
v0x5555602ba060_717 .array/port v0x5555602ba060, 717;
E_0x5555602b7dc0/179 .event anyedge, v0x5555602ba060_714, v0x5555602ba060_715, v0x5555602ba060_716, v0x5555602ba060_717;
v0x5555602ba060_718 .array/port v0x5555602ba060, 718;
v0x5555602ba060_719 .array/port v0x5555602ba060, 719;
v0x5555602ba060_720 .array/port v0x5555602ba060, 720;
v0x5555602ba060_721 .array/port v0x5555602ba060, 721;
E_0x5555602b7dc0/180 .event anyedge, v0x5555602ba060_718, v0x5555602ba060_719, v0x5555602ba060_720, v0x5555602ba060_721;
v0x5555602ba060_722 .array/port v0x5555602ba060, 722;
v0x5555602ba060_723 .array/port v0x5555602ba060, 723;
v0x5555602ba060_724 .array/port v0x5555602ba060, 724;
v0x5555602ba060_725 .array/port v0x5555602ba060, 725;
E_0x5555602b7dc0/181 .event anyedge, v0x5555602ba060_722, v0x5555602ba060_723, v0x5555602ba060_724, v0x5555602ba060_725;
v0x5555602ba060_726 .array/port v0x5555602ba060, 726;
v0x5555602ba060_727 .array/port v0x5555602ba060, 727;
v0x5555602ba060_728 .array/port v0x5555602ba060, 728;
v0x5555602ba060_729 .array/port v0x5555602ba060, 729;
E_0x5555602b7dc0/182 .event anyedge, v0x5555602ba060_726, v0x5555602ba060_727, v0x5555602ba060_728, v0x5555602ba060_729;
v0x5555602ba060_730 .array/port v0x5555602ba060, 730;
v0x5555602ba060_731 .array/port v0x5555602ba060, 731;
v0x5555602ba060_732 .array/port v0x5555602ba060, 732;
v0x5555602ba060_733 .array/port v0x5555602ba060, 733;
E_0x5555602b7dc0/183 .event anyedge, v0x5555602ba060_730, v0x5555602ba060_731, v0x5555602ba060_732, v0x5555602ba060_733;
v0x5555602ba060_734 .array/port v0x5555602ba060, 734;
v0x5555602ba060_735 .array/port v0x5555602ba060, 735;
v0x5555602ba060_736 .array/port v0x5555602ba060, 736;
v0x5555602ba060_737 .array/port v0x5555602ba060, 737;
E_0x5555602b7dc0/184 .event anyedge, v0x5555602ba060_734, v0x5555602ba060_735, v0x5555602ba060_736, v0x5555602ba060_737;
v0x5555602ba060_738 .array/port v0x5555602ba060, 738;
v0x5555602ba060_739 .array/port v0x5555602ba060, 739;
v0x5555602ba060_740 .array/port v0x5555602ba060, 740;
v0x5555602ba060_741 .array/port v0x5555602ba060, 741;
E_0x5555602b7dc0/185 .event anyedge, v0x5555602ba060_738, v0x5555602ba060_739, v0x5555602ba060_740, v0x5555602ba060_741;
v0x5555602ba060_742 .array/port v0x5555602ba060, 742;
v0x5555602ba060_743 .array/port v0x5555602ba060, 743;
v0x5555602ba060_744 .array/port v0x5555602ba060, 744;
v0x5555602ba060_745 .array/port v0x5555602ba060, 745;
E_0x5555602b7dc0/186 .event anyedge, v0x5555602ba060_742, v0x5555602ba060_743, v0x5555602ba060_744, v0x5555602ba060_745;
v0x5555602ba060_746 .array/port v0x5555602ba060, 746;
v0x5555602ba060_747 .array/port v0x5555602ba060, 747;
v0x5555602ba060_748 .array/port v0x5555602ba060, 748;
v0x5555602ba060_749 .array/port v0x5555602ba060, 749;
E_0x5555602b7dc0/187 .event anyedge, v0x5555602ba060_746, v0x5555602ba060_747, v0x5555602ba060_748, v0x5555602ba060_749;
v0x5555602ba060_750 .array/port v0x5555602ba060, 750;
v0x5555602ba060_751 .array/port v0x5555602ba060, 751;
v0x5555602ba060_752 .array/port v0x5555602ba060, 752;
v0x5555602ba060_753 .array/port v0x5555602ba060, 753;
E_0x5555602b7dc0/188 .event anyedge, v0x5555602ba060_750, v0x5555602ba060_751, v0x5555602ba060_752, v0x5555602ba060_753;
v0x5555602ba060_754 .array/port v0x5555602ba060, 754;
v0x5555602ba060_755 .array/port v0x5555602ba060, 755;
v0x5555602ba060_756 .array/port v0x5555602ba060, 756;
v0x5555602ba060_757 .array/port v0x5555602ba060, 757;
E_0x5555602b7dc0/189 .event anyedge, v0x5555602ba060_754, v0x5555602ba060_755, v0x5555602ba060_756, v0x5555602ba060_757;
v0x5555602ba060_758 .array/port v0x5555602ba060, 758;
v0x5555602ba060_759 .array/port v0x5555602ba060, 759;
v0x5555602ba060_760 .array/port v0x5555602ba060, 760;
v0x5555602ba060_761 .array/port v0x5555602ba060, 761;
E_0x5555602b7dc0/190 .event anyedge, v0x5555602ba060_758, v0x5555602ba060_759, v0x5555602ba060_760, v0x5555602ba060_761;
v0x5555602ba060_762 .array/port v0x5555602ba060, 762;
v0x5555602ba060_763 .array/port v0x5555602ba060, 763;
v0x5555602ba060_764 .array/port v0x5555602ba060, 764;
v0x5555602ba060_765 .array/port v0x5555602ba060, 765;
E_0x5555602b7dc0/191 .event anyedge, v0x5555602ba060_762, v0x5555602ba060_763, v0x5555602ba060_764, v0x5555602ba060_765;
v0x5555602ba060_766 .array/port v0x5555602ba060, 766;
v0x5555602ba060_767 .array/port v0x5555602ba060, 767;
v0x5555602ba060_768 .array/port v0x5555602ba060, 768;
v0x5555602ba060_769 .array/port v0x5555602ba060, 769;
E_0x5555602b7dc0/192 .event anyedge, v0x5555602ba060_766, v0x5555602ba060_767, v0x5555602ba060_768, v0x5555602ba060_769;
v0x5555602ba060_770 .array/port v0x5555602ba060, 770;
v0x5555602ba060_771 .array/port v0x5555602ba060, 771;
v0x5555602ba060_772 .array/port v0x5555602ba060, 772;
v0x5555602ba060_773 .array/port v0x5555602ba060, 773;
E_0x5555602b7dc0/193 .event anyedge, v0x5555602ba060_770, v0x5555602ba060_771, v0x5555602ba060_772, v0x5555602ba060_773;
v0x5555602ba060_774 .array/port v0x5555602ba060, 774;
v0x5555602ba060_775 .array/port v0x5555602ba060, 775;
v0x5555602ba060_776 .array/port v0x5555602ba060, 776;
v0x5555602ba060_777 .array/port v0x5555602ba060, 777;
E_0x5555602b7dc0/194 .event anyedge, v0x5555602ba060_774, v0x5555602ba060_775, v0x5555602ba060_776, v0x5555602ba060_777;
v0x5555602ba060_778 .array/port v0x5555602ba060, 778;
v0x5555602ba060_779 .array/port v0x5555602ba060, 779;
v0x5555602ba060_780 .array/port v0x5555602ba060, 780;
v0x5555602ba060_781 .array/port v0x5555602ba060, 781;
E_0x5555602b7dc0/195 .event anyedge, v0x5555602ba060_778, v0x5555602ba060_779, v0x5555602ba060_780, v0x5555602ba060_781;
v0x5555602ba060_782 .array/port v0x5555602ba060, 782;
v0x5555602ba060_783 .array/port v0x5555602ba060, 783;
v0x5555602ba060_784 .array/port v0x5555602ba060, 784;
v0x5555602ba060_785 .array/port v0x5555602ba060, 785;
E_0x5555602b7dc0/196 .event anyedge, v0x5555602ba060_782, v0x5555602ba060_783, v0x5555602ba060_784, v0x5555602ba060_785;
v0x5555602ba060_786 .array/port v0x5555602ba060, 786;
v0x5555602ba060_787 .array/port v0x5555602ba060, 787;
v0x5555602ba060_788 .array/port v0x5555602ba060, 788;
v0x5555602ba060_789 .array/port v0x5555602ba060, 789;
E_0x5555602b7dc0/197 .event anyedge, v0x5555602ba060_786, v0x5555602ba060_787, v0x5555602ba060_788, v0x5555602ba060_789;
v0x5555602ba060_790 .array/port v0x5555602ba060, 790;
v0x5555602ba060_791 .array/port v0x5555602ba060, 791;
v0x5555602ba060_792 .array/port v0x5555602ba060, 792;
v0x5555602ba060_793 .array/port v0x5555602ba060, 793;
E_0x5555602b7dc0/198 .event anyedge, v0x5555602ba060_790, v0x5555602ba060_791, v0x5555602ba060_792, v0x5555602ba060_793;
v0x5555602ba060_794 .array/port v0x5555602ba060, 794;
v0x5555602ba060_795 .array/port v0x5555602ba060, 795;
v0x5555602ba060_796 .array/port v0x5555602ba060, 796;
v0x5555602ba060_797 .array/port v0x5555602ba060, 797;
E_0x5555602b7dc0/199 .event anyedge, v0x5555602ba060_794, v0x5555602ba060_795, v0x5555602ba060_796, v0x5555602ba060_797;
v0x5555602ba060_798 .array/port v0x5555602ba060, 798;
v0x5555602ba060_799 .array/port v0x5555602ba060, 799;
v0x5555602ba060_800 .array/port v0x5555602ba060, 800;
v0x5555602ba060_801 .array/port v0x5555602ba060, 801;
E_0x5555602b7dc0/200 .event anyedge, v0x5555602ba060_798, v0x5555602ba060_799, v0x5555602ba060_800, v0x5555602ba060_801;
v0x5555602ba060_802 .array/port v0x5555602ba060, 802;
v0x5555602ba060_803 .array/port v0x5555602ba060, 803;
v0x5555602ba060_804 .array/port v0x5555602ba060, 804;
v0x5555602ba060_805 .array/port v0x5555602ba060, 805;
E_0x5555602b7dc0/201 .event anyedge, v0x5555602ba060_802, v0x5555602ba060_803, v0x5555602ba060_804, v0x5555602ba060_805;
v0x5555602ba060_806 .array/port v0x5555602ba060, 806;
v0x5555602ba060_807 .array/port v0x5555602ba060, 807;
v0x5555602ba060_808 .array/port v0x5555602ba060, 808;
v0x5555602ba060_809 .array/port v0x5555602ba060, 809;
E_0x5555602b7dc0/202 .event anyedge, v0x5555602ba060_806, v0x5555602ba060_807, v0x5555602ba060_808, v0x5555602ba060_809;
v0x5555602ba060_810 .array/port v0x5555602ba060, 810;
v0x5555602ba060_811 .array/port v0x5555602ba060, 811;
v0x5555602ba060_812 .array/port v0x5555602ba060, 812;
v0x5555602ba060_813 .array/port v0x5555602ba060, 813;
E_0x5555602b7dc0/203 .event anyedge, v0x5555602ba060_810, v0x5555602ba060_811, v0x5555602ba060_812, v0x5555602ba060_813;
v0x5555602ba060_814 .array/port v0x5555602ba060, 814;
v0x5555602ba060_815 .array/port v0x5555602ba060, 815;
v0x5555602ba060_816 .array/port v0x5555602ba060, 816;
v0x5555602ba060_817 .array/port v0x5555602ba060, 817;
E_0x5555602b7dc0/204 .event anyedge, v0x5555602ba060_814, v0x5555602ba060_815, v0x5555602ba060_816, v0x5555602ba060_817;
v0x5555602ba060_818 .array/port v0x5555602ba060, 818;
v0x5555602ba060_819 .array/port v0x5555602ba060, 819;
v0x5555602ba060_820 .array/port v0x5555602ba060, 820;
v0x5555602ba060_821 .array/port v0x5555602ba060, 821;
E_0x5555602b7dc0/205 .event anyedge, v0x5555602ba060_818, v0x5555602ba060_819, v0x5555602ba060_820, v0x5555602ba060_821;
v0x5555602ba060_822 .array/port v0x5555602ba060, 822;
v0x5555602ba060_823 .array/port v0x5555602ba060, 823;
v0x5555602ba060_824 .array/port v0x5555602ba060, 824;
v0x5555602ba060_825 .array/port v0x5555602ba060, 825;
E_0x5555602b7dc0/206 .event anyedge, v0x5555602ba060_822, v0x5555602ba060_823, v0x5555602ba060_824, v0x5555602ba060_825;
v0x5555602ba060_826 .array/port v0x5555602ba060, 826;
v0x5555602ba060_827 .array/port v0x5555602ba060, 827;
v0x5555602ba060_828 .array/port v0x5555602ba060, 828;
v0x5555602ba060_829 .array/port v0x5555602ba060, 829;
E_0x5555602b7dc0/207 .event anyedge, v0x5555602ba060_826, v0x5555602ba060_827, v0x5555602ba060_828, v0x5555602ba060_829;
v0x5555602ba060_830 .array/port v0x5555602ba060, 830;
v0x5555602ba060_831 .array/port v0x5555602ba060, 831;
v0x5555602ba060_832 .array/port v0x5555602ba060, 832;
v0x5555602ba060_833 .array/port v0x5555602ba060, 833;
E_0x5555602b7dc0/208 .event anyedge, v0x5555602ba060_830, v0x5555602ba060_831, v0x5555602ba060_832, v0x5555602ba060_833;
v0x5555602ba060_834 .array/port v0x5555602ba060, 834;
v0x5555602ba060_835 .array/port v0x5555602ba060, 835;
v0x5555602ba060_836 .array/port v0x5555602ba060, 836;
v0x5555602ba060_837 .array/port v0x5555602ba060, 837;
E_0x5555602b7dc0/209 .event anyedge, v0x5555602ba060_834, v0x5555602ba060_835, v0x5555602ba060_836, v0x5555602ba060_837;
v0x5555602ba060_838 .array/port v0x5555602ba060, 838;
v0x5555602ba060_839 .array/port v0x5555602ba060, 839;
v0x5555602ba060_840 .array/port v0x5555602ba060, 840;
v0x5555602ba060_841 .array/port v0x5555602ba060, 841;
E_0x5555602b7dc0/210 .event anyedge, v0x5555602ba060_838, v0x5555602ba060_839, v0x5555602ba060_840, v0x5555602ba060_841;
v0x5555602ba060_842 .array/port v0x5555602ba060, 842;
v0x5555602ba060_843 .array/port v0x5555602ba060, 843;
v0x5555602ba060_844 .array/port v0x5555602ba060, 844;
v0x5555602ba060_845 .array/port v0x5555602ba060, 845;
E_0x5555602b7dc0/211 .event anyedge, v0x5555602ba060_842, v0x5555602ba060_843, v0x5555602ba060_844, v0x5555602ba060_845;
v0x5555602ba060_846 .array/port v0x5555602ba060, 846;
v0x5555602ba060_847 .array/port v0x5555602ba060, 847;
v0x5555602ba060_848 .array/port v0x5555602ba060, 848;
v0x5555602ba060_849 .array/port v0x5555602ba060, 849;
E_0x5555602b7dc0/212 .event anyedge, v0x5555602ba060_846, v0x5555602ba060_847, v0x5555602ba060_848, v0x5555602ba060_849;
v0x5555602ba060_850 .array/port v0x5555602ba060, 850;
v0x5555602ba060_851 .array/port v0x5555602ba060, 851;
v0x5555602ba060_852 .array/port v0x5555602ba060, 852;
v0x5555602ba060_853 .array/port v0x5555602ba060, 853;
E_0x5555602b7dc0/213 .event anyedge, v0x5555602ba060_850, v0x5555602ba060_851, v0x5555602ba060_852, v0x5555602ba060_853;
v0x5555602ba060_854 .array/port v0x5555602ba060, 854;
v0x5555602ba060_855 .array/port v0x5555602ba060, 855;
v0x5555602ba060_856 .array/port v0x5555602ba060, 856;
v0x5555602ba060_857 .array/port v0x5555602ba060, 857;
E_0x5555602b7dc0/214 .event anyedge, v0x5555602ba060_854, v0x5555602ba060_855, v0x5555602ba060_856, v0x5555602ba060_857;
v0x5555602ba060_858 .array/port v0x5555602ba060, 858;
v0x5555602ba060_859 .array/port v0x5555602ba060, 859;
v0x5555602ba060_860 .array/port v0x5555602ba060, 860;
v0x5555602ba060_861 .array/port v0x5555602ba060, 861;
E_0x5555602b7dc0/215 .event anyedge, v0x5555602ba060_858, v0x5555602ba060_859, v0x5555602ba060_860, v0x5555602ba060_861;
v0x5555602ba060_862 .array/port v0x5555602ba060, 862;
v0x5555602ba060_863 .array/port v0x5555602ba060, 863;
v0x5555602ba060_864 .array/port v0x5555602ba060, 864;
v0x5555602ba060_865 .array/port v0x5555602ba060, 865;
E_0x5555602b7dc0/216 .event anyedge, v0x5555602ba060_862, v0x5555602ba060_863, v0x5555602ba060_864, v0x5555602ba060_865;
v0x5555602ba060_866 .array/port v0x5555602ba060, 866;
v0x5555602ba060_867 .array/port v0x5555602ba060, 867;
v0x5555602ba060_868 .array/port v0x5555602ba060, 868;
v0x5555602ba060_869 .array/port v0x5555602ba060, 869;
E_0x5555602b7dc0/217 .event anyedge, v0x5555602ba060_866, v0x5555602ba060_867, v0x5555602ba060_868, v0x5555602ba060_869;
v0x5555602ba060_870 .array/port v0x5555602ba060, 870;
v0x5555602ba060_871 .array/port v0x5555602ba060, 871;
v0x5555602ba060_872 .array/port v0x5555602ba060, 872;
v0x5555602ba060_873 .array/port v0x5555602ba060, 873;
E_0x5555602b7dc0/218 .event anyedge, v0x5555602ba060_870, v0x5555602ba060_871, v0x5555602ba060_872, v0x5555602ba060_873;
v0x5555602ba060_874 .array/port v0x5555602ba060, 874;
v0x5555602ba060_875 .array/port v0x5555602ba060, 875;
v0x5555602ba060_876 .array/port v0x5555602ba060, 876;
v0x5555602ba060_877 .array/port v0x5555602ba060, 877;
E_0x5555602b7dc0/219 .event anyedge, v0x5555602ba060_874, v0x5555602ba060_875, v0x5555602ba060_876, v0x5555602ba060_877;
v0x5555602ba060_878 .array/port v0x5555602ba060, 878;
v0x5555602ba060_879 .array/port v0x5555602ba060, 879;
v0x5555602ba060_880 .array/port v0x5555602ba060, 880;
v0x5555602ba060_881 .array/port v0x5555602ba060, 881;
E_0x5555602b7dc0/220 .event anyedge, v0x5555602ba060_878, v0x5555602ba060_879, v0x5555602ba060_880, v0x5555602ba060_881;
v0x5555602ba060_882 .array/port v0x5555602ba060, 882;
v0x5555602ba060_883 .array/port v0x5555602ba060, 883;
v0x5555602ba060_884 .array/port v0x5555602ba060, 884;
v0x5555602ba060_885 .array/port v0x5555602ba060, 885;
E_0x5555602b7dc0/221 .event anyedge, v0x5555602ba060_882, v0x5555602ba060_883, v0x5555602ba060_884, v0x5555602ba060_885;
v0x5555602ba060_886 .array/port v0x5555602ba060, 886;
v0x5555602ba060_887 .array/port v0x5555602ba060, 887;
v0x5555602ba060_888 .array/port v0x5555602ba060, 888;
v0x5555602ba060_889 .array/port v0x5555602ba060, 889;
E_0x5555602b7dc0/222 .event anyedge, v0x5555602ba060_886, v0x5555602ba060_887, v0x5555602ba060_888, v0x5555602ba060_889;
v0x5555602ba060_890 .array/port v0x5555602ba060, 890;
v0x5555602ba060_891 .array/port v0x5555602ba060, 891;
v0x5555602ba060_892 .array/port v0x5555602ba060, 892;
v0x5555602ba060_893 .array/port v0x5555602ba060, 893;
E_0x5555602b7dc0/223 .event anyedge, v0x5555602ba060_890, v0x5555602ba060_891, v0x5555602ba060_892, v0x5555602ba060_893;
v0x5555602ba060_894 .array/port v0x5555602ba060, 894;
v0x5555602ba060_895 .array/port v0x5555602ba060, 895;
v0x5555602ba060_896 .array/port v0x5555602ba060, 896;
v0x5555602ba060_897 .array/port v0x5555602ba060, 897;
E_0x5555602b7dc0/224 .event anyedge, v0x5555602ba060_894, v0x5555602ba060_895, v0x5555602ba060_896, v0x5555602ba060_897;
v0x5555602ba060_898 .array/port v0x5555602ba060, 898;
v0x5555602ba060_899 .array/port v0x5555602ba060, 899;
v0x5555602ba060_900 .array/port v0x5555602ba060, 900;
v0x5555602ba060_901 .array/port v0x5555602ba060, 901;
E_0x5555602b7dc0/225 .event anyedge, v0x5555602ba060_898, v0x5555602ba060_899, v0x5555602ba060_900, v0x5555602ba060_901;
v0x5555602ba060_902 .array/port v0x5555602ba060, 902;
v0x5555602ba060_903 .array/port v0x5555602ba060, 903;
v0x5555602ba060_904 .array/port v0x5555602ba060, 904;
v0x5555602ba060_905 .array/port v0x5555602ba060, 905;
E_0x5555602b7dc0/226 .event anyedge, v0x5555602ba060_902, v0x5555602ba060_903, v0x5555602ba060_904, v0x5555602ba060_905;
v0x5555602ba060_906 .array/port v0x5555602ba060, 906;
v0x5555602ba060_907 .array/port v0x5555602ba060, 907;
v0x5555602ba060_908 .array/port v0x5555602ba060, 908;
v0x5555602ba060_909 .array/port v0x5555602ba060, 909;
E_0x5555602b7dc0/227 .event anyedge, v0x5555602ba060_906, v0x5555602ba060_907, v0x5555602ba060_908, v0x5555602ba060_909;
v0x5555602ba060_910 .array/port v0x5555602ba060, 910;
v0x5555602ba060_911 .array/port v0x5555602ba060, 911;
v0x5555602ba060_912 .array/port v0x5555602ba060, 912;
v0x5555602ba060_913 .array/port v0x5555602ba060, 913;
E_0x5555602b7dc0/228 .event anyedge, v0x5555602ba060_910, v0x5555602ba060_911, v0x5555602ba060_912, v0x5555602ba060_913;
v0x5555602ba060_914 .array/port v0x5555602ba060, 914;
v0x5555602ba060_915 .array/port v0x5555602ba060, 915;
v0x5555602ba060_916 .array/port v0x5555602ba060, 916;
v0x5555602ba060_917 .array/port v0x5555602ba060, 917;
E_0x5555602b7dc0/229 .event anyedge, v0x5555602ba060_914, v0x5555602ba060_915, v0x5555602ba060_916, v0x5555602ba060_917;
v0x5555602ba060_918 .array/port v0x5555602ba060, 918;
v0x5555602ba060_919 .array/port v0x5555602ba060, 919;
v0x5555602ba060_920 .array/port v0x5555602ba060, 920;
v0x5555602ba060_921 .array/port v0x5555602ba060, 921;
E_0x5555602b7dc0/230 .event anyedge, v0x5555602ba060_918, v0x5555602ba060_919, v0x5555602ba060_920, v0x5555602ba060_921;
v0x5555602ba060_922 .array/port v0x5555602ba060, 922;
v0x5555602ba060_923 .array/port v0x5555602ba060, 923;
v0x5555602ba060_924 .array/port v0x5555602ba060, 924;
v0x5555602ba060_925 .array/port v0x5555602ba060, 925;
E_0x5555602b7dc0/231 .event anyedge, v0x5555602ba060_922, v0x5555602ba060_923, v0x5555602ba060_924, v0x5555602ba060_925;
v0x5555602ba060_926 .array/port v0x5555602ba060, 926;
v0x5555602ba060_927 .array/port v0x5555602ba060, 927;
v0x5555602ba060_928 .array/port v0x5555602ba060, 928;
v0x5555602ba060_929 .array/port v0x5555602ba060, 929;
E_0x5555602b7dc0/232 .event anyedge, v0x5555602ba060_926, v0x5555602ba060_927, v0x5555602ba060_928, v0x5555602ba060_929;
v0x5555602ba060_930 .array/port v0x5555602ba060, 930;
v0x5555602ba060_931 .array/port v0x5555602ba060, 931;
v0x5555602ba060_932 .array/port v0x5555602ba060, 932;
v0x5555602ba060_933 .array/port v0x5555602ba060, 933;
E_0x5555602b7dc0/233 .event anyedge, v0x5555602ba060_930, v0x5555602ba060_931, v0x5555602ba060_932, v0x5555602ba060_933;
v0x5555602ba060_934 .array/port v0x5555602ba060, 934;
v0x5555602ba060_935 .array/port v0x5555602ba060, 935;
v0x5555602ba060_936 .array/port v0x5555602ba060, 936;
v0x5555602ba060_937 .array/port v0x5555602ba060, 937;
E_0x5555602b7dc0/234 .event anyedge, v0x5555602ba060_934, v0x5555602ba060_935, v0x5555602ba060_936, v0x5555602ba060_937;
v0x5555602ba060_938 .array/port v0x5555602ba060, 938;
v0x5555602ba060_939 .array/port v0x5555602ba060, 939;
v0x5555602ba060_940 .array/port v0x5555602ba060, 940;
v0x5555602ba060_941 .array/port v0x5555602ba060, 941;
E_0x5555602b7dc0/235 .event anyedge, v0x5555602ba060_938, v0x5555602ba060_939, v0x5555602ba060_940, v0x5555602ba060_941;
v0x5555602ba060_942 .array/port v0x5555602ba060, 942;
v0x5555602ba060_943 .array/port v0x5555602ba060, 943;
v0x5555602ba060_944 .array/port v0x5555602ba060, 944;
v0x5555602ba060_945 .array/port v0x5555602ba060, 945;
E_0x5555602b7dc0/236 .event anyedge, v0x5555602ba060_942, v0x5555602ba060_943, v0x5555602ba060_944, v0x5555602ba060_945;
v0x5555602ba060_946 .array/port v0x5555602ba060, 946;
v0x5555602ba060_947 .array/port v0x5555602ba060, 947;
v0x5555602ba060_948 .array/port v0x5555602ba060, 948;
v0x5555602ba060_949 .array/port v0x5555602ba060, 949;
E_0x5555602b7dc0/237 .event anyedge, v0x5555602ba060_946, v0x5555602ba060_947, v0x5555602ba060_948, v0x5555602ba060_949;
v0x5555602ba060_950 .array/port v0x5555602ba060, 950;
v0x5555602ba060_951 .array/port v0x5555602ba060, 951;
v0x5555602ba060_952 .array/port v0x5555602ba060, 952;
v0x5555602ba060_953 .array/port v0x5555602ba060, 953;
E_0x5555602b7dc0/238 .event anyedge, v0x5555602ba060_950, v0x5555602ba060_951, v0x5555602ba060_952, v0x5555602ba060_953;
v0x5555602ba060_954 .array/port v0x5555602ba060, 954;
v0x5555602ba060_955 .array/port v0x5555602ba060, 955;
v0x5555602ba060_956 .array/port v0x5555602ba060, 956;
v0x5555602ba060_957 .array/port v0x5555602ba060, 957;
E_0x5555602b7dc0/239 .event anyedge, v0x5555602ba060_954, v0x5555602ba060_955, v0x5555602ba060_956, v0x5555602ba060_957;
v0x5555602ba060_958 .array/port v0x5555602ba060, 958;
v0x5555602ba060_959 .array/port v0x5555602ba060, 959;
v0x5555602ba060_960 .array/port v0x5555602ba060, 960;
v0x5555602ba060_961 .array/port v0x5555602ba060, 961;
E_0x5555602b7dc0/240 .event anyedge, v0x5555602ba060_958, v0x5555602ba060_959, v0x5555602ba060_960, v0x5555602ba060_961;
v0x5555602ba060_962 .array/port v0x5555602ba060, 962;
v0x5555602ba060_963 .array/port v0x5555602ba060, 963;
v0x5555602ba060_964 .array/port v0x5555602ba060, 964;
v0x5555602ba060_965 .array/port v0x5555602ba060, 965;
E_0x5555602b7dc0/241 .event anyedge, v0x5555602ba060_962, v0x5555602ba060_963, v0x5555602ba060_964, v0x5555602ba060_965;
v0x5555602ba060_966 .array/port v0x5555602ba060, 966;
v0x5555602ba060_967 .array/port v0x5555602ba060, 967;
v0x5555602ba060_968 .array/port v0x5555602ba060, 968;
v0x5555602ba060_969 .array/port v0x5555602ba060, 969;
E_0x5555602b7dc0/242 .event anyedge, v0x5555602ba060_966, v0x5555602ba060_967, v0x5555602ba060_968, v0x5555602ba060_969;
v0x5555602ba060_970 .array/port v0x5555602ba060, 970;
v0x5555602ba060_971 .array/port v0x5555602ba060, 971;
v0x5555602ba060_972 .array/port v0x5555602ba060, 972;
v0x5555602ba060_973 .array/port v0x5555602ba060, 973;
E_0x5555602b7dc0/243 .event anyedge, v0x5555602ba060_970, v0x5555602ba060_971, v0x5555602ba060_972, v0x5555602ba060_973;
v0x5555602ba060_974 .array/port v0x5555602ba060, 974;
v0x5555602ba060_975 .array/port v0x5555602ba060, 975;
v0x5555602ba060_976 .array/port v0x5555602ba060, 976;
v0x5555602ba060_977 .array/port v0x5555602ba060, 977;
E_0x5555602b7dc0/244 .event anyedge, v0x5555602ba060_974, v0x5555602ba060_975, v0x5555602ba060_976, v0x5555602ba060_977;
v0x5555602ba060_978 .array/port v0x5555602ba060, 978;
v0x5555602ba060_979 .array/port v0x5555602ba060, 979;
v0x5555602ba060_980 .array/port v0x5555602ba060, 980;
v0x5555602ba060_981 .array/port v0x5555602ba060, 981;
E_0x5555602b7dc0/245 .event anyedge, v0x5555602ba060_978, v0x5555602ba060_979, v0x5555602ba060_980, v0x5555602ba060_981;
v0x5555602ba060_982 .array/port v0x5555602ba060, 982;
v0x5555602ba060_983 .array/port v0x5555602ba060, 983;
v0x5555602ba060_984 .array/port v0x5555602ba060, 984;
v0x5555602ba060_985 .array/port v0x5555602ba060, 985;
E_0x5555602b7dc0/246 .event anyedge, v0x5555602ba060_982, v0x5555602ba060_983, v0x5555602ba060_984, v0x5555602ba060_985;
v0x5555602ba060_986 .array/port v0x5555602ba060, 986;
v0x5555602ba060_987 .array/port v0x5555602ba060, 987;
v0x5555602ba060_988 .array/port v0x5555602ba060, 988;
v0x5555602ba060_989 .array/port v0x5555602ba060, 989;
E_0x5555602b7dc0/247 .event anyedge, v0x5555602ba060_986, v0x5555602ba060_987, v0x5555602ba060_988, v0x5555602ba060_989;
v0x5555602ba060_990 .array/port v0x5555602ba060, 990;
v0x5555602ba060_991 .array/port v0x5555602ba060, 991;
v0x5555602ba060_992 .array/port v0x5555602ba060, 992;
v0x5555602ba060_993 .array/port v0x5555602ba060, 993;
E_0x5555602b7dc0/248 .event anyedge, v0x5555602ba060_990, v0x5555602ba060_991, v0x5555602ba060_992, v0x5555602ba060_993;
v0x5555602ba060_994 .array/port v0x5555602ba060, 994;
v0x5555602ba060_995 .array/port v0x5555602ba060, 995;
v0x5555602ba060_996 .array/port v0x5555602ba060, 996;
v0x5555602ba060_997 .array/port v0x5555602ba060, 997;
E_0x5555602b7dc0/249 .event anyedge, v0x5555602ba060_994, v0x5555602ba060_995, v0x5555602ba060_996, v0x5555602ba060_997;
v0x5555602ba060_998 .array/port v0x5555602ba060, 998;
v0x5555602ba060_999 .array/port v0x5555602ba060, 999;
v0x5555602ba060_1000 .array/port v0x5555602ba060, 1000;
v0x5555602ba060_1001 .array/port v0x5555602ba060, 1001;
E_0x5555602b7dc0/250 .event anyedge, v0x5555602ba060_998, v0x5555602ba060_999, v0x5555602ba060_1000, v0x5555602ba060_1001;
v0x5555602ba060_1002 .array/port v0x5555602ba060, 1002;
v0x5555602ba060_1003 .array/port v0x5555602ba060, 1003;
v0x5555602ba060_1004 .array/port v0x5555602ba060, 1004;
v0x5555602ba060_1005 .array/port v0x5555602ba060, 1005;
E_0x5555602b7dc0/251 .event anyedge, v0x5555602ba060_1002, v0x5555602ba060_1003, v0x5555602ba060_1004, v0x5555602ba060_1005;
v0x5555602ba060_1006 .array/port v0x5555602ba060, 1006;
v0x5555602ba060_1007 .array/port v0x5555602ba060, 1007;
v0x5555602ba060_1008 .array/port v0x5555602ba060, 1008;
v0x5555602ba060_1009 .array/port v0x5555602ba060, 1009;
E_0x5555602b7dc0/252 .event anyedge, v0x5555602ba060_1006, v0x5555602ba060_1007, v0x5555602ba060_1008, v0x5555602ba060_1009;
v0x5555602ba060_1010 .array/port v0x5555602ba060, 1010;
v0x5555602ba060_1011 .array/port v0x5555602ba060, 1011;
v0x5555602ba060_1012 .array/port v0x5555602ba060, 1012;
v0x5555602ba060_1013 .array/port v0x5555602ba060, 1013;
E_0x5555602b7dc0/253 .event anyedge, v0x5555602ba060_1010, v0x5555602ba060_1011, v0x5555602ba060_1012, v0x5555602ba060_1013;
v0x5555602ba060_1014 .array/port v0x5555602ba060, 1014;
v0x5555602ba060_1015 .array/port v0x5555602ba060, 1015;
v0x5555602ba060_1016 .array/port v0x5555602ba060, 1016;
v0x5555602ba060_1017 .array/port v0x5555602ba060, 1017;
E_0x5555602b7dc0/254 .event anyedge, v0x5555602ba060_1014, v0x5555602ba060_1015, v0x5555602ba060_1016, v0x5555602ba060_1017;
v0x5555602ba060_1018 .array/port v0x5555602ba060, 1018;
v0x5555602ba060_1019 .array/port v0x5555602ba060, 1019;
v0x5555602ba060_1020 .array/port v0x5555602ba060, 1020;
v0x5555602ba060_1021 .array/port v0x5555602ba060, 1021;
E_0x5555602b7dc0/255 .event anyedge, v0x5555602ba060_1018, v0x5555602ba060_1019, v0x5555602ba060_1020, v0x5555602ba060_1021;
v0x5555602ba060_1022 .array/port v0x5555602ba060, 1022;
v0x5555602ba060_1023 .array/port v0x5555602ba060, 1023;
E_0x5555602b7dc0/256 .event anyedge, v0x5555602ba060_1022, v0x5555602ba060_1023;
E_0x5555602b7dc0 .event/or E_0x5555602b7dc0/0, E_0x5555602b7dc0/1, E_0x5555602b7dc0/2, E_0x5555602b7dc0/3, E_0x5555602b7dc0/4, E_0x5555602b7dc0/5, E_0x5555602b7dc0/6, E_0x5555602b7dc0/7, E_0x5555602b7dc0/8, E_0x5555602b7dc0/9, E_0x5555602b7dc0/10, E_0x5555602b7dc0/11, E_0x5555602b7dc0/12, E_0x5555602b7dc0/13, E_0x5555602b7dc0/14, E_0x5555602b7dc0/15, E_0x5555602b7dc0/16, E_0x5555602b7dc0/17, E_0x5555602b7dc0/18, E_0x5555602b7dc0/19, E_0x5555602b7dc0/20, E_0x5555602b7dc0/21, E_0x5555602b7dc0/22, E_0x5555602b7dc0/23, E_0x5555602b7dc0/24, E_0x5555602b7dc0/25, E_0x5555602b7dc0/26, E_0x5555602b7dc0/27, E_0x5555602b7dc0/28, E_0x5555602b7dc0/29, E_0x5555602b7dc0/30, E_0x5555602b7dc0/31, E_0x5555602b7dc0/32, E_0x5555602b7dc0/33, E_0x5555602b7dc0/34, E_0x5555602b7dc0/35, E_0x5555602b7dc0/36, E_0x5555602b7dc0/37, E_0x5555602b7dc0/38, E_0x5555602b7dc0/39, E_0x5555602b7dc0/40, E_0x5555602b7dc0/41, E_0x5555602b7dc0/42, E_0x5555602b7dc0/43, E_0x5555602b7dc0/44, E_0x5555602b7dc0/45, E_0x5555602b7dc0/46, E_0x5555602b7dc0/47, E_0x5555602b7dc0/48, E_0x5555602b7dc0/49, E_0x5555602b7dc0/50, E_0x5555602b7dc0/51, E_0x5555602b7dc0/52, E_0x5555602b7dc0/53, E_0x5555602b7dc0/54, E_0x5555602b7dc0/55, E_0x5555602b7dc0/56, E_0x5555602b7dc0/57, E_0x5555602b7dc0/58, E_0x5555602b7dc0/59, E_0x5555602b7dc0/60, E_0x5555602b7dc0/61, E_0x5555602b7dc0/62, E_0x5555602b7dc0/63, E_0x5555602b7dc0/64, E_0x5555602b7dc0/65, E_0x5555602b7dc0/66, E_0x5555602b7dc0/67, E_0x5555602b7dc0/68, E_0x5555602b7dc0/69, E_0x5555602b7dc0/70, E_0x5555602b7dc0/71, E_0x5555602b7dc0/72, E_0x5555602b7dc0/73, E_0x5555602b7dc0/74, E_0x5555602b7dc0/75, E_0x5555602b7dc0/76, E_0x5555602b7dc0/77, E_0x5555602b7dc0/78, E_0x5555602b7dc0/79, E_0x5555602b7dc0/80, E_0x5555602b7dc0/81, E_0x5555602b7dc0/82, E_0x5555602b7dc0/83, E_0x5555602b7dc0/84, E_0x5555602b7dc0/85, E_0x5555602b7dc0/86, E_0x5555602b7dc0/87, E_0x5555602b7dc0/88, E_0x5555602b7dc0/89, E_0x5555602b7dc0/90, E_0x5555602b7dc0/91, E_0x5555602b7dc0/92, E_0x5555602b7dc0/93, E_0x5555602b7dc0/94, E_0x5555602b7dc0/95, E_0x5555602b7dc0/96, E_0x5555602b7dc0/97, E_0x5555602b7dc0/98, E_0x5555602b7dc0/99, E_0x5555602b7dc0/100, E_0x5555602b7dc0/101, E_0x5555602b7dc0/102, E_0x5555602b7dc0/103, E_0x5555602b7dc0/104, E_0x5555602b7dc0/105, E_0x5555602b7dc0/106, E_0x5555602b7dc0/107, E_0x5555602b7dc0/108, E_0x5555602b7dc0/109, E_0x5555602b7dc0/110, E_0x5555602b7dc0/111, E_0x5555602b7dc0/112, E_0x5555602b7dc0/113, E_0x5555602b7dc0/114, E_0x5555602b7dc0/115, E_0x5555602b7dc0/116, E_0x5555602b7dc0/117, E_0x5555602b7dc0/118, E_0x5555602b7dc0/119, E_0x5555602b7dc0/120, E_0x5555602b7dc0/121, E_0x5555602b7dc0/122, E_0x5555602b7dc0/123, E_0x5555602b7dc0/124, E_0x5555602b7dc0/125, E_0x5555602b7dc0/126, E_0x5555602b7dc0/127, E_0x5555602b7dc0/128, E_0x5555602b7dc0/129, E_0x5555602b7dc0/130, E_0x5555602b7dc0/131, E_0x5555602b7dc0/132, E_0x5555602b7dc0/133, E_0x5555602b7dc0/134, E_0x5555602b7dc0/135, E_0x5555602b7dc0/136, E_0x5555602b7dc0/137, E_0x5555602b7dc0/138, E_0x5555602b7dc0/139, E_0x5555602b7dc0/140, E_0x5555602b7dc0/141, E_0x5555602b7dc0/142, E_0x5555602b7dc0/143, E_0x5555602b7dc0/144, E_0x5555602b7dc0/145, E_0x5555602b7dc0/146, E_0x5555602b7dc0/147, E_0x5555602b7dc0/148, E_0x5555602b7dc0/149, E_0x5555602b7dc0/150, E_0x5555602b7dc0/151, E_0x5555602b7dc0/152, E_0x5555602b7dc0/153, E_0x5555602b7dc0/154, E_0x5555602b7dc0/155, E_0x5555602b7dc0/156, E_0x5555602b7dc0/157, E_0x5555602b7dc0/158, E_0x5555602b7dc0/159, E_0x5555602b7dc0/160, E_0x5555602b7dc0/161, E_0x5555602b7dc0/162, E_0x5555602b7dc0/163, E_0x5555602b7dc0/164, E_0x5555602b7dc0/165, E_0x5555602b7dc0/166, E_0x5555602b7dc0/167, E_0x5555602b7dc0/168, E_0x5555602b7dc0/169, E_0x5555602b7dc0/170, E_0x5555602b7dc0/171, E_0x5555602b7dc0/172, E_0x5555602b7dc0/173, E_0x5555602b7dc0/174, E_0x5555602b7dc0/175, E_0x5555602b7dc0/176, E_0x5555602b7dc0/177, E_0x5555602b7dc0/178, E_0x5555602b7dc0/179, E_0x5555602b7dc0/180, E_0x5555602b7dc0/181, E_0x5555602b7dc0/182, E_0x5555602b7dc0/183, E_0x5555602b7dc0/184, E_0x5555602b7dc0/185, E_0x5555602b7dc0/186, E_0x5555602b7dc0/187, E_0x5555602b7dc0/188, E_0x5555602b7dc0/189, E_0x5555602b7dc0/190, E_0x5555602b7dc0/191, E_0x5555602b7dc0/192, E_0x5555602b7dc0/193, E_0x5555602b7dc0/194, E_0x5555602b7dc0/195, E_0x5555602b7dc0/196, E_0x5555602b7dc0/197, E_0x5555602b7dc0/198, E_0x5555602b7dc0/199, E_0x5555602b7dc0/200, E_0x5555602b7dc0/201, E_0x5555602b7dc0/202, E_0x5555602b7dc0/203, E_0x5555602b7dc0/204, E_0x5555602b7dc0/205, E_0x5555602b7dc0/206, E_0x5555602b7dc0/207, E_0x5555602b7dc0/208, E_0x5555602b7dc0/209, E_0x5555602b7dc0/210, E_0x5555602b7dc0/211, E_0x5555602b7dc0/212, E_0x5555602b7dc0/213, E_0x5555602b7dc0/214, E_0x5555602b7dc0/215, E_0x5555602b7dc0/216, E_0x5555602b7dc0/217, E_0x5555602b7dc0/218, E_0x5555602b7dc0/219, E_0x5555602b7dc0/220, E_0x5555602b7dc0/221, E_0x5555602b7dc0/222, E_0x5555602b7dc0/223, E_0x5555602b7dc0/224, E_0x5555602b7dc0/225, E_0x5555602b7dc0/226, E_0x5555602b7dc0/227, E_0x5555602b7dc0/228, E_0x5555602b7dc0/229, E_0x5555602b7dc0/230, E_0x5555602b7dc0/231, E_0x5555602b7dc0/232, E_0x5555602b7dc0/233, E_0x5555602b7dc0/234, E_0x5555602b7dc0/235, E_0x5555602b7dc0/236, E_0x5555602b7dc0/237, E_0x5555602b7dc0/238, E_0x5555602b7dc0/239, E_0x5555602b7dc0/240, E_0x5555602b7dc0/241, E_0x5555602b7dc0/242, E_0x5555602b7dc0/243, E_0x5555602b7dc0/244, E_0x5555602b7dc0/245, E_0x5555602b7dc0/246, E_0x5555602b7dc0/247, E_0x5555602b7dc0/248, E_0x5555602b7dc0/249, E_0x5555602b7dc0/250, E_0x5555602b7dc0/251, E_0x5555602b7dc0/252, E_0x5555602b7dc0/253, E_0x5555602b7dc0/254, E_0x5555602b7dc0/255, E_0x5555602b7dc0/256;
E_0x5555602b9e40 .event posedge, v0x5555602b9fa0_0;
S_0x5555602c4550 .scope module, "ex_mem_inst" "ex_mem" 6 303, 8 2 0, S_0x5555602b7670;
 .timescale -9 -12;
    .port_info 0 /INPUT 1 "clk";
    .port_info 1 /INPUT 1 "rst";
    .port_info 2 /INPUT 32 "alu_in";
    .port_info 3 /INPUT 32 "rs2_data_in";
    .port_info 4 /INPUT 5 "rd_in";
    .port_info 5 /INPUT 1 "mem_read_in";
    .port_info 6 /INPUT 1 "mem_write_in";
    .port_info 7 /INPUT 1 "mem_to_reg_in";
    .port_info 8 /INPUT 1 "reg_write_in";
    .port_info 9 /OUTPUT 32 "alu_out";
    .port_info 10 /OUTPUT 32 "rs2_data_out";
    .port_info 11 /OUTPUT 5 "rd_out";
    .port_info 12 /OUTPUT 1 "mem_read_out";
    .port_info 13 /OUTPUT 1 "mem_write_out";
    .port_info 14 /OUTPUT 1 "mem_to_reg_out";
    .port_info 15 /OUTPUT 1 "reg_write_out";
v0x5555602c4720_0 .net "alu_in", 31 0, L_0x5555602f02d0;  alias, 1 drivers
v0x5555602c4820_0 .var "alu_out", 31 0;
v0x5555602c48e0_0 .net "clk", 0 0, v0x5555602d7ac0_0;  alias, 1 drivers
v0x5555602c49e0_0 .net "mem_read_in", 0 0, v0x5555602c7790_0;  alias, 1 drivers
v0x5555602c4a80_0 .var "mem_read_out", 0 0;
v0x5555602c4b70_0 .net "mem_to_reg_in", 0 0, v0x5555602c7940_0;  alias, 1 drivers
v0x5555602c4c10_0 .var "mem_to_reg_out", 0 0;
v0x5555602c4cd0_0 .net "mem_write_in", 0 0, v0x5555602c7a80_0;  alias, 1 drivers
v0x5555602c4d90_0 .var "mem_write_out", 0 0;
v0x5555602c4ee0_0 .net "rd_in", 4 0, v0x5555602c8070_0;  alias, 1 drivers
v0x5555602c4fc0_0 .var "rd_out", 4 0;
v0x5555602c50a0_0 .net "reg_write_in", 0 0, v0x5555602c81f0_0;  alias, 1 drivers
v0x5555602c5160_0 .var "reg_write_out", 0 0;
v0x5555602c5220_0 .net "rs2_data_in", 31 0, v0x5555602c8840_0;  alias, 1 drivers
v0x5555602c5300_0 .var "rs2_data_out", 31 0;
v0x5555602c53c0_0 .net "rst", 0 0, v0x5555602d8650_0;  alias, 1 drivers
E_0x5555602b7cb0 .event posedge, v0x5555602c53c0_0, v0x5555602b9fa0_0;
S_0x5555602c56f0 .scope module, "forwarding_unit_inst" "forwarding_unit" 6 401, 9 1 0, S_0x5555602b7670;
 .timescale -9 -12;
    .port_info 0 /INPUT 5 "idex_rs1";
    .port_info 1 /INPUT 5 "idex_rs2";
    .port_info 2 /INPUT 5 "exmem_rd";
    .port_info 3 /INPUT 1 "exmem_reg_write";
    .port_info 4 /INPUT 5 "memwb_rd";
    .port_info 5 /INPUT 1 "memwb_reg_write";
    .port_info 6 /OUTPUT 2 "forward_a";
    .port_info 7 /OUTPUT 2 "forward_b";
v0x5555602c5980_0 .net "exmem_rd", 4 0, v0x5555602c4fc0_0;  alias, 1 drivers
v0x5555602c5a90_0 .net "exmem_reg_write", 0 0, v0x5555602c5160_0;  alias, 1 drivers
v0x5555602c5b60_0 .var "forward_a", 1 0;
v0x5555602c5c30_0 .var "forward_b", 1 0;
v0x5555602c5cf0_0 .net "idex_rs1", 4 0, v0x5555602c8290_0;  alias, 1 drivers
v0x5555602c5e20_0 .net "idex_rs2", 4 0, v0x5555602c85a0_0;  alias, 1 drivers
v0x5555602c5f00_0 .net "memwb_rd", 4 0, v0x5555602cb080_0;  alias, 1 drivers
v0x5555602c5fe0_0 .net "memwb_reg_write", 0 0, v0x5555602cb230_0;  alias, 1 drivers
E_0x5555602c5900/0 .event anyedge, v0x5555602c5160_0, v0x5555602c4fc0_0, v0x5555602c5cf0_0, v0x5555602c5e20_0;
E_0x5555602c5900/1 .event anyedge, v0x5555602c5fe0_0, v0x5555602c5f00_0;
E_0x5555602c5900 .event/or E_0x5555602c5900/0, E_0x5555602c5900/1;
S_0x5555602c61f0 .scope module, "hazard_unit" "hazard_detection_unit" 6 420, 10 1 0, S_0x5555602b7670;
 .timescale -9 -12;
    .port_info 0 /INPUT 5 "ifid_rs1";
    .port_info 1 /INPUT 5 "ifid_rs2";
    .port_info 2 /INPUT 5 "idex_rd";
    .port_info 3 /INPUT 1 "idex_mem_read";
    .port_info 4 /INPUT 1 "ifid_branch";
    .port_info 5 /OUTPUT 1 "pc_write";
    .port_info 6 /OUTPUT 1 "ifid_write";
    .port_info 7 /OUTPUT 1 "idex_flush";
v0x5555602c6460_0 .var "idex_flush", 0 0;
v0x5555602c6540_0 .net "idex_mem_read", 0 0, v0x5555602c7790_0;  alias, 1 drivers
v0x5555602c6600_0 .net "idex_rd", 4 0, v0x5555602c8070_0;  alias, 1 drivers
o0x774c679a6d98 .functor BUFZ 1, c4<z>; HiZ drive
v0x5555602c6700_0 .net "ifid_branch", 0 0, o0x774c679a6d98;  0 drivers
v0x5555602c67a0_0 .net "ifid_rs1", 4 0, L_0x5555602d8ce0;  alias, 1 drivers
v0x5555602c6890_0 .net "ifid_rs2", 4 0, L_0x5555602d8e10;  alias, 1 drivers
v0x5555602c6970_0 .var "ifid_write", 0 0;
v0x5555602c6a30_0 .var "pc_write", 0 0;
E_0x5555602c63d0 .event anyedge, v0x5555602c49e0_0, v0x5555602c4ee0_0, v0x5555602c67a0_0, v0x5555602c6890_0;
S_0x5555602c6c40 .scope module, "id_ex_inst" "id_ex" 6 226, 11 1 0, S_0x5555602b7670;
 .timescale -9 -12;
    .port_info 0 /INPUT 1 "clk";
    .port_info 1 /INPUT 1 "rst";
    .port_info 2 /INPUT 1 "flush";
    .port_info 3 /INPUT 32 "pc_in";
    .port_info 4 /INPUT 32 "rs1_data_in";
    .port_info 5 /INPUT 32 "rs2_data_in";
    .port_info 6 /INPUT 32 "imm_in";
    .port_info 7 /INPUT 5 "rs1_in";
    .port_info 8 /INPUT 5 "rs2_in";
    .port_info 9 /INPUT 5 "rd_in";
    .port_info 10 /INPUT 7 "opcode_in";
    .port_info 11 /INPUT 1 "alu_src_in";
    .port_info 12 /INPUT 1 "mem_read_in";
    .port_info 13 /INPUT 1 "mem_write_in";
    .port_info 14 /INPUT 1 "mem_to_reg_in";
    .port_info 15 /INPUT 1 "reg_write_in";
    .port_info 16 /OUTPUT 32 "pc_out";
    .port_info 17 /OUTPUT 32 "rs1_out";
    .port_info 18 /OUTPUT 32 "rs2_out";
    .port_info 19 /OUTPUT 32 "imm_out";
    .port_info 20 /OUTPUT 5 "rs1_addr_out";
    .port_info 21 /OUTPUT 5 "rs2_addr_out";
    .port_info 22 /OUTPUT 5 "rd_out";
    .port_info 23 /OUTPUT 7 "opcode_out";
    .port_info 24 /OUTPUT 1 "alu_src_out";
    .port_info 25 /OUTPUT 1 "mem_read_out";
    .port_info 26 /OUTPUT 1 "mem_write_out";
    .port_info 27 /OUTPUT 1 "mem_to_reg_out";
    .port_info 28 /OUTPUT 1 "reg_write_out";
v0x5555602c71d0_0 .net "alu_src_in", 0 0, L_0x5555602eaa10;  alias, 1 drivers
v0x5555602c72b0_0 .var "alu_src_out", 0 0;
v0x5555602c7370_0 .net "clk", 0 0, v0x5555602d7ac0_0;  alias, 1 drivers
v0x5555602c7460_0 .net "flush", 0 0, v0x5555602c6460_0;  alias, 1 drivers
v0x5555602c7500_0 .net "imm_in", 31 0, v0x5555602c9b20_0;  alias, 1 drivers
v0x5555602c75f0_0 .var "imm_out", 31 0;
v0x5555602c76d0_0 .net "mem_read_in", 0 0, L_0x5555602e9c90;  alias, 1 drivers
v0x5555602c7790_0 .var "mem_read_out", 0 0;
v0x5555602c7880_0 .net "mem_to_reg_in", 0 0, L_0x5555602ea860;  alias, 1 drivers
v0x5555602c7940_0 .var "mem_to_reg_out", 0 0;
v0x5555602c79e0_0 .net "mem_write_in", 0 0, L_0x5555602e9e10;  alias, 1 drivers
v0x5555602c7a80_0 .var "mem_write_out", 0 0;
v0x5555602c7b20_0 .net "opcode_in", 6 0, L_0x5555602d8b60;  alias, 1 drivers
v0x5555602c7be0_0 .var "opcode_out", 6 0;
v0x5555602c7cc0_0 .net "pc_in", 31 0, v0x5555602c95c0_0;  alias, 1 drivers
v0x5555602c7da0_0 .var "pc_out", 31 0;
v0x5555602c7e80_0 .net "rd_in", 4 0, L_0x5555602d8f40;  alias, 1 drivers
v0x5555602c8070_0 .var "rd_out", 4 0;
v0x5555602c8130_0 .net "reg_write_in", 0 0, L_0x5555602ea6c0;  alias, 1 drivers
v0x5555602c81f0_0 .var "reg_write_out", 0 0;
v0x5555602c8290_0 .var "rs1_addr_out", 4 0;
v0x5555602c8330_0 .net "rs1_data_in", 31 0, L_0x5555602e9220;  alias, 1 drivers
v0x5555602c83f0_0 .net "rs1_in", 4 0, L_0x5555602d8ce0;  alias, 1 drivers
v0x5555602c84e0_0 .var "rs1_out", 31 0;
v0x5555602c85a0_0 .var "rs2_addr_out", 4 0;
v0x5555602c8690_0 .net "rs2_data_in", 31 0, L_0x5555602e9710;  alias, 1 drivers
v0x5555602c8750_0 .net "rs2_in", 4 0, L_0x5555602d8e10;  alias, 1 drivers
v0x5555602c8840_0 .var "rs2_out", 31 0;
v0x5555602c8910_0 .net "rst", 0 0, v0x5555602d8650_0;  alias, 1 drivers
S_0x5555602c8d40 .scope module, "if_id_inst" "if_id" 6 60, 12 2 0, S_0x5555602b7670;
 .timescale -9 -12;
    .port_info 0 /INPUT 1 "clk";
    .port_info 1 /INPUT 1 "rst";
    .port_info 2 /INPUT 1 "enable";
    .port_info 3 /INPUT 1 "flush";
    .port_info 4 /INPUT 32 "pc_in";
    .port_info 5 /INPUT 32 "instr_in";
    .port_info 6 /OUTPUT 32 "pc_out";
    .port_info 7 /OUTPUT 32 "instr_out";
v0x5555602c9080_0 .net "clk", 0 0, v0x5555602d7ac0_0;  alias, 1 drivers
v0x5555602c9140_0 .net "enable", 0 0, L_0x5555601cc2b0;  1 drivers
v0x5555602c9200_0 .net "flush", 0 0, L_0x5555602ee9a0;  alias, 1 drivers
v0x5555602c92d0_0 .net "instr_in", 31 0, L_0x5555601f1070;  alias, 1 drivers
v0x5555602c93b0_0 .var "instr_out", 31 0;
v0x5555602c94e0_0 .net "pc_in", 31 0, v0x5555602d7240_0;  1 drivers
v0x5555602c95c0_0 .var "pc_out", 31 0;
v0x5555602c9680_0 .net "rst", 0 0, v0x5555602d8650_0;  alias, 1 drivers
S_0x5555602c98a0 .scope module, "imm_gen" "immediate_gen" 6 108, 13 1 0, S_0x5555602b7670;
 .timescale -9 -12;
    .port_info 0 /INPUT 32 "instr";
    .port_info 1 /OUTPUT 32 "imm_out";
v0x5555602c9b20_0 .var "imm_out", 31 0;
v0x5555602c9c00_0 .net "instr", 31 0, v0x5555602c93b0_0;  alias, 1 drivers
v0x5555602c9cd0_0 .net "opcode", 6 0, L_0x5555602e9ab0;  1 drivers
E_0x5555602c9aa0 .event anyedge, v0x5555602c9cd0_0, v0x5555602c93b0_0;
L_0x5555602e9ab0 .part v0x5555602c93b0_0, 0, 7;
S_0x5555602c9e00 .scope module, "instr_mem_inst" "instr_mem" 6 51, 14 1 0, S_0x5555602b7670;
 .timescale -9 -12;
    .port_info 0 /INPUT 32 "addr";
    .port_info 1 /OUTPUT 32 "instr";
L_0x5555601f1070 .functor BUFZ 32, L_0x5555602d8760, C4<00000000000000000000000000000000>, C4<00000000000000000000000000000000>, C4<00000000000000000000000000000000>;
v0x5555602ca030_0 .net *"_ivl_0", 31 0, L_0x5555602d8760;  1 drivers
v0x5555602ca130_0 .net *"_ivl_3", 29 0, L_0x5555602d8820;  1 drivers
v0x5555602ca210_0 .net "addr", 31 0, v0x5555602d7240_0;  alias, 1 drivers
v0x5555602ca310_0 .net "instr", 31 0, L_0x5555601f1070;  alias, 1 drivers
v0x5555602ca3e0 .array "mem", 1023 0, 31 0;
L_0x5555602d8760 .array/port v0x5555602ca3e0, L_0x5555602d8820;
L_0x5555602d8820 .part v0x5555602d7240_0, 2, 30;
S_0x5555602ca530 .scope module, "mem_wb_inst" "mem_wb" 6 375, 15 2 0, S_0x5555602b7670;
 .timescale -9 -12;
    .port_info 0 /INPUT 1 "clk";
    .port_info 1 /INPUT 1 "rst";
    .port_info 2 /INPUT 1 "enable";
    .port_info 3 /INPUT 32 "mem_data_in";
    .port_info 4 /INPUT 32 "alu_result_in";
    .port_info 5 /INPUT 5 "rd_in";
    .port_info 6 /INPUT 1 "mem_to_reg_in";
    .port_info 7 /INPUT 1 "reg_write_in";
    .port_info 8 /OUTPUT 32 "mem_data_out";
    .port_info 9 /OUTPUT 32 "alu_result_out";
    .port_info 10 /OUTPUT 5 "rd_out";
    .port_info 11 /OUTPUT 1 "mem_to_reg_out";
    .port_info 12 /OUTPUT 1 "reg_write_out";
v0x5555602ca8c0_0 .net "alu_result_in", 31 0, v0x5555602c4820_0;  alias, 1 drivers
v0x5555602ca980_0 .var "alu_result_out", 31 0;
v0x5555602caa60_0 .net "clk", 0 0, v0x5555602d7ac0_0;  alias, 1 drivers
v0x5555602cab90_0 .net "enable", 0 0, L_0x5555602f1610;  1 drivers
v0x5555602cac30_0 .net "mem_data_in", 31 0, L_0x5555602f1130;  alias, 1 drivers
v0x5555602cad10_0 .var "mem_data_out", 31 0;
v0x5555602cadf0_0 .net "mem_to_reg_in", 0 0, v0x5555602c4c10_0;  alias, 1 drivers
v0x5555602cae90_0 .var "mem_to_reg_out", 0 0;
v0x5555602caf30_0 .net "rd_in", 4 0, v0x5555602c4fc0_0;  alias, 1 drivers
v0x5555602cb080_0 .var "rd_out", 4 0;
v0x5555602cb140_0 .net "reg_write_in", 0 0, v0x5555602c5160_0;  alias, 1 drivers
v0x5555602cb230_0 .var "reg_write_out", 0 0;
v0x5555602cb2d0_0 .net "rst", 0 0, v0x5555602d8650_0;  alias, 1 drivers
S_0x5555602cb4d0 .scope module, "mmul_inst" "mmul_mem" 6 349, 16 3 0, S_0x5555602b7670;
 .timescale -9 -12;
    .port_info 0 /INPUT 1 "clk";
    .port_info 1 /INPUT 1 "rst";
    .port_info 2 /INPUT 32 "addr";
    .port_info 3 /INPUT 32 "wdata";
    .port_info 4 /INPUT 1 "we";
    .port_info 5 /OUTPUT 32 "rdata";
    .port_info 6 /OUTPUT 1 "mmul_busy";
    .port_info 7 /OUTPUT 1 "mmul_done";
    .port_info 8 /OUTPUT 1 "mmul_result_valid";
v0x5555602cb780 .array/i "A", 63 0, 31 0;
v0x5555602cb860 .array/i "B", 63 0, 31 0;
v0x5555602cb920 .array/i "C", 63 0, 31 0;
v0x5555602cb9c0_0 .net "addr", 31 0, v0x5555602c4820_0;  alias, 1 drivers
v0x5555602cba80_0 .var/i "c", 31 0;
v0x5555602cbbb0_0 .net "clk", 0 0, v0x5555602d7ac0_0;  alias, 1 drivers
v0x5555602cbc50_0 .var "finish_pending", 0 0;
v0x5555602cbd10_0 .var "i", 2 0;
v0x5555602cbdf0_0 .var "j", 2 0;
v0x5555602cbf60_0 .var "k", 2 0;
v0x5555602cc040_0 .var "mmul_busy", 0 0;
v0x5555602cc100_0 .var "mmul_done", 0 0;
v0x5555602cc1c0_0 .var "mmul_result_valid", 0 0;
v0x5555602cc280_0 .var/i "r", 31 0;
v0x5555602cc360_0 .var "rdata", 31 0;
v0x5555602cc440_0 .net "rst", 0 0, v0x5555602d8650_0;  alias, 1 drivers
v0x5555602cc570_0 .net "wdata", 31 0, v0x5555602c5300_0;  alias, 1 drivers
v0x5555602cc740_0 .net "we", 0 0, L_0x5555602f0ec0;  1 drivers
E_0x5555602cb700 .event anyedge, v0x5555602b9ea0_0, v0x5555602cc1c0_0, v0x5555602cc040_0;
S_0x5555602cc920 .scope module, "rf" "register_file" 6 87, 17 2 0, S_0x5555602b7670;
 .timescale -9 -12;
    .port_info 0 /INPUT 1 "clk";
    .port_info 1 /INPUT 1 "rst";
    .port_info 2 /INPUT 1 "we_en";
    .port_info 3 /INPUT 5 "we_addr";
    .port_info 4 /INPUT 32 "we_data";
    .port_info 5 /INPUT 5 "rs1_addr";
    .port_info 6 /INPUT 5 "rs2_addr";
    .port_info 7 /OUTPUT 32 "rs1_data";
    .port_info 8 /OUTPUT 32 "rs2_data";
    .port_info 9 /OUTPUT 32 "dbg_r1";
    .port_info 10 /OUTPUT 32 "dbg_r2";
    .port_info 11 /OUTPUT 32 "dbg_r3";
    .port_info 12 /OUTPUT 32 "dbg_r4";
    .port_info 13 /OUTPUT 32 "dbg_r5";
v0x5555602cdc30_1 .array/port v0x5555602cdc30, 1;
L_0x5555602adbc0 .functor BUFZ 32, v0x5555602cdc30_1, C4<00000000000000000000000000000000>, C4<00000000000000000000000000000000>, C4<00000000000000000000000000000000>;
v0x5555602cdc30_2 .array/port v0x5555602cdc30, 2;
L_0x5555602e98f0 .functor BUFZ 32, v0x5555602cdc30_2, C4<00000000000000000000000000000000>, C4<00000000000000000000000000000000>, C4<00000000000000000000000000000000>;
v0x5555602cdc30_3 .array/port v0x5555602cdc30, 3;
L_0x5555602e9960 .functor BUFZ 32, v0x5555602cdc30_3, C4<00000000000000000000000000000000>, C4<00000000000000000000000000000000>, C4<00000000000000000000000000000000>;
v0x5555602cdc30_4 .array/port v0x5555602cdc30, 4;
L_0x5555602e99d0 .functor BUFZ 32, v0x5555602cdc30_4, C4<00000000000000000000000000000000>, C4<00000000000000000000000000000000>, C4<00000000000000000000000000000000>;
v0x5555602cdc30_5 .array/port v0x5555602cdc30, 5;
L_0x5555602e9a40 .functor BUFZ 32, v0x5555602cdc30_5, C4<00000000000000000000000000000000>, C4<00000000000000000000000000000000>, C4<00000000000000000000000000000000>;
L_0x774c67951018 .functor BUFT 1, C4<00000>, C4<0>, C4<0>, C4<0>;
v0x5555602ccab0_0 .net/2u *"_ivl_0", 4 0, L_0x774c67951018;  1 drivers
L_0x774c679510a8 .functor BUFT 1, C4<00>, C4<0>, C4<0>, C4<0>;
v0x5555602ccbb0_0 .net *"_ivl_11", 1 0, L_0x774c679510a8;  1 drivers
L_0x774c679510f0 .functor BUFT 1, C4<00000>, C4<0>, C4<0>, C4<0>;
v0x5555602ccc90_0 .net/2u *"_ivl_14", 4 0, L_0x774c679510f0;  1 drivers
v0x5555602ccd50_0 .net *"_ivl_16", 0 0, L_0x5555602e93b0;  1 drivers
L_0x774c67951138 .functor BUFT 1, C4<00000000000000000000000000000000>, C4<0>, C4<0>, C4<0>;
v0x5555602cce10_0 .net/2u *"_ivl_18", 31 0, L_0x774c67951138;  1 drivers
v0x5555602ccf40_0 .net *"_ivl_2", 0 0, L_0x5555602d8fe0;  1 drivers
v0x5555602cd000_0 .net *"_ivl_20", 31 0, L_0x5555602e94f0;  1 drivers
v0x5555602cd0e0_0 .net *"_ivl_22", 6 0, L_0x5555602e95d0;  1 drivers
L_0x774c67951180 .functor BUFT 1, C4<00>, C4<0>, C4<0>, C4<0>;
v0x5555602cd1c0_0 .net *"_ivl_25", 1 0, L_0x774c67951180;  1 drivers
L_0x774c67951060 .functor BUFT 1, C4<00000000000000000000000000000000>, C4<0>, C4<0>, C4<0>;
v0x5555602cd2a0_0 .net/2u *"_ivl_4", 31 0, L_0x774c67951060;  1 drivers
v0x5555602cd380_0 .net *"_ivl_6", 31 0, L_0x5555602e9090;  1 drivers
v0x5555602cd460_0 .net *"_ivl_8", 6 0, L_0x5555602e9130;  1 drivers
v0x5555602cd540_0 .net "clk", 0 0, v0x5555602d7ac0_0;  alias, 1 drivers
v0x5555602cd5e0_0 .net "dbg_r1", 31 0, L_0x5555602adbc0;  alias, 1 drivers
v0x5555602cd6c0_0 .net "dbg_r2", 31 0, L_0x5555602e98f0;  alias, 1 drivers
v0x5555602cd7a0_0 .net "dbg_r3", 31 0, L_0x5555602e9960;  alias, 1 drivers
v0x5555602cd880_0 .net "dbg_r4", 31 0, L_0x5555602e99d0;  alias, 1 drivers
v0x5555602cda70_0 .net "dbg_r5", 31 0, L_0x5555602e9a40;  1 drivers
v0x5555602cdb50_0 .var/i "i", 31 0;
v0x5555602cdc30 .array "regs", 31 0, 31 0;
v0x5555602ce200_0 .net "rs1_addr", 4 0, L_0x5555602d8ce0;  alias, 1 drivers
v0x5555602ce2c0_0 .net "rs1_data", 31 0, L_0x5555602e9220;  alias, 1 drivers
v0x5555602ce380_0 .net "rs2_addr", 4 0, L_0x5555602d8e10;  alias, 1 drivers
v0x5555602ce470_0 .net "rs2_data", 31 0, L_0x5555602e9710;  alias, 1 drivers
v0x5555602ce530_0 .net "rst", 0 0, v0x5555602d8650_0;  alias, 1 drivers
v0x5555602ce5d0_0 .net "we_addr", 4 0, L_0x5555602f1770;  alias, 1 drivers
v0x5555602ce690_0 .net "we_data", 31 0, L_0x5555602f1950;  alias, 1 drivers
v0x5555602ce770_0 .net "we_en", 0 0, L_0x5555602f16b0;  alias, 1 drivers
L_0x5555602d8fe0 .cmp/eq 5, L_0x5555602d8ce0, L_0x774c67951018;
L_0x5555602e9090 .array/port v0x5555602cdc30, L_0x5555602e9130;
L_0x5555602e9130 .concat [ 5 2 0 0], L_0x5555602d8ce0, L_0x774c679510a8;
L_0x5555602e9220 .functor MUXZ 32, L_0x5555602e9090, L_0x774c67951060, L_0x5555602d8fe0, C4<>;
L_0x5555602e93b0 .cmp/eq 5, L_0x5555602d8e10, L_0x774c679510f0;
L_0x5555602e94f0 .array/port v0x5555602cdc30, L_0x5555602e95d0;
L_0x5555602e95d0 .concat [ 5 2 0 0], L_0x5555602d8e10, L_0x774c67951180;
L_0x5555602e9710 .functor MUXZ 32, L_0x5555602e94f0, L_0x774c67951138, L_0x5555602e93b0, C4<>;
    .scope S_0x555560247260;
T_0 ;
    %wait E_0x5555601a18c0;
    %load/vec4 v0x555560236e00_0;
    %dup/vec4;
    %pushi/vec4 0, 0, 4;
    %cmp/e;
    %jmp/1 T_0.0, 6;
    %dup/vec4;
    %pushi/vec4 1, 0, 4;
    %cmp/e;
    %jmp/1 T_0.1, 6;
    %dup/vec4;
    %pushi/vec4 2, 0, 4;
    %cmp/e;
    %jmp/1 T_0.2, 6;
    %dup/vec4;
    %pushi/vec4 3, 0, 4;
    %cmp/e;
    %jmp/1 T_0.3, 6;
    %pushi/vec4 0, 0, 32;
    %store/vec4 v0x55556025a430_0, 0, 32;
    %jmp T_0.5;
T_0.0 ;
    %load/vec4 v0x5555602a3c60_0;
    %load/vec4 v0x555560236ea0_0;
    %add;
    %store/vec4 v0x55556025a430_0, 0, 32;
    %jmp T_0.5;
T_0.1 ;
    %load/vec4 v0x5555602a3c60_0;
    %load/vec4 v0x555560236ea0_0;
    %sub;
    %store/vec4 v0x55556025a430_0, 0, 32;
    %jmp T_0.5;
T_0.2 ;
    %load/vec4 v0x5555602a3c60_0;
    %load/vec4 v0x555560236ea0_0;
    %and;
    %store/vec4 v0x55556025a430_0, 0, 32;
    %jmp T_0.5;
T_0.3 ;
    %load/vec4 v0x5555602a3c60_0;
    %load/vec4 v0x555560236ea0_0;
    %or;
    %store/vec4 v0x55556025a430_0, 0, 32;
    %jmp T_0.5;
T_0.5 ;
    %pop/vec4 1;
    %jmp T_0;
    .thread T_0, $push;
    .scope S_0x555560247a70;
T_1 ;
    %wait E_0x5555602204b0;
    %load/vec4 v0x5555602b7510_0;
    %cmpi/e 51, 0, 7;
    %jmp/0xz  T_1.0, 4;
    %load/vec4 v0x5555602adcc0_0;
    %cmpi/e 0, 0, 3;
    %flag_get/vec4 4;
    %jmp/0 T_1.4, 4;
    %load/vec4 v0x5555602add60_0;
    %pushi/vec4 0, 0, 7;
    %cmp/e;
    %flag_get/vec4 4;
    %and;
T_1.4;
    %flag_set/vec4 8;
    %jmp/0xz  T_1.2, 8;
    %pushi/vec4 0, 0, 4;
    %store/vec4 v0x55556025a500_0, 0, 4;
    %jmp T_1.3;
T_1.2 ;
    %load/vec4 v0x5555602adcc0_0;
    %cmpi/e 0, 0, 3;
    %flag_get/vec4 4;
    %jmp/0 T_1.7, 4;
    %load/vec4 v0x5555602add60_0;
    %pushi/vec4 32, 0, 7;
    %cmp/e;
    %flag_get/vec4 4;
    %and;
T_1.7;
    %flag_set/vec4 8;
    %jmp/0xz  T_1.5, 8;
    %pushi/vec4 1, 0, 4;
    %store/vec4 v0x55556025a500_0, 0, 4;
    %jmp T_1.6;
T_1.5 ;
    %pushi/vec4 0, 0, 4;
    %store/vec4 v0x55556025a500_0, 0, 4;
T_1.6 ;
T_1.3 ;
    %jmp T_1.1;
T_1.0 ;
    %load/vec4 v0x5555602b7510_0;
    %cmpi/e 19, 0, 7;
    %jmp/0xz  T_1.8, 4;
    %pushi/vec4 0, 0, 4;
    %store/vec4 v0x55556025a500_0, 0, 4;
    %jmp T_1.9;
T_1.8 ;
    %pushi/vec4 0, 0, 4;
    %store/vec4 v0x55556025a500_0, 0, 4;
T_1.9 ;
T_1.1 ;
    %jmp T_1;
    .thread T_1, $push;
    .scope S_0x5555602c9e00;
T_2 ;
    %vpi_call/w 14 10 "$display", "instr_mem: attempting to load instruction_memory.mem..." {0 0 0};
    %vpi_call/w 14 11 "$readmemh", "instruction_memory.mem", v0x5555602ca3e0 {0 0 0};
    %vpi_call/w 14 12 "$display", "instr_mem: load complete." {0 0 0};
    %end;
    .thread T_2;
    .scope S_0x5555602c8d40;
T_3 ;
    %wait E_0x5555602b7cb0;
    %load/vec4 v0x5555602c9680_0;
    %flag_set/vec4 8;
    %jmp/0xz  T_3.0, 8;
    %pushi/vec4 0, 0, 32;
    %assign/vec4 v0x5555602c95c0_0, 0;
    %pushi/vec4 0, 0, 32;
    %assign/vec4 v0x5555602c93b0_0, 0;
    %jmp T_3.1;
T_3.0 ;
    %load/vec4 v0x5555602c9200_0;
    %flag_set/vec4 8;
    %jmp/0xz  T_3.2, 8;
    %pushi/vec4 0, 0, 32;
    %assign/vec4 v0x5555602c95c0_0, 0;
    %pushi/vec4 0, 0, 32;
    %assign/vec4 v0x5555602c93b0_0, 0;
    %vpi_call/w 12 19 "$display", "IFID: flush asserted - cleared at time %0t", $time {0 0 0};
    %jmp T_3.3;
T_3.2 ;
    %load/vec4 v0x5555602c9140_0;
    %flag_set/vec4 8;
    %jmp/0xz  T_3.4, 8;
    %load/vec4 v0x5555602c94e0_0;
    %assign/vec4 v0x5555602c95c0_0, 0;
    %load/vec4 v0x5555602c92d0_0;
    %assign/vec4 v0x5555602c93b0_0, 0;
    %vpi_call/w 12 23 "$display", "IFID: captured pc_in=%08h instr_in=%08h at time %0t", v0x5555602c94e0_0, v0x5555602c92d0_0, $time {0 0 0};
T_3.4 ;
T_3.3 ;
T_3.1 ;
    %jmp T_3;
    .thread T_3;
    .scope S_0x5555602cc920;
T_4 ;
    %wait E_0x5555602b7cb0;
    %load/vec4 v0x5555602ce530_0;
    %flag_set/vec4 8;
    %jmp/0xz  T_4.0, 8;
    %pushi/vec4 0, 0, 32;
    %store/vec4 v0x5555602cdb50_0, 0, 32;
T_4.2 ; Top of for-loop
    %load/vec4 v0x5555602cdb50_0;
    %cmpi/s 32, 0, 32;
	  %jmp/0xz T_4.3, 5;
    %pushi/vec4 0, 0, 32;
    %ix/getv/s 3, v0x5555602cdb50_0;
    %ix/load 4, 0, 0; Constant delay
    %assign/vec4/a/d v0x5555602cdc30, 0, 4;
T_4.4 ; for-loop step statement
    %load/vec4 v0x5555602cdb50_0;
    %addi 1, 0, 32;
    %store/vec4 v0x5555602cdb50_0, 0, 32;
    %jmp T_4.2;
T_4.3 ; for-loop exit label
    %jmp T_4.1;
T_4.0 ;
    %load/vec4 v0x5555602ce770_0;
    %flag_set/vec4 9;
    %flag_get/vec4 9;
    %jmp/0 T_4.7, 9;
    %load/vec4 v0x5555602ce5d0_0;
    %pushi/vec4 0, 0, 5;
    %cmp/ne;
    %flag_get/vec4 4;
    %and;
T_4.7;
    %flag_set/vec4 8;
    %jmp/0xz  T_4.5, 8;
    %load/vec4 v0x5555602ce690_0;
    %load/vec4 v0x5555602ce5d0_0;
    %pad/u 7;
    %ix/vec4 3;
    %ix/load 4, 0, 0; Constant delay
    %assign/vec4/a/d v0x5555602cdc30, 0, 4;
    %vpi_call/w 17 27 "$display", "REGFILE WRITE: time=%0t we_en=%0d we_addr=%0d we_data=%08h", $time, v0x5555602ce770_0, v0x5555602ce5d0_0, v0x5555602ce690_0 {0 0 0};
T_4.5 ;
T_4.1 ;
    %jmp T_4;
    .thread T_4;
    .scope S_0x5555602c98a0;
T_5 ;
    %wait E_0x5555602c9aa0;
    %load/vec4 v0x5555602c9cd0_0;
    %dup/vec4;
    %pushi/vec4 19, 0, 7;
    %cmp/e;
    %jmp/1 T_5.0, 6;
    %dup/vec4;
    %pushi/vec4 3, 0, 7;
    %cmp/e;
    %jmp/1 T_5.1, 6;
    %dup/vec4;
    %pushi/vec4 35, 0, 7;
    %cmp/e;
    %jmp/1 T_5.2, 6;
    %dup/vec4;
    %pushi/vec4 55, 0, 7;
    %cmp/e;
    %jmp/1 T_5.3, 6;
    %dup/vec4;
    %pushi/vec4 99, 0, 7;
    %cmp/e;
    %jmp/1 T_5.4, 6;
    %pushi/vec4 0, 0, 32;
    %store/vec4 v0x5555602c9b20_0, 0, 32;
    %jmp T_5.6;
T_5.0 ;
    %load/vec4 v0x5555602c9c00_0;
    %parti/s 1, 31, 6;
    %replicate 20;
    %load/vec4 v0x5555602c9c00_0;
    %parti/s 12, 20, 6;
    %concat/vec4; draw_concat_vec4
    %store/vec4 v0x5555602c9b20_0, 0, 32;
    %jmp T_5.6;
T_5.1 ;
    %load/vec4 v0x5555602c9c00_0;
    %parti/s 1, 31, 6;
    %replicate 20;
    %load/vec4 v0x5555602c9c00_0;
    %parti/s 12, 20, 6;
    %concat/vec4; draw_concat_vec4
    %store/vec4 v0x5555602c9b20_0, 0, 32;
    %jmp T_5.6;
T_5.2 ;
    %load/vec4 v0x5555602c9c00_0;
    %parti/s 1, 31, 6;
    %replicate 20;
    %load/vec4 v0x5555602c9c00_0;
    %parti/s 7, 25, 6;
    %concat/vec4; draw_concat_vec4
    %load/vec4 v0x5555602c9c00_0;
    %parti/s 5, 7, 4;
    %concat/vec4; draw_concat_vec4
    %store/vec4 v0x5555602c9b20_0, 0, 32;
    %jmp T_5.6;
T_5.3 ;
    %load/vec4 v0x5555602c9c00_0;
    %parti/s 20, 12, 5;
    %concati/vec4 0, 0, 12;
    %store/vec4 v0x5555602c9b20_0, 0, 32;
    %jmp T_5.6;
T_5.4 ;
    %load/vec4 v0x5555602c9c00_0;
    %parti/s 1, 31, 6;
    %replicate 19;
    %load/vec4 v0x5555602c9c00_0;
    %parti/s 1, 31, 6;
    %concat/vec4; draw_concat_vec4
    %load/vec4 v0x5555602c9c00_0;
    %parti/s 1, 7, 4;
    %concat/vec4; draw_concat_vec4
    %load/vec4 v0x5555602c9c00_0;
    %parti/s 6, 25, 6;
    %concat/vec4; draw_concat_vec4
    %load/vec4 v0x5555602c9c00_0;
    %parti/s 4, 8, 5;
    %concat/vec4; draw_concat_vec4
    %concati/vec4 0, 0, 1;
    %store/vec4 v0x5555602c9b20_0, 0, 32;
    %jmp T_5.6;
T_5.6 ;
    %pop/vec4 1;
    %jmp T_5;
    .thread T_5, $push;
    .scope S_0x5555602c6c40;
T_6 ;
    %wait E_0x5555602b7cb0;
    %load/vec4 v0x5555602c8910_0;
    %flag_set/vec4 8;
    %jmp/0xz  T_6.0, 8;
    %pushi/vec4 0, 0, 32;
    %assign/vec4 v0x5555602c7da0_0, 0;
    %pushi/vec4 0, 0, 32;
    %assign/vec4 v0x5555602c84e0_0, 0;
    %pushi/vec4 0, 0, 32;
    %assign/vec4 v0x5555602c8840_0, 0;
    %pushi/vec4 0, 0, 32;
    %assign/vec4 v0x5555602c75f0_0, 0;
    %pushi/vec4 0, 0, 5;
    %assign/vec4 v0x5555602c8290_0, 0;
    %pushi/vec4 0, 0, 5;
    %assign/vec4 v0x5555602c85a0_0, 0;
    %pushi/vec4 0, 0, 5;
    %assign/vec4 v0x5555602c8070_0, 0;
    %pushi/vec4 0, 0, 7;
    %assign/vec4 v0x5555602c7be0_0, 0;
    %pushi/vec4 0, 0, 1;
    %assign/vec4 v0x5555602c72b0_0, 0;
    %pushi/vec4 0, 0, 1;
    %assign/vec4 v0x5555602c7790_0, 0;
    %pushi/vec4 0, 0, 1;
    %assign/vec4 v0x5555602c7a80_0, 0;
    %pushi/vec4 0, 0, 1;
    %assign/vec4 v0x5555602c7940_0, 0;
    %pushi/vec4 0, 0, 1;
    %assign/vec4 v0x5555602c81f0_0, 0;
    %jmp T_6.1;
T_6.0 ;
    %load/vec4 v0x5555602c7460_0;
    %flag_set/vec4 8;
    %jmp/0xz  T_6.2, 8;
    %pushi/vec4 0, 0, 32;
    %assign/vec4 v0x5555602c7da0_0, 0;
    %pushi/vec4 0, 0, 32;
    %assign/vec4 v0x5555602c84e0_0, 0;
    %pushi/vec4 0, 0, 32;
    %assign/vec4 v0x5555602c8840_0, 0;
    %pushi/vec4 0, 0, 32;
    %assign/vec4 v0x5555602c75f0_0, 0;
    %pushi/vec4 0, 0, 5;
    %assign/vec4 v0x5555602c8290_0, 0;
    %pushi/vec4 0, 0, 5;
    %assign/vec4 v0x5555602c85a0_0, 0;
    %pushi/vec4 0, 0, 5;
    %assign/vec4 v0x5555602c8070_0, 0;
    %pushi/vec4 0, 0, 7;
    %assign/vec4 v0x5555602c7be0_0, 0;
    %pushi/vec4 0, 0, 1;
    %assign/vec4 v0x5555602c72b0_0, 0;
    %pushi/vec4 0, 0, 1;
    %assign/vec4 v0x5555602c7790_0, 0;
    %pushi/vec4 0, 0, 1;
    %assign/vec4 v0x5555602c7a80_0, 0;
    %pushi/vec4 0, 0, 1;
    %assign/vec4 v0x5555602c7940_0, 0;
    %pushi/vec4 0, 0, 1;
    %assign/vec4 v0x5555602c81f0_0, 0;
    %jmp T_6.3;
T_6.2 ;
    %load/vec4 v0x5555602c7cc0_0;
    %assign/vec4 v0x5555602c7da0_0, 0;
    %load/vec4 v0x5555602c8330_0;
    %assign/vec4 v0x5555602c84e0_0, 0;
    %load/vec4 v0x5555602c8690_0;
    %assign/vec4 v0x5555602c8840_0, 0;
    %load/vec4 v0x5555602c7500_0;
    %assign/vec4 v0x5555602c75f0_0, 0;
    %load/vec4 v0x5555602c83f0_0;
    %assign/vec4 v0x5555602c8290_0, 0;
    %load/vec4 v0x5555602c8750_0;
    %assign/vec4 v0x5555602c85a0_0, 0;
    %load/vec4 v0x5555602c7e80_0;
    %assign/vec4 v0x5555602c8070_0, 0;
    %load/vec4 v0x5555602c7b20_0;
    %assign/vec4 v0x5555602c7be0_0, 0;
    %load/vec4 v0x5555602c71d0_0;
    %assign/vec4 v0x5555602c72b0_0, 0;
    %load/vec4 v0x5555602c76d0_0;
    %assign/vec4 v0x5555602c7790_0, 0;
    %load/vec4 v0x5555602c79e0_0;
    %assign/vec4 v0x5555602c7a80_0, 0;
    %load/vec4 v0x5555602c7880_0;
    %assign/vec4 v0x5555602c7940_0, 0;
    %load/vec4 v0x5555602c8130_0;
    %assign/vec4 v0x5555602c81f0_0, 0;
T_6.3 ;
T_6.1 ;
    %jmp T_6;
    .thread T_6;
    .scope S_0x5555602c4550;
T_7 ;
    %wait E_0x5555602b7cb0;
    %load/vec4 v0x5555602c53c0_0;
    %flag_set/vec4 8;
    %jmp/0xz  T_7.0, 8;
    %pushi/vec4 0, 0, 32;
    %assign/vec4 v0x5555602c4820_0, 0;
    %pushi/vec4 0, 0, 32;
    %assign/vec4 v0x5555602c5300_0, 0;
    %pushi/vec4 0, 0, 5;
    %assign/vec4 v0x5555602c4fc0_0, 0;
    %pushi/vec4 0, 0, 1;
    %assign/vec4 v0x5555602c4a80_0, 0;
    %pushi/vec4 0, 0, 1;
    %assign/vec4 v0x5555602c4d90_0, 0;
    %pushi/vec4 0, 0, 1;
    %assign/vec4 v0x5555602c4c10_0, 0;
    %pushi/vec4 0, 0, 1;
    %assign/vec4 v0x5555602c5160_0, 0;
    %jmp T_7.1;
T_7.0 ;
    %load/vec4 v0x5555602c4720_0;
    %assign/vec4 v0x5555602c4820_0, 0;
    %load/vec4 v0x5555602c5220_0;
    %assign/vec4 v0x5555602c5300_0, 0;
    %load/vec4 v0x5555602c4ee0_0;
    %assign/vec4 v0x5555602c4fc0_0, 0;
    %load/vec4 v0x5555602c49e0_0;
    %assign/vec4 v0x5555602c4a80_0, 0;
    %load/vec4 v0x5555602c4cd0_0;
    %assign/vec4 v0x5555602c4d90_0, 0;
    %load/vec4 v0x5555602c4b70_0;
    %assign/vec4 v0x5555602c4c10_0, 0;
    %load/vec4 v0x5555602c50a0_0;
    %assign/vec4 v0x5555602c5160_0, 0;
T_7.1 ;
    %jmp T_7;
    .thread T_7;
    .scope S_0x5555602b7b00;
T_8 ;
    %vpi_call/w 7 14 "$display", "data_memory: attempting to load init file 'data_memory.mem' ..." {0 0 0};
    %vpi_call/w 7 15 "$readmemh", "data_memory.mem", v0x5555602ba060 {0 0 0};
    %vpi_call/w 7 16 "$display", "data_memory: init complete (depth=1024 words)." {0 0 0};
    %end;
    .thread T_8;
    .scope S_0x5555602b7b00;
T_9 ;
    %wait E_0x5555602b9e40;
    %load/vec4 v0x5555602c41d0_0;
    %flag_set/vec4 8;
    %jmp/0xz  T_9.0, 8;
    %load/vec4 v0x5555602c4370_0;
    %load/vec4 v0x5555602b9ea0_0;
    %parti/s 10, 2, 3;
    %pad/u 12;
    %ix/vec4 3;
    %ix/load 4, 0, 0; Constant delay
    %assign/vec4/a/d v0x5555602ba060, 0, 4;
T_9.0 ;
    %jmp T_9;
    .thread T_9;
    .scope S_0x5555602b7b00;
T_10 ;
    %wait E_0x5555602b7dc0;
    %load/vec4 v0x5555602c4110_0;
    %flag_set/vec4 8;
    %jmp/0xz  T_10.0, 8;
    %load/vec4 v0x5555602b9ea0_0;
    %parti/s 10, 2, 3;
    %pad/u 12;
    %ix/vec4 4;
    %load/vec4a v0x5555602ba060, 4;
    %store/vec4 v0x5555602c4290_0, 0, 32;
    %jmp T_10.1;
T_10.0 ;
    %pushi/vec4 0, 0, 32;
    %store/vec4 v0x5555602c4290_0, 0, 32;
T_10.1 ;
    %jmp T_10;
    .thread T_10, $push;
    .scope S_0x5555602cb4d0;
T_11 ;
    %pushi/vec4 0, 0, 32;
    %store/vec4 v0x5555602cc280_0, 0, 32;
T_11.0 ; Top of for-loop
    %load/vec4 v0x5555602cc280_0;
    %cmpi/s 8, 0, 32;
	  %jmp/0xz T_11.1, 5;
    %pushi/vec4 0, 0, 32;
    %store/vec4 v0x5555602cba80_0, 0, 32;
T_11.3 ; Top of for-loop
    %load/vec4 v0x5555602cba80_0;
    %cmpi/s 8, 0, 32;
	  %jmp/0xz T_11.4, 5;
    %load/vec4 v0x5555602cc280_0;
    %load/vec4 v0x5555602cba80_0;
    %cmp/e;
    %flag_mov 8, 4;
    %jmp/0 T_11.6, 8;
    %load/vec4 v0x5555602cc280_0;
    %jmp/1 T_11.7, 8;
T_11.6 ; End of true expr.
    %pushi/vec4 0, 0, 32;
    %jmp/0 T_11.7, 8;
 ; End of false expr.
    %blend;
T_11.7;
    %load/vec4 v0x5555602cc280_0;
    %pad/s 36;
    %pad/s 39;
    %muli 8, 0, 39;
    %pad/s 40;
    %load/vec4 v0x5555602cba80_0;
    %pad/s 40;
    %add;
    %ix/vec4/s 4;
    %store/vec4a v0x5555602cb780, 4, 0;
    %load/vec4 v0x5555602cc280_0;
    %load/vec4 v0x5555602cba80_0;
    %cmp/e;
    %flag_mov 8, 4;
    %jmp/0 T_11.8, 8;
    %load/vec4 v0x5555602cc280_0;
    %jmp/1 T_11.9, 8;
T_11.8 ; End of true expr.
    %pushi/vec4 0, 0, 32;
    %jmp/0 T_11.9, 8;
 ; End of false expr.
    %blend;
T_11.9;
    %load/vec4 v0x5555602cc280_0;
    %pad/s 36;
    %pad/s 39;
    %muli 8, 0, 39;
    %pad/s 40;
    %load/vec4 v0x5555602cba80_0;
    %pad/s 40;
    %add;
    %ix/vec4/s 4;
    %store/vec4a v0x5555602cb860, 4, 0;
    %pushi/vec4 0, 0, 32;
    %load/vec4 v0x5555602cc280_0;
    %pad/s 36;
    %pad/s 39;
    %muli 8, 0, 39;
    %pad/s 40;
    %load/vec4 v0x5555602cba80_0;
    %pad/s 40;
    %add;
    %ix/vec4/s 4;
    %store/vec4a v0x5555602cb920, 4, 0;
T_11.5 ; for-loop step statement
    %load/vec4 v0x5555602cba80_0;
    %addi 1, 0, 32;
    %store/vec4 v0x5555602cba80_0, 0, 32;
    %jmp T_11.3;
T_11.4 ; for-loop exit label
T_11.2 ; for-loop step statement
    %load/vec4 v0x5555602cc280_0;
    %addi 1, 0, 32;
    %store/vec4 v0x5555602cc280_0, 0, 32;
    %jmp T_11.0;
T_11.1 ; for-loop exit label
    %end;
    .thread T_11;
    .scope S_0x5555602cb4d0;
T_12 ;
    %wait E_0x5555602b7cb0;
    %load/vec4 v0x5555602cc440_0;
    %flag_set/vec4 8;
    %jmp/0xz  T_12.0, 8;
    %pushi/vec4 0, 0, 3;
    %assign/vec4 v0x5555602cbd10_0, 0;
    %pushi/vec4 0, 0, 3;
    %assign/vec4 v0x5555602cbdf0_0, 0;
    %pushi/vec4 0, 0, 3;
    %assign/vec4 v0x5555602cbf60_0, 0;
    %pushi/vec4 0, 0, 1;
    %assign/vec4 v0x5555602cc040_0, 0;
    %pushi/vec4 0, 0, 1;
    %assign/vec4 v0x5555602cc100_0, 0;
    %pushi/vec4 0, 0, 1;
    %assign/vec4 v0x5555602cc1c0_0, 0;
    %pushi/vec4 0, 0, 1;
    %assign/vec4 v0x5555602cbc50_0, 0;
    %pushi/vec4 0, 0, 32;
    %store/vec4 v0x5555602cc280_0, 0, 32;
T_12.2 ; Top of for-loop
    %load/vec4 v0x5555602cc280_0;
    %cmpi/s 8, 0, 32;
	  %jmp/0xz T_12.3, 5;
    %pushi/vec4 0, 0, 32;
    %store/vec4 v0x5555602cba80_0, 0, 32;
T_12.5 ; Top of for-loop
    %load/vec4 v0x5555602cba80_0;
    %cmpi/s 8, 0, 32;
	  %jmp/0xz T_12.6, 5;
    %pushi/vec4 0, 0, 32;
    %load/vec4 v0x5555602cc280_0;
    %pad/s 36;
    %pad/s 39;
    %muli 8, 0, 39;
    %pad/s 40;
    %load/vec4 v0x5555602cba80_0;
    %pad/s 40;
    %add;
    %ix/vec4/s 3;
    %ix/load 4, 0, 0; Constant delay
    %assign/vec4/a/d v0x5555602cb920, 0, 4;
T_12.7 ; for-loop step statement
    %load/vec4 v0x5555602cba80_0;
    %addi 1, 0, 32;
    %store/vec4 v0x5555602cba80_0, 0, 32;
    %jmp T_12.5;
T_12.6 ; for-loop exit label
T_12.4 ; for-loop step statement
    %load/vec4 v0x5555602cc280_0;
    %addi 1, 0, 32;
    %store/vec4 v0x5555602cc280_0, 0, 32;
    %jmp T_12.2;
T_12.3 ; for-loop exit label
    %jmp T_12.1;
T_12.0 ;
    %pushi/vec4 0, 0, 1;
    %assign/vec4 v0x5555602cc100_0, 0;
    %load/vec4 v0x5555602cc740_0;
    %flag_set/vec4 9;
    %flag_get/vec4 9;
    %jmp/0 T_12.10, 9;
    %load/vec4 v0x5555602cc040_0;
    %nor/r;
    %and;
T_12.10;
    %flag_set/vec4 8;
    %jmp/0xz  T_12.8, 8;
    %pushi/vec4 1, 0, 1;
    %assign/vec4 v0x5555602cc040_0, 0;
    %pushi/vec4 0, 0, 1;
    %assign/vec4 v0x5555602cc1c0_0, 0;
    %pushi/vec4 0, 0, 3;
    %assign/vec4 v0x5555602cbd10_0, 0;
    %pushi/vec4 0, 0, 3;
    %assign/vec4 v0x5555602cbdf0_0, 0;
    %pushi/vec4 0, 0, 3;
    %assign/vec4 v0x5555602cbf60_0, 0;
    %pushi/vec4 0, 0, 32;
    %store/vec4 v0x5555602cc280_0, 0, 32;
T_12.11 ; Top of for-loop
    %load/vec4 v0x5555602cc280_0;
    %cmpi/s 8, 0, 32;
	  %jmp/0xz T_12.12, 5;
    %pushi/vec4 0, 0, 32;
    %store/vec4 v0x5555602cba80_0, 0, 32;
T_12.14 ; Top of for-loop
    %load/vec4 v0x5555602cba80_0;
    %cmpi/s 8, 0, 32;
	  %jmp/0xz T_12.15, 5;
    %pushi/vec4 0, 0, 32;
    %load/vec4 v0x5555602cc280_0;
    %pad/s 36;
    %pad/s 39;
    %muli 8, 0, 39;
    %pad/s 40;
    %load/vec4 v0x5555602cba80_0;
    %pad/s 40;
    %add;
    %ix/vec4/s 3;
    %ix/load 4, 0, 0; Constant delay
    %assign/vec4/a/d v0x5555602cb920, 0, 4;
T_12.16 ; for-loop step statement
    %load/vec4 v0x5555602cba80_0;
    %addi 1, 0, 32;
    %store/vec4 v0x5555602cba80_0, 0, 32;
    %jmp T_12.14;
T_12.15 ; for-loop exit label
T_12.13 ; for-loop step statement
    %load/vec4 v0x5555602cc280_0;
    %addi 1, 0, 32;
    %store/vec4 v0x5555602cc280_0, 0, 32;
    %jmp T_12.11;
T_12.12 ; for-loop exit label
    %vpi_call/w 16 80 "$display", "\012=== MMUL 8x8 START ===" {0 0 0};
    %jmp T_12.9;
T_12.8 ;
    %load/vec4 v0x5555602cc040_0;
    %flag_set/vec4 8;
    %jmp/0xz  T_12.17, 8;
    %load/vec4 v0x5555602cbd10_0;
    %pad/u 9;
    %pad/u 12;
    %muli 8, 0, 12;
    %pad/u 13;
    %load/vec4 v0x5555602cbdf0_0;
    %pad/u 5;
    %pad/u 13;
    %add;
    %ix/vec4 4;
    %load/vec4a v0x5555602cb920, 4;
    %load/vec4 v0x5555602cbd10_0;
    %pad/u 9;
    %pad/u 12;
    %muli 8, 0, 12;
    %pad/u 13;
    %load/vec4 v0x5555602cbf60_0;
    %pad/u 5;
    %pad/u 13;
    %add;
    %ix/vec4 4;
    %load/vec4a v0x5555602cb780, 4;
    %load/vec4 v0x5555602cbf60_0;
    %pad/u 9;
    %pad/u 12;
    %muli 8, 0, 12;
    %pad/u 13;
    %load/vec4 v0x5555602cbdf0_0;
    %pad/u 5;
    %pad/u 13;
    %add;
    %ix/vec4 4;
    %load/vec4a v0x5555602cb860, 4;
    %mul;
    %add;
    %load/vec4 v0x5555602cbd10_0;
    %pad/u 9;
    %pad/u 12;
    %muli 8, 0, 12;
    %pad/u 13;
    %load/vec4 v0x5555602cbdf0_0;
    %pad/u 5;
    %pad/u 13;
    %add;
    %ix/vec4 3;
    %ix/load 4, 0, 0; Constant delay
    %assign/vec4/a/d v0x5555602cb920, 0, 4;
    %load/vec4 v0x5555602cbd10_0;
    %pad/u 9;
    %pad/u 12;
    %muli 8, 0, 12;
    %pad/u 13;
    %load/vec4 v0x5555602cbf60_0;
    %pad/u 5;
    %pad/u 13;
    %add;
    %ix/vec4 4;
    %load/vec4a v0x5555602cb780, 4;
    %load/vec4 v0x5555602cbf60_0;
    %pad/u 9;
    %pad/u 12;
    %muli 8, 0, 12;
    %pad/u 13;
    %load/vec4 v0x5555602cbdf0_0;
    %pad/u 5;
    %pad/u 13;
    %add;
    %ix/vec4 4;
    %load/vec4a v0x5555602cb860, 4;
    %mul;
    %vpi_call/w 16 89 "$display", "MAC: C[%0d][%0d] += A[%0d][%0d] * B[%0d][%0d] = %0d", v0x5555602cbd10_0, v0x5555602cbdf0_0, v0x5555602cbd10_0, v0x5555602cbf60_0, v0x5555602cbf60_0, v0x5555602cbdf0_0, S<0,vec4,s32> {1 0 0};
    %load/vec4 v0x5555602cbf60_0;
    %pad/u 32;
    %cmpi/u 7, 0, 32;
    %jmp/0xz  T_12.19, 5;
    %load/vec4 v0x5555602cbf60_0;
    %addi 1, 0, 3;
    %assign/vec4 v0x5555602cbf60_0, 0;
    %jmp T_12.20;
T_12.19 ;
    %pushi/vec4 0, 0, 3;
    %assign/vec4 v0x5555602cbf60_0, 0;
    %load/vec4 v0x5555602cbdf0_0;
    %pad/u 32;
    %cmpi/u 7, 0, 32;
    %jmp/0xz  T_12.21, 5;
    %load/vec4 v0x5555602cbdf0_0;
    %addi 1, 0, 3;
    %assign/vec4 v0x5555602cbdf0_0, 0;
    %jmp T_12.22;
T_12.21 ;
    %pushi/vec4 0, 0, 3;
    %assign/vec4 v0x5555602cbdf0_0, 0;
    %load/vec4 v0x5555602cbd10_0;
    %pad/u 32;
    %cmpi/u 7, 0, 32;
    %jmp/0xz  T_12.23, 5;
    %load/vec4 v0x5555602cbd10_0;
    %addi 1, 0, 3;
    %assign/vec4 v0x5555602cbd10_0, 0;
    %jmp T_12.24;
T_12.23 ;
    %pushi/vec4 0, 0, 1;
    %assign/vec4 v0x5555602cc040_0, 0;
    %pushi/vec4 1, 0, 1;
    %assign/vec4 v0x5555602cbc50_0, 0;
T_12.24 ;
T_12.22 ;
T_12.20 ;
T_12.17 ;
T_12.9 ;
    %load/vec4 v0x5555602cbc50_0;
    %flag_set/vec4 8;
    %jmp/0xz  T_12.25, 8;
    %pushi/vec4 0, 0, 1;
    %assign/vec4 v0x5555602cbc50_0, 0;
    %pushi/vec4 1, 0, 1;
    %assign/vec4 v0x5555602cc1c0_0, 0;
    %pushi/vec4 1, 0, 1;
    %assign/vec4 v0x5555602cc100_0, 0;
    %vpi_call/w 16 119 "$display", "\012=================================" {0 0 0};
    %vpi_call/w 16 120 "$display", " MATRIX MULTIPLICATION COMPLETE " {0 0 0};
    %vpi_call/w 16 121 "$display", "=================================\012" {0 0 0};
    %vpi_call/w 16 124 "$display", "Matrix A:" {0 0 0};
    %pushi/vec4 0, 0, 32;
    %store/vec4 v0x5555602cc280_0, 0, 32;
T_12.27 ; Top of for-loop
    %load/vec4 v0x5555602cc280_0;
    %cmpi/s 8, 0, 32;
	  %jmp/0xz T_12.28, 5;
    %load/vec4 v0x5555602cc280_0;
    %pad/s 36;
    %pad/s 39;
    %muli 8, 0, 39;
    %ix/vec4/s 4;
    %load/vec4a v0x5555602cb780, 4;
    %load/vec4 v0x5555602cc280_0;
    %pad/s 36;
    %pad/s 39;
    %muli 8, 0, 39;
    %pad/s 40;
    %pushi/vec4 1, 0, 2;
    %pad/s 40;
    %add;
    %ix/vec4/s 4;
    %load/vec4a v0x5555602cb780, 4;
    %load/vec4 v0x5555602cc280_0;
    %pad/s 36;
    %pad/s 39;
    %muli 8, 0, 39;
    %pad/s 40;
    %pushi/vec4 2, 0, 3;
    %pad/s 40;
    %add;
    %ix/vec4/s 4;
    %load/vec4a v0x5555602cb780, 4;
    %load/vec4 v0x5555602cc280_0;
    %pad/s 36;
    %pad/s 39;
    %muli 8, 0, 39;
    %pad/s 40;
    %pushi/vec4 3, 0, 3;
    %pad/s 40;
    %add;
    %ix/vec4/s 4;
    %load/vec4a v0x5555602cb780, 4;
    %load/vec4 v0x5555602cc280_0;
    %pad/s 36;
    %pad/s 39;
    %muli 8, 0, 39;
    %pad/s 40;
    %pushi/vec4 4, 0, 4;
    %pad/s 40;
    %add;
    %ix/vec4/s 4;
    %load/vec4a v0x5555602cb780, 4;
    %load/vec4 v0x5555602cc280_0;
    %pad/s 36;
    %pad/s 39;
    %muli 8, 0, 39;
    %pad/s 40;
    %pushi/vec4 5, 0, 4;
    %pad/s 40;
    %add;
    %ix/vec4/s 4;
    %load/vec4a v0x5555602cb780, 4;
    %load/vec4 v0x5555602cc280_0;
    %pad/s 36;
    %pad/s 39;
    %muli 8, 0, 39;
    %pad/s 40;
    %pushi/vec4 6, 0, 4;
    %pad/s 40;
    %add;
    %ix/vec4/s 4;
    %load/vec4a v0x5555602cb780, 4;
    %load/vec4 v0x5555602cc280_0;
    %pad/s 36;
    %pad/s 39;
    %muli 8, 0, 39;
    %pad/s 40;
    %pushi/vec4 7, 0, 4;
    %pad/s 40;
    %add;
    %ix/vec4/s 4;
    %load/vec4a v0x5555602cb780, 4;
    %vpi_call/w 16 126 "$display", "%4d %4d %4d %4d %4d %4d %4d %4d", S<7,vec4,s32>, S<6,vec4,s32>, S<5,vec4,s32>, S<4,vec4,s32>, S<3,vec4,s32>, S<2,vec4,s32>, S<1,vec4,s32>, S<0,vec4,s32> {8 0 0};
T_12.29 ; for-loop step statement
    %load/vec4 v0x5555602cc280_0;
    %addi 1, 0, 32;
    %store/vec4 v0x5555602cc280_0, 0, 32;
    %jmp T_12.27;
T_12.28 ; for-loop exit label
    %vpi_call/w 16 131 "$display", "\012Matrix B:" {0 0 0};
    %pushi/vec4 0, 0, 32;
    %store/vec4 v0x5555602cc280_0, 0, 32;
T_12.30 ; Top of for-loop
    %load/vec4 v0x5555602cc280_0;
    %cmpi/s 8, 0, 32;
	  %jmp/0xz T_12.31, 5;
    %load/vec4 v0x5555602cc280_0;
    %pad/s 36;
    %pad/s 39;
    %muli 8, 0, 39;
    %ix/vec4/s 4;
    %load/vec4a v0x5555602cb860, 4;
    %load/vec4 v0x5555602cc280_0;
    %pad/s 36;
    %pad/s 39;
    %muli 8, 0, 39;
    %pad/s 40;
    %pushi/vec4 1, 0, 2;
    %pad/s 40;
    %add;
    %ix/vec4/s 4;
    %load/vec4a v0x5555602cb860, 4;
    %load/vec4 v0x5555602cc280_0;
    %pad/s 36;
    %pad/s 39;
    %muli 8, 0, 39;
    %pad/s 40;
    %pushi/vec4 2, 0, 3;
    %pad/s 40;
    %add;
    %ix/vec4/s 4;
    %load/vec4a v0x5555602cb860, 4;
    %load/vec4 v0x5555602cc280_0;
    %pad/s 36;
    %pad/s 39;
    %muli 8, 0, 39;
    %pad/s 40;
    %pushi/vec4 3, 0, 3;
    %pad/s 40;
    %add;
    %ix/vec4/s 4;
    %load/vec4a v0x5555602cb860, 4;
    %load/vec4 v0x5555602cc280_0;
    %pad/s 36;
    %pad/s 39;
    %muli 8, 0, 39;
    %pad/s 40;
    %pushi/vec4 4, 0, 4;
    %pad/s 40;
    %add;
    %ix/vec4/s 4;
    %load/vec4a v0x5555602cb860, 4;
    %load/vec4 v0x5555602cc280_0;
    %pad/s 36;
    %pad/s 39;
    %muli 8, 0, 39;
    %pad/s 40;
    %pushi/vec4 5, 0, 4;
    %pad/s 40;
    %add;
    %ix/vec4/s 4;
    %load/vec4a v0x5555602cb860, 4;
    %load/vec4 v0x5555602cc280_0;
    %pad/s 36;
    %pad/s 39;
    %muli 8, 0, 39;
    %pad/s 40;
    %pushi/vec4 6, 0, 4;
    %pad/s 40;
    %add;
    %ix/vec4/s 4;
    %load/vec4a v0x5555602cb860, 4;
    %load/vec4 v0x5555602cc280_0;
    %pad/s 36;
    %pad/s 39;
    %muli 8, 0, 39;
    %pad/s 40;
    %pushi/vec4 7, 0, 4;
    %pad/s 40;
    %add;
    %ix/vec4/s 4;
    %load/vec4a v0x5555602cb860, 4;
    %vpi_call/w 16 133 "$display", "%4d %4d %4d %4d %4d %4d %4d %4d", S<7,vec4,s32>, S<6,vec4,s32>, S<5,vec4,s32>, S<4,vec4,s32>, S<3,vec4,s32>, S<2,vec4,s32>, S<1,vec4,s32>, S<0,vec4,s32> {8 0 0};
T_12.32 ; for-loop step statement
    %load/vec4 v0x5555602cc280_0;
    %addi 1, 0, 32;
    %store/vec4 v0x5555602cc280_0, 0, 32;
    %jmp T_12.30;
T_12.31 ; for-loop exit label
    %vpi_call/w 16 138 "$display", "\012Matrix C = A x B:" {0 0 0};
    %pushi/vec4 0, 0, 32;
    %store/vec4 v0x5555602cc280_0, 0, 32;
T_12.33 ; Top of for-loop
    %load/vec4 v0x5555602cc280_0;
    %cmpi/s 8, 0, 32;
	  %jmp/0xz T_12.34, 5;
    %load/vec4 v0x5555602cc280_0;
    %pad/s 36;
    %pad/s 39;
    %muli 8, 0, 39;
    %ix/vec4/s 4;
    %load/vec4a v0x5555602cb920, 4;
    %load/vec4 v0x5555602cc280_0;
    %pad/s 36;
    %pad/s 39;
    %muli 8, 0, 39;
    %pad/s 40;
    %pushi/vec4 1, 0, 2;
    %pad/s 40;
    %add;
    %ix/vec4/s 4;
    %load/vec4a v0x5555602cb920, 4;
    %load/vec4 v0x5555602cc280_0;
    %pad/s 36;
    %pad/s 39;
    %muli 8, 0, 39;
    %pad/s 40;
    %pushi/vec4 2, 0, 3;
    %pad/s 40;
    %add;
    %ix/vec4/s 4;
    %load/vec4a v0x5555602cb920, 4;
    %load/vec4 v0x5555602cc280_0;
    %pad/s 36;
    %pad/s 39;
    %muli 8, 0, 39;
    %pad/s 40;
    %pushi/vec4 3, 0, 3;
    %pad/s 40;
    %add;
    %ix/vec4/s 4;
    %load/vec4a v0x5555602cb920, 4;
    %load/vec4 v0x5555602cc280_0;
    %pad/s 36;
    %pad/s 39;
    %muli 8, 0, 39;
    %pad/s 40;
    %pushi/vec4 4, 0, 4;
    %pad/s 40;
    %add;
    %ix/vec4/s 4;
    %load/vec4a v0x5555602cb920, 4;
    %load/vec4 v0x5555602cc280_0;
    %pad/s 36;
    %pad/s 39;
    %muli 8, 0, 39;
    %pad/s 40;
    %pushi/vec4 5, 0, 4;
    %pad/s 40;
    %add;
    %ix/vec4/s 4;
    %load/vec4a v0x5555602cb920, 4;
    %load/vec4 v0x5555602cc280_0;
    %pad/s 36;
    %pad/s 39;
    %muli 8, 0, 39;
    %pad/s 40;
    %pushi/vec4 6, 0, 4;
    %pad/s 40;
    %add;
    %ix/vec4/s 4;
    %load/vec4a v0x5555602cb920, 4;
    %load/vec4 v0x5555602cc280_0;
    %pad/s 36;
    %pad/s 39;
    %muli 8, 0, 39;
    %pad/s 40;
    %pushi/vec4 7, 0, 4;
    %pad/s 40;
    %add;
    %ix/vec4/s 4;
    %load/vec4a v0x5555602cb920, 4;
    %vpi_call/w 16 140 "$display", "%4d %4d %4d %4d %4d %4d %4d %4d", S<7,vec4,s32>, S<6,vec4,s32>, S<5,vec4,s32>, S<4,vec4,s32>, S<3,vec4,s32>, S<2,vec4,s32>, S<1,vec4,s32>, S<0,vec4,s32> {8 0 0};
T_12.35 ; for-loop step statement
    %load/vec4 v0x5555602cc280_0;
    %addi 1, 0, 32;
    %store/vec4 v0x5555602cc280_0, 0, 32;
    %jmp T_12.33;
T_12.34 ; for-loop exit label
    %vpi_call/w 16 145 "$display", "\012Verification:" {0 0 0};
    %pushi/vec4 0, 0, 32;
    %store/vec4 v0x5555602cc280_0, 0, 32;
T_12.36 ; Top of for-loop
    %load/vec4 v0x5555602cc280_0;
    %cmpi/s 8, 0, 32;
	  %jmp/0xz T_12.37, 5;
    %load/vec4 v0x5555602cc280_0;
    %pad/s 36;
    %pad/s 39;
    %muli 8, 0, 39;
    %pad/s 40;
    %load/vec4 v0x5555602cc280_0;
    %pad/s 40;
    %add;
    %ix/vec4/s 4;
    %load/vec4a v0x5555602cb920, 4;
    %load/vec4 v0x5555602cc280_0;
    %load/vec4 v0x5555602cc280_0;
    %mul;
    %cmp/e;
    %jmp/0xz  T_12.39, 4;
    %load/vec4 v0x5555602cc280_0;
    %pad/s 36;
    %pad/s 39;
    %muli 8, 0, 39;
    %pad/s 40;
    %load/vec4 v0x5555602cc280_0;
    %pad/s 40;
    %add;
    %ix/vec4/s 4;
    %load/vec4a v0x5555602cb920, 4;
    %vpi_call/w 16 148 "$display", "PASS: C[%0d][%0d] = %0d", v0x5555602cc280_0, v0x5555602cc280_0, S<0,vec4,s32> {1 0 0};
    %jmp T_12.40;
T_12.39 ;
    %load/vec4 v0x5555602cc280_0;
    %pad/s 36;
    %pad/s 39;
    %muli 8, 0, 39;
    %pad/s 40;
    %load/vec4 v0x5555602cc280_0;
    %pad/s 40;
    %add;
    %ix/vec4/s 4;
    %load/vec4a v0x5555602cb920, 4;
    %load/vec4 v0x5555602cc280_0;
    %load/vec4 v0x5555602cc280_0;
    %mul;
    %vpi_call/w 16 151 "$display", "FAIL: C[%0d][%0d] = %0d (expected %0d)", v0x5555602cc280_0, v0x5555602cc280_0, S<1,vec4,s32>, S<0,vec4,s32> {2 0 0};
T_12.40 ;
T_12.38 ; for-loop step statement
    %load/vec4 v0x5555602cc280_0;
    %addi 1, 0, 32;
    %store/vec4 v0x5555602cc280_0, 0, 32;
    %jmp T_12.36;
T_12.37 ; for-loop exit label
    %vpi_call/w 16 155 "$display", "\012AXB = C VERIFIED" {0 0 0};
    %vpi_call/w 16 156 "$display", "=================================\012" {0 0 0};
T_12.25 ;
T_12.1 ;
    %jmp T_12;
    .thread T_12;
    .scope S_0x5555602cb4d0;
T_13 ;
    %wait E_0x5555602cb700;
    %load/vec4 v0x5555602cb9c0_0;
    %dup/vec4;
    %pushi/vec4 4100, 0, 32;
    %cmp/e;
    %jmp/1 T_13.0, 6;
    %dup/vec4;
    %pushi/vec4 4104, 0, 32;
    %cmp/e;
    %jmp/1 T_13.1, 6;
    %pushi/vec4 0, 0, 32;
    %store/vec4 v0x5555602cc360_0, 0, 32;
    %jmp T_13.3;
T_13.0 ;
    %pushi/vec4 0, 0, 30;
    %load/vec4 v0x5555602cc1c0_0;
    %concat/vec4; draw_concat_vec4
    %load/vec4 v0x5555602cc040_0;
    %concat/vec4; draw_concat_vec4
    %store/vec4 v0x5555602cc360_0, 0, 32;
    %jmp T_13.3;
T_13.1 ;
    %pushi/vec4 3735928559, 0, 32;
    %store/vec4 v0x5555602cc360_0, 0, 32;
    %jmp T_13.3;
T_13.3 ;
    %pop/vec4 1;
    %jmp T_13;
    .thread T_13, $push;
    .scope S_0x5555602ca530;
T_14 ;
    %wait E_0x5555602b7cb0;
    %load/vec4 v0x5555602cb2d0_0;
    %flag_set/vec4 8;
    %jmp/0xz  T_14.0, 8;
    %pushi/vec4 0, 0, 32;
    %assign/vec4 v0x5555602cad10_0, 0;
    %pushi/vec4 0, 0, 32;
    %assign/vec4 v0x5555602ca980_0, 0;
    %pushi/vec4 0, 0, 5;
    %assign/vec4 v0x5555602cb080_0, 0;
    %pushi/vec4 0, 0, 1;
    %assign/vec4 v0x5555602cae90_0, 0;
    %pushi/vec4 0, 0, 1;
    %assign/vec4 v0x5555602cb230_0, 0;
    %jmp T_14.1;
T_14.0 ;
    %load/vec4 v0x5555602cab90_0;
    %flag_set/vec4 8;
    %jmp/0xz  T_14.2, 8;
    %load/vec4 v0x5555602cac30_0;
    %assign/vec4 v0x5555602cad10_0, 0;
    %load/vec4 v0x5555602ca8c0_0;
    %assign/vec4 v0x5555602ca980_0, 0;
    %load/vec4 v0x5555602caf30_0;
    %assign/vec4 v0x5555602cb080_0, 0;
    %load/vec4 v0x5555602cadf0_0;
    %assign/vec4 v0x5555602cae90_0, 0;
    %load/vec4 v0x5555602cb140_0;
    %assign/vec4 v0x5555602cb230_0, 0;
    %vpi_call/w 15 32 "$display", "mem_wb: time=%0t mem_data_in=%08h alu_result_in=%08h rd_in=%0d mem_to_reg=%0d reg_write=%0d", $time, v0x5555602cac30_0, v0x5555602ca8c0_0, v0x5555602caf30_0, v0x5555602cadf0_0, v0x5555602cb140_0 {0 0 0};
T_14.2 ;
T_14.1 ;
    %jmp T_14;
    .thread T_14;
    .scope S_0x5555602c56f0;
T_15 ;
Ewait_0 .event/or E_0x5555602c5900, E_0x0;
    %wait Ewait_0;
    %pushi/vec4 0, 0, 2;
    %store/vec4 v0x5555602c5b60_0, 0, 2;
    %pushi/vec4 0, 0, 2;
    %store/vec4 v0x5555602c5c30_0, 0, 2;
    %load/vec4 v0x5555602c5a90_0;
    %flag_set/vec4 10;
    %flag_get/vec4 10;
    %jmp/0 T_15.3, 10;
    %load/vec4 v0x5555602c5980_0;
    %pushi/vec4 0, 0, 5;
    %cmp/ne;
    %flag_get/vec4 4;
    %and;
T_15.3;
    %flag_set/vec4 9;
    %flag_get/vec4 9;
    %jmp/0 T_15.2, 9;
    %load/vec4 v0x5555602c5980_0;
    %load/vec4 v0x5555602c5cf0_0;
    %cmp/e;
    %flag_get/vec4 4;
    %and;
T_15.2;
    %flag_set/vec4 8;
    %jmp/0xz  T_15.0, 8;
    %pushi/vec4 2, 0, 2;
    %store/vec4 v0x5555602c5b60_0, 0, 2;
T_15.0 ;
    %load/vec4 v0x5555602c5a90_0;
    %flag_set/vec4 10;
    %flag_get/vec4 10;
    %jmp/0 T_15.7, 10;
    %load/vec4 v0x5555602c5980_0;
    %pushi/vec4 0, 0, 5;
    %cmp/ne;
    %flag_get/vec4 4;
    %and;
T_15.7;
    %flag_set/vec4 9;
    %flag_get/vec4 9;
    %jmp/0 T_15.6, 9;
    %load/vec4 v0x5555602c5980_0;
    %load/vec4 v0x5555602c5e20_0;
    %cmp/e;
    %flag_get/vec4 4;
    %and;
T_15.6;
    %flag_set/vec4 8;
    %jmp/0xz  T_15.4, 8;
    %pushi/vec4 2, 0, 2;
    %store/vec4 v0x5555602c5c30_0, 0, 2;
T_15.4 ;
    %load/vec4 v0x5555602c5fe0_0;
    %flag_set/vec4 11;
    %flag_get/vec4 11;
    %jmp/0 T_15.12, 11;
    %load/vec4 v0x5555602c5f00_0;
    %pushi/vec4 0, 0, 5;
    %cmp/ne;
    %flag_get/vec4 4;
    %and;
T_15.12;
    %flag_set/vec4 10;
    %flag_get/vec4 10;
    %jmp/0 T_15.11, 10;
    %load/vec4 v0x5555602c5a90_0;
    %flag_set/vec4 11;
    %flag_get/vec4 11;
    %jmp/0 T_15.14, 11;
    %load/vec4 v0x5555602c5980_0;
    %pushi/vec4 0, 0, 5;
    %cmp/ne;
    %flag_get/vec4 4;
    %and;
T_15.14;
    %flag_set/vec4 10;
    %flag_get/vec4 10;
    %jmp/0 T_15.13, 10;
    %load/vec4 v0x5555602c5980_0;
    %load/vec4 v0x5555602c5cf0_0;
    %cmp/e;
    %flag_get/vec4 4;
    %and;
T_15.13;
    %nor/r;
    %and;
T_15.11;
    %flag_set/vec4 9;
    %flag_get/vec4 9;
    %jmp/0 T_15.10, 9;
    %load/vec4 v0x5555602c5f00_0;
    %load/vec4 v0x5555602c5cf0_0;
    %cmp/e;
    %flag_get/vec4 4;
    %and;
T_15.10;
    %flag_set/vec4 8;
    %jmp/0xz  T_15.8, 8;
    %pushi/vec4 1, 0, 2;
    %store/vec4 v0x5555602c5b60_0, 0, 2;
T_15.8 ;
    %load/vec4 v0x5555602c5fe0_0;
    %flag_set/vec4 11;
    %flag_get/vec4 11;
    %jmp/0 T_15.19, 11;
    %load/vec4 v0x5555602c5f00_0;
    %pushi/vec4 0, 0, 5;
    %cmp/ne;
    %flag_get/vec4 4;
    %and;
T_15.19;
    %flag_set/vec4 10;
    %flag_get/vec4 10;
    %jmp/0 T_15.18, 10;
    %load/vec4 v0x5555602c5a90_0;
    %flag_set/vec4 11;
    %flag_get/vec4 11;
    %jmp/0 T_15.21, 11;
    %load/vec4 v0x5555602c5980_0;
    %pushi/vec4 0, 0, 5;
    %cmp/ne;
    %flag_get/vec4 4;
    %and;
T_15.21;
    %flag_set/vec4 10;
    %flag_get/vec4 10;
    %jmp/0 T_15.20, 10;
    %load/vec4 v0x5555602c5980_0;
    %load/vec4 v0x5555602c5e20_0;
    %cmp/e;
    %flag_get/vec4 4;
    %and;
T_15.20;
    %nor/r;
    %and;
T_15.18;
    %flag_set/vec4 9;
    %flag_get/vec4 9;
    %jmp/0 T_15.17, 9;
    %load/vec4 v0x5555602c5f00_0;
    %load/vec4 v0x5555602c5e20_0;
    %cmp/e;
    %flag_get/vec4 4;
    %and;
T_15.17;
    %flag_set/vec4 8;
    %jmp/0xz  T_15.15, 8;
    %pushi/vec4 1, 0, 2;
    %store/vec4 v0x5555602c5c30_0, 0, 2;
T_15.15 ;
    %jmp T_15;
    .thread T_15, $push;
    .scope S_0x5555602c61f0;
T_16 ;
    %wait E_0x5555602c63d0;
    %pushi/vec4 1, 0, 1;
    %store/vec4 v0x5555602c6a30_0, 0, 1;
    %pushi/vec4 1, 0, 1;
    %store/vec4 v0x5555602c6970_0, 0, 1;
    %pushi/vec4 0, 0, 1;
    %store/vec4 v0x5555602c6460_0, 0, 1;
    %load/vec4 v0x5555602c6540_0;
    %flag_set/vec4 9;
    %flag_get/vec4 9;
    %jmp/0 T_16.1, 9;
    %load/vec4 v0x5555602c6600_0;
    %pad/u 32;
    %pushi/vec4 0, 0, 32;
    %cmp/ne;
    %flag_get/vec4 4;
    %and;
T_16.1;
    %flag_set/vec4 8;
    %flag_get/vec4 8;
    %jmp/0 T_16.0, 8;
    %load/vec4 v0x5555602c6600_0;
    %load/vec4 v0x5555602c67a0_0;
    %cmp/e;
    %flag_get/vec4 4;
    %jmp/1 T_16.2, 4;
    %load/vec4 v0x5555602c6600_0;
    %load/vec4 v0x5555602c6890_0;
    %cmp/e;
    %flag_get/vec4 4;
    %or;
T_16.2;
    %and;
T_16.0;
    %vpi_call/w 10 25 "$display", "HZD: mem_read=%b idex_rd=%0d ifid_rs1=%0d ifid_rs2=%0d stall=%b", v0x5555602c6540_0, v0x5555602c6600_0, v0x5555602c67a0_0, v0x5555602c6890_0, S<0,vec4,u1> {1 0 0};
    %load/vec4 v0x5555602c6540_0;
    %flag_set/vec4 10;
    %flag_get/vec4 10;
    %jmp/0 T_16.6, 10;
    %load/vec4 v0x5555602c6600_0;
    %pad/u 32;
    %pushi/vec4 0, 0, 32;
    %cmp/ne;
    %flag_get/vec4 4;
    %and;
T_16.6;
    %flag_set/vec4 9;
    %flag_get/vec4 9;
    %jmp/0 T_16.5, 9;
    %load/vec4 v0x5555602c6600_0;
    %load/vec4 v0x5555602c67a0_0;
    %cmp/e;
    %flag_get/vec4 4;
    %jmp/1 T_16.7, 4;
    %load/vec4 v0x5555602c6600_0;
    %load/vec4 v0x5555602c6890_0;
    %cmp/e;
    %flag_get/vec4 4;
    %or;
T_16.7;
    %and;
T_16.5;
    %flag_set/vec4 8;
    %jmp/0xz  T_16.3, 8;
    %pushi/vec4 0, 0, 1;
    %store/vec4 v0x5555602c6a30_0, 0, 1;
    %pushi/vec4 0, 0, 1;
    %store/vec4 v0x5555602c6970_0, 0, 1;
    %pushi/vec4 1, 0, 1;
    %store/vec4 v0x5555602c6460_0, 0, 1;
T_16.3 ;
    %jmp T_16;
    .thread T_16, $push;
    .scope S_0x5555602b7670;
T_17 ;
    %wait E_0x5555602b7aa0;
    %load/vec4 v0x5555602d33a0_0;
    %flag_set/vec4 8;
    %jmp/0xz  T_17.0, 8;
    %vpi_call/w 6 147 "$display", "ACCEL RAW HAZARD DETECTED" {0 0 0};
T_17.0 ;
    %jmp T_17;
    .thread T_17, $push;
    .scope S_0x5555602b7670;
T_18 ;
    %wait E_0x5555602ae1f0;
    %load/vec4 v0x5555602d4ba0_0;
    %flag_set/vec4 8;
    %jmp/0xz  T_18.0, 8;
    %vpi_call/w 6 200 "$display", "BRANCH: pc_write=%b rs1=%h rs2=%h taken=%b", v0x5555602d7330_0, v0x5555602d3600_0, v0x5555602d36c0_0, v0x5555602d37a0_0 {0 0 0};
T_18.0 ;
    %jmp T_18;
    .thread T_18, $push;
    .scope S_0x5555602b7670;
T_19 ;
    %wait E_0x55556018c7e0;
    %load/vec4 v0x5555602d5d60_0;
    %flag_set/vec4 8;
    %jmp/0xz  T_19.0, 8;
    %load/vec4 v0x5555602d4930_0;
    %load/vec4 v0x5555602d3460_0;
    %add;
    %vpi_call/w 6 287 "$display", "LOAD_EX_DEBUG rs1=%08h imm=%08h alu_b=%08h result=%08h", v0x5555602d4930_0, v0x5555602d5cc0_0, v0x5555602d3460_0, S<0,vec4,u32> {1 0 0};
T_19.0 ;
    %jmp T_19;
    .thread T_19, $push;
    .scope S_0x5555602b7670;
T_20 ;
    %wait E_0x5555602b9e40;
    %vpi_call/w 6 325 "$display", "EXMEM_CAPTURE alu_result_ex=%08h exmem_alu=%08h", v0x5555602d3540_0, v0x5555602d42e0_0 {0 0 0};
    %jmp T_20;
    .thread T_20;
    .scope S_0x5555602b7670;
T_21 ;
    %wait E_0x5555602b7cb0;
    %load/vec4 v0x5555602d7690_0;
    %flag_set/vec4 8;
    %jmp/0xz  T_21.0, 8;
    %pushi/vec4 0, 0, 32;
    %assign/vec4 v0x5555602d7240_0, 0;
    %jmp T_21.1;
T_21.0 ;
    %load/vec4 v0x5555602d37a0_0;
    %flag_set/vec4 9;
    %flag_get/vec4 9;
    %jmp/0 T_21.4, 9;
    %load/vec4 v0x5555602d7330_0;
    %and;
T_21.4;
    %flag_set/vec4 8;
    %jmp/0xz  T_21.2, 8;
    %load/vec4 v0x5555602d3860_0;
    %assign/vec4 v0x5555602d7240_0, 0;
    %jmp T_21.3;
T_21.2 ;
    %load/vec4 v0x5555602d39e0_0;
    %nor/r;
    %flag_set/vec4 9;
    %flag_get/vec4 9;
    %jmp/0 T_21.7, 9;
    %load/vec4 v0x5555602d7330_0;
    %and;
T_21.7;
    %flag_set/vec4 8;
    %jmp/0xz  T_21.5, 8;
    %load/vec4 v0x5555602d7240_0;
    %addi 4, 0, 32;
    %assign/vec4 v0x5555602d7240_0, 0;
T_21.5 ;
T_21.3 ;
T_21.1 ;
    %jmp T_21;
    .thread T_21;
    .scope S_0x55556025f740;
T_22 ;
    %delay 5000, 0;
    %load/vec4 v0x5555602d7ac0_0;
    %inv;
    %store/vec4 v0x5555602d7ac0_0, 0, 1;
    %jmp T_22;
    .thread T_22;
    .scope S_0x55556025f740;
T_23 ;
    %pushi/vec4 0, 0, 1;
    %store/vec4 v0x5555602d7ac0_0, 0, 1;
    %pushi/vec4 1, 0, 1;
    %store/vec4 v0x5555602d8650_0, 0, 1;
    %pushi/vec4 0, 0, 32;
    %store/vec4 v0x5555602d7b80_0, 0, 32;
    %vpi_call/w 5 48 "$display", "\012================ PIPELINE DEMO START ================\012" {0 0 0};
    %delay 20000, 0;
    %pushi/vec4 0, 0, 1;
    %store/vec4 v0x5555602d8650_0, 0, 1;
    %pushi/vec4 550, 0, 32;
T_23.0 %dup/vec4;
    %cmpi/s 0, 0, 32;
    %jmp/1xz T_23.1, 5;
    %jmp/1 T_23.1, 4;
    %subi 1, 0, 32;
    %wait E_0x5555602b9e40;
    %load/vec4 v0x5555602d7b80_0;
    %addi 1, 0, 32;
    %store/vec4 v0x5555602d7b80_0, 0, 32;
    %vpi_call/w 5 59 "$display", "CYCLE=%0d | PC=%h | INSTR=%h | ALU=%h | R1=%h | R2=%h | R3=%h | R4=%h |BUSY=%b|", v0x5555602d7b80_0, v0x5555602d7ff0_0, v0x5555602d7f20_0, v0x5555602d7d60_0, v0x5555602d80c0_0, v0x5555602d81b0_0, v0x5555602d8250_0, v0x5555602d8360_0, v0x5555602d7c60_0 {0 0 0};
    %jmp T_23.0;
T_23.1 ;
    %pop/vec4 1;
    %vpi_call/w 5 72 "$display", "\012================ SIMULATION END =====================\012" {0 0 0};
    %vpi_call/w 5 73 "$finish" {0 0 0};
    %end;
    .thread T_23;
    .scope S_0x55556025f740;
T_24 ;
    %vpi_call/w 5 78 "$monitor", "T=%0t | PC=%h | INSTR=%h | ALU=%h", $time, v0x5555602d7ff0_0, v0x5555602d7f20_0, v0x5555602d7d60_0 {0 0 0};
    %end;
    .thread T_24;
# The file index is used to find the file name in the following table.
:file_names 18;
    "N/A";
    "<interactive>";
    "-";
    "src/alu.v";
    "src/alu_control.v";
    "tb/riscv_pipeline_tb.v";
    "src/riscv_pipeline.v";
    "src/data_memory.v";
    "src/ex_mem.v";
    "src/forwarding_unit.sv";
    "src/hazard_detection_unit.sv";
    "src/id_ex.v";
    "src/if_id.v";
    "src/immediate_gen.v";
    "src/instr_mem.v";
    "src/mem_wb.v";
    "src/mmul_mem.v";
    "src/register_file.v";
