#! /usr/bin/vvp
:ivl_version "11.0 (stable)";
:ivl_delay_selection "TYPICAL";
:vpi_time_precision - 12;
:vpi_module "/usr/lib/x86_64-linux-gnu/ivl/system.vpi";
:vpi_module "/usr/lib/x86_64-linux-gnu/ivl/vhdl_sys.vpi";
:vpi_module "/usr/lib/x86_64-linux-gnu/ivl/vhdl_textio.vpi";
:vpi_module "/usr/lib/x86_64-linux-gnu/ivl/v2005_math.vpi";
:vpi_module "/usr/lib/x86_64-linux-gnu/ivl/va_math.vpi";
:vpi_module "/usr/lib/x86_64-linux-gnu/ivl/v2009.vpi";
S_0x55aafdd77670 .scope package, "$unit" "$unit" 2 1;
 .timescale 0 0;
S_0x55aafddbad80 .scope module, "alu" "alu" 3 2;
 .timescale -9 -12;
    .port_info 0 /INPUT 32 "a";
    .port_info 1 /INPUT 32 "b";
    .port_info 2 /INPUT 4 "alu_ctrl";
    .port_info 3 /OUTPUT 32 "result";
o0x79890a19f018 .functor BUFZ 32, C4<zzzzzzzzzzzzzzzzzzzzzzzzzzzzzzzz>; HiZ drive
v0x55aafddba030_0 .net "a", 31 0, o0x79890a19f018;  0 drivers
o0x79890a19f048 .functor BUFZ 4, C4<zzzz>; HiZ drive
v0x55aafddbbf80_0 .net "alu_ctrl", 3 0, o0x79890a19f048;  0 drivers
o0x79890a19f078 .functor BUFZ 32, C4<zzzzzzzzzzzzzzzzzzzzzzzzzzzzzzzz>; HiZ drive
v0x55aafddbc020_0 .net "b", 31 0, o0x79890a19f078;  0 drivers
v0x55aafdd62a10_0 .var "result", 31 0;
E_0x55aafdcbb860 .event edge, v0x55aafddbbf80_0, v0x55aafddba030_0, v0x55aafddbc020_0;
S_0x55aafdd5e2d0 .scope module, "alu_control" "alu_control" 4 2;
 .timescale -9 -12;
    .port_info 0 /INPUT 7 "opcode";
    .port_info 1 /INPUT 3 "funct3";
    .port_info 2 /INPUT 7 "funct7";
    .port_info 3 /OUTPUT 4 "alu_ctrl";
v0x55aafdd62ab0_0 .var "alu_ctrl", 3 0;
o0x79890a19f1c8 .functor BUFZ 3, C4<zzz>; HiZ drive
v0x55aafdd75310_0 .net "funct3", 2 0, o0x79890a19f1c8;  0 drivers
o0x79890a19f1f8 .functor BUFZ 7, C4<zzzzzzz>; HiZ drive
v0x55aafdd753e0_0 .net "funct7", 6 0, o0x79890a19f1f8;  0 drivers
o0x79890a19f228 .functor BUFZ 7, C4<zzzzzzz>; HiZ drive
v0x55aafddcdfc0_0 .net "opcode", 6 0, o0x79890a19f228;  0 drivers
E_0x55aafdcf4770 .event edge, v0x55aafddcdfc0_0, v0x55aafdd75310_0, v0x55aafdd753e0_0;
S_0x55aafdda7e60 .scope module, "riscv_pipeline_tb_cpu" "riscv_pipeline_tb_cpu" 5 3;
 .timescale -9 -12;
v0x55aafdde7ea0_0 .var "clk", 0 0;
v0x55aafdde7f60_0 .net "mmul_busy", 0 0, v0x55aafdde1330_0;  1 drivers
v0x55aafdde8070_0 .net "mmul_done", 0 0, v0x55aafdde13f0_0;  1 drivers
v0x55aafdde8160_0 .var "rst", 0 0;
E_0x55aafdcdf2d0 .event edge, v0x55aafdde13f0_0;
E_0x55aafdcdf410 .event edge, v0x55aafdde1330_0;
E_0x55aafddc12f0 .event edge, v0x55aafdddbfc0_0;
S_0x55aafddce1d0 .scope module, "dut" "riscv_pipeline" 5 13, 6 3 0, S_0x55aafdda7e60;
 .timescale -9 -12;
    .port_info 0 /INPUT 1 "clk";
    .port_info 1 /INPUT 1 "rst";
    .port_info 2 /OUTPUT 1 "mmul_busy";
    .port_info 3 /OUTPUT 1 "mmul_done";
    .port_info 4 /OUTPUT 32 "dbg_pc";
    .port_info 5 /OUTPUT 32 "dbg_instr";
    .port_info 6 /OUTPUT 32 "dbg_alu";
    .port_info 7 /OUTPUT 32 "dbg_dmem_load";
    .port_info 8 /OUTPUT 32 "dbg_r1";
    .port_info 9 /OUTPUT 32 "dbg_r2";
    .port_info 10 /OUTPUT 32 "dbg_r3";
    .port_info 11 /OUTPUT 1 "dbg_accel_busy";
P_0x55aafddce380 .param/l "MMUL_BASE" 1 6 199, C4<00000000000000000001000000000000>;
L_0x55aafdd751f0 .functor BUFZ 1, L_0x55aafddfb7b0, C4<0>, C4<0>, C4<0>;
L_0x55aafddc1260 .functor BUFZ 32, v0x55aafdde7810_0, C4<00000000000000000000000000000000>, C4<00000000000000000000000000000000>, C4<00000000000000000000000000000000>;
L_0x55aafdde8540 .functor BUFZ 32, v0x55aafddde7e0_0, C4<00000000000000000000000000000000>, C4<00000000000000000000000000000000>, C4<00000000000000000000000000000000>;
L_0x55aafddf9e40 .functor OR 1, L_0x55aafddf9c10, L_0x55aafddf9d50, C4<0>, C4<0>;
L_0x55aafddfa0d0 .functor OR 1, L_0x55aafddf9e40, L_0x55aafddf9f80, C4<0>, C4<0>;
L_0x55aafddfa390 .functor OR 1, L_0x55aafddfa0d0, L_0x55aafddfa190, C4<0>, C4<0>;
L_0x55aafddfa670 .functor BUFZ 32, L_0x55aafddfae00, C4<00000000000000000000000000000000>, C4<00000000000000000000000000000000>, C4<00000000000000000000000000000000>;
L_0x55aafddfb210 .functor AND 1, L_0x55aafddfaf90, L_0x55aafddfb120, C4<1>, C4<1>;
L_0x55aafddfb370 .functor NOT 1, L_0x55aafddfb210, C4<0>, C4<0>, C4<0>;
L_0x55aafddfb430 .functor AND 1, v0x55aafdddb710_0, L_0x55aafddfb370, C4<1>, C4<1>;
L_0x55aafddfb5a0 .functor NOT 1, L_0x55aafddfb210, C4<0>, C4<0>, C4<0>;
L_0x55aafddfb610 .functor AND 1, v0x55aafdddba20_0, L_0x55aafddfb5a0, C4<1>, C4<1>;
L_0x55aafddfb740 .functor AND 1, v0x55aafdddba20_0, L_0x55aafddfb210, C4<1>, C4<1>;
L_0x55aafddfb7b0 .functor BUFZ 1, v0x55aafdde1330_0, C4<0>, C4<0>, C4<0>;
L_0x55aafddfb6d0 .functor BUFZ 32, v0x55aafdddad40_0, C4<00000000000000000000000000000000>, C4<00000000000000000000000000000000>, C4<00000000000000000000000000000000>;
L_0x55aafddfb940 .functor BUFZ 32, L_0x55aafddfb6d0, C4<00000000000000000000000000000000>, C4<00000000000000000000000000000000>, C4<00000000000000000000000000000000>;
L_0x55aafddfbb90 .functor BUFZ 1, v0x55aafdde0590_0, C4<0>, C4<0>, C4<0>;
L_0x55aafddfbca0 .functor BUFZ 5, v0x55aafdde0400_0, C4<00000>, C4<00000>, C4<00000>;
L_0x79890a156210 .functor BUFT 1, C4<0000011>, C4<0>, C4<0>, C4<0>;
v0x55aafdde3b20_0 .net/2u *"_ivl_18", 6 0, L_0x79890a156210;  1 drivers
L_0x79890a156258 .functor BUFT 1, C4<0100011>, C4<0>, C4<0>, C4<0>;
v0x55aafdde3c20_0 .net/2u *"_ivl_22", 6 0, L_0x79890a156258;  1 drivers
L_0x79890a1562a0 .functor BUFT 1, C4<0110011>, C4<0>, C4<0>, C4<0>;
v0x55aafdde3d00_0 .net/2u *"_ivl_26", 6 0, L_0x79890a1562a0;  1 drivers
v0x55aafdde3df0_0 .net *"_ivl_28", 0 0, L_0x55aafddf9c10;  1 drivers
L_0x79890a1562e8 .functor BUFT 1, C4<0010011>, C4<0>, C4<0>, C4<0>;
v0x55aafdde3eb0_0 .net/2u *"_ivl_30", 6 0, L_0x79890a1562e8;  1 drivers
v0x55aafdde3f90_0 .net *"_ivl_32", 0 0, L_0x55aafddf9d50;  1 drivers
v0x55aafdde4050_0 .net *"_ivl_34", 0 0, L_0x55aafddf9e40;  1 drivers
L_0x79890a156330 .functor BUFT 1, C4<0000011>, C4<0>, C4<0>, C4<0>;
v0x55aafdde4130_0 .net/2u *"_ivl_36", 6 0, L_0x79890a156330;  1 drivers
v0x55aafdde4210_0 .net *"_ivl_38", 0 0, L_0x55aafddf9f80;  1 drivers
v0x55aafdde42d0_0 .net *"_ivl_40", 0 0, L_0x55aafddfa0d0;  1 drivers
L_0x79890a156378 .functor BUFT 1, C4<0110111>, C4<0>, C4<0>, C4<0>;
v0x55aafdde43b0_0 .net/2u *"_ivl_42", 6 0, L_0x79890a156378;  1 drivers
v0x55aafdde4490_0 .net *"_ivl_44", 0 0, L_0x55aafddfa190;  1 drivers
L_0x79890a1563c0 .functor BUFT 1, C4<0000011>, C4<0>, C4<0>, C4<0>;
v0x55aafdde4550_0 .net/2u *"_ivl_48", 6 0, L_0x79890a1563c0;  1 drivers
L_0x79890a156408 .functor BUFT 1, C4<0110011>, C4<0>, C4<0>, C4<0>;
v0x55aafdde4630_0 .net/2u *"_ivl_52", 6 0, L_0x79890a156408;  1 drivers
L_0x79890a156498 .functor BUFT 1, C4<0110111>, C4<0>, C4<0>, C4<0>;
v0x55aafdde4710_0 .net/2u *"_ivl_60", 6 0, L_0x79890a156498;  1 drivers
v0x55aafdde47f0_0 .net *"_ivl_62", 0 0, L_0x55aafddfaaf0;  1 drivers
v0x55aafdde48b0_0 .net *"_ivl_64", 31 0, L_0x55aafddfac30;  1 drivers
L_0x79890a1564e0 .functor BUFT 1, C4<00000000000000000001000000000000>, C4<0>, C4<0>, C4<0>;
v0x55aafdde4aa0_0 .net/2u *"_ivl_70", 31 0, L_0x79890a1564e0;  1 drivers
v0x55aafdde4b80_0 .net *"_ivl_72", 0 0, L_0x55aafddfaf90;  1 drivers
L_0x79890a156528 .functor BUFT 1, C4<00000000000000000001000100000000>, C4<0>, C4<0>, C4<0>;
v0x55aafdde4c40_0 .net/2u *"_ivl_74", 31 0, L_0x79890a156528;  1 drivers
v0x55aafdde4d20_0 .net *"_ivl_76", 0 0, L_0x55aafddfb120;  1 drivers
v0x55aafdde4de0_0 .net *"_ivl_80", 0 0, L_0x55aafddfb370;  1 drivers
v0x55aafdde4ec0_0 .net *"_ivl_84", 0 0, L_0x55aafddfb5a0;  1 drivers
v0x55aafdde4fa0_0 .net "alu_b", 31 0, L_0x55aafddfa820;  1 drivers
v0x55aafdde5080_0 .net "alu_result_ex", 31 0, L_0x55aafddfae00;  1 drivers
v0x55aafdde5140_0 .net "clk", 0 0, v0x55aafdde7ea0_0;  1 drivers
v0x55aafdde51e0_0 .net "cpu_stall", 0 0, L_0x55aafdd751f0;  1 drivers
v0x55aafdde5280_0 .net "dbg_accel_busy", 0 0, L_0x55aafddfb7b0;  1 drivers
v0x55aafdde5340_0 .net "dbg_alu", 31 0, L_0x55aafddfa670;  1 drivers
v0x55aafdde5420_0 .net "dbg_dmem_load", 31 0, L_0x55aafddfb940;  1 drivers
v0x55aafdde5500_0 .net "dbg_instr", 31 0, L_0x55aafdde8540;  1 drivers
v0x55aafdde55e0_0 .net "dbg_pc", 31 0, L_0x55aafddc1260;  1 drivers
v0x55aafdde56c0_0 .net "dbg_r1", 31 0, L_0x55aafddf9460;  1 drivers
v0x55aafdde57b0_0 .net "dbg_r2", 31 0, L_0x55aafddf9520;  1 drivers
v0x55aafdde5880_0 .net "dbg_r3", 31 0, L_0x55aafddf95e0;  1 drivers
v0x55aafdde5950_0 .net "dmem_rdata", 31 0, v0x55aafdddad40_0;  1 drivers
v0x55aafdde5a20_0 .net "exmem_alu", 31 0, v0x55aafdddb4b0_0;  1 drivers
v0x55aafdde5ac0_0 .net "exmem_mem_read", 0 0, v0x55aafdddb710_0;  1 drivers
v0x55aafdde5b90_0 .net "exmem_mem_to_reg", 0 0, v0x55aafdddb8a0_0;  1 drivers
v0x55aafdde5c30_0 .net "exmem_mem_write", 0 0, v0x55aafdddba20_0;  1 drivers
v0x55aafdde5cd0_0 .net "exmem_rd", 4 0, v0x55aafdddbbc0_0;  1 drivers
v0x55aafdde5d70_0 .net "exmem_reg_write", 0 0, v0x55aafdddbd60_0;  1 drivers
v0x55aafdde5e60_0 .net "exmem_rs2", 31 0, v0x55aafdddbf00_0;  1 drivers
v0x55aafdde5f00_0 .net "id_alu_src", 0 0, L_0x55aafddfa6e0;  1 drivers
v0x55aafdde5fa0_0 .net "id_imm", 31 0, v0x55aafdddef90_0;  1 drivers
v0x55aafdde6090_0 .net "id_mem_read", 0 0, L_0x55aafddf9960;  1 drivers
v0x55aafdde6130_0 .net "id_mem_to_reg", 0 0, L_0x55aafddfa530;  1 drivers
v0x55aafdde61d0_0 .net "id_mem_write", 0 0, L_0x55aafddf9ae0;  1 drivers
v0x55aafdde62a0_0 .net "id_opcode", 6 0, L_0x55aafdde85b0;  1 drivers
v0x55aafdde6370_0 .net "id_rd", 4 0, L_0x55aafdde88a0;  1 drivers
v0x55aafdde6440_0 .net "id_reg_write", 0 0, L_0x55aafddfa390;  1 drivers
v0x55aafdde6510_0 .net "id_rs1", 4 0, L_0x55aafdde8730;  1 drivers
v0x55aafdde6600_0 .net "id_rs2", 4 0, L_0x55aafdde87d0;  1 drivers
v0x55aafdde66f0_0 .net "idex_alu_src", 0 0, v0x55aafdddc7a0_0;  1 drivers
v0x55aafdde6790_0 .net "idex_imm", 31 0, v0x55aafdddcb50_0;  1 drivers
v0x55aafdde6830_0 .net "idex_mem_read", 0 0, v0x55aafdddccf0_0;  1 drivers
v0x55aafdde6920_0 .net "idex_mem_to_reg", 0 0, v0x55aafdddce30_0;  1 drivers
v0x55aafdde6a10_0 .net "idex_mem_write", 0 0, v0x55aafdddcf70_0;  1 drivers
v0x55aafdde6b00_0 .net "idex_opcode", 6 0, v0x55aafdddd100_0;  1 drivers
v0x55aafdde6ba0_0 .net "idex_rd", 4 0, v0x55aafdddd480_0;  1 drivers
v0x55aafdde6c90_0 .net "idex_reg_write", 0 0, v0x55aafdddd610_0;  1 drivers
v0x55aafdde6d80_0 .net "idex_rs1", 31 0, v0x55aafdddd960_0;  1 drivers
v0x55aafdde6e20_0 .net "idex_rs2", 31 0, v0x55aafddddce0_0;  1 drivers
v0x55aafdde6f10_0 .net "ifid_instr_out", 31 0, v0x55aafddde7e0_0;  1 drivers
v0x55aafdde7000_0 .net "ifid_pc_out", 31 0, v0x55aafddde9f0_0;  1 drivers
v0x55aafdde7110_0 .net "instr_fetched", 31 0, L_0x55aafddc2850;  1 drivers
v0x55aafdde7220_0 .net "mem_rdata", 31 0, L_0x55aafddfb6d0;  1 drivers
v0x55aafdde72e0_0 .net "memwb_alu", 31 0, v0x55aafdddfd90_0;  1 drivers
v0x55aafdde7380_0 .net "memwb_mem", 31 0, v0x55aafdde0090_0;  1 drivers
v0x55aafdde7420_0 .net "memwb_mem_to_reg", 0 0, v0x55aafdde0210_0;  1 drivers
v0x55aafdde74c0_0 .net "memwb_rd", 4 0, v0x55aafdde0400_0;  1 drivers
v0x55aafdde7560_0 .net "memwb_reg_write", 0 0, v0x55aafdde0590_0;  1 drivers
v0x55aafdde7600_0 .net "mmul_busy", 0 0, v0x55aafdde1330_0;  alias, 1 drivers
v0x55aafdde76a0_0 .net "mmul_done", 0 0, v0x55aafdde13f0_0;  alias, 1 drivers
v0x55aafdde7770_0 .net "mmul_sel", 0 0, L_0x55aafddfb210;  1 drivers
v0x55aafdde7810_0 .var "pc_reg", 31 0;
v0x55aafdde7900_0 .net "rf_rs1_data", 31 0, L_0x55aafddf8d20;  1 drivers
v0x55aafdde79f0_0 .net "rf_rs2_data", 31 0, L_0x55aafddf9280;  1 drivers
v0x55aafdde7ae0_0 .net "rst", 0 0, v0x55aafdde8160_0;  1 drivers
v0x55aafdde7b80_0 .net "wb_data", 31 0, L_0x55aafddfb080;  1 drivers
v0x55aafdde7c20_0 .net "wb_rd", 4 0, L_0x55aafddfbca0;  1 drivers
v0x55aafdde7cc0_0 .net "wb_we", 0 0, L_0x55aafddfbb90;  1 drivers
L_0x55aafdde8450 .reduce/nor L_0x55aafdd751f0;
L_0x55aafdde85b0 .part v0x55aafddde7e0_0, 0, 7;
L_0x55aafdde8730 .part v0x55aafddde7e0_0, 15, 5;
L_0x55aafdde87d0 .part v0x55aafddde7e0_0, 20, 5;
L_0x55aafdde88a0 .part v0x55aafddde7e0_0, 7, 5;
L_0x55aafddf9960 .cmp/eq 7, L_0x55aafdde85b0, L_0x79890a156210;
L_0x55aafddf9ae0 .cmp/eq 7, L_0x55aafdde85b0, L_0x79890a156258;
L_0x55aafddf9c10 .cmp/eq 7, L_0x55aafdde85b0, L_0x79890a1562a0;
L_0x55aafddf9d50 .cmp/eq 7, L_0x55aafdde85b0, L_0x79890a1562e8;
L_0x55aafddf9f80 .cmp/eq 7, L_0x55aafdde85b0, L_0x79890a156330;
L_0x55aafddfa190 .cmp/eq 7, L_0x55aafdde85b0, L_0x79890a156378;
L_0x55aafddfa530 .cmp/eq 7, L_0x55aafdde85b0, L_0x79890a1563c0;
L_0x55aafddfa6e0 .cmp/ne 7, L_0x55aafdde85b0, L_0x79890a156408;
L_0x55aafddfa820 .functor MUXZ 32, v0x55aafddddce0_0, v0x55aafdddcb50_0, v0x55aafdddc7a0_0, C4<>;
L_0x55aafddfaaf0 .cmp/eq 7, v0x55aafdddd100_0, L_0x79890a156498;
L_0x55aafddfac30 .arith/sum 32, v0x55aafdddd960_0, L_0x55aafddfa820;
L_0x55aafddfae00 .functor MUXZ 32, L_0x55aafddfac30, v0x55aafdddcb50_0, L_0x55aafddfaaf0, C4<>;
L_0x55aafddfaf90 .cmp/ge 32, v0x55aafdddb4b0_0, L_0x79890a1564e0;
L_0x55aafddfb120 .cmp/gt 32, L_0x79890a156528, v0x55aafdddb4b0_0;
L_0x55aafddfba40 .reduce/nor L_0x55aafdd751f0;
L_0x55aafddfb080 .functor MUXZ 32, v0x55aafdddfd90_0, v0x55aafdde0090_0, v0x55aafdde0210_0, C4<>;
S_0x55aafddce550 .scope module, "dmem" "data_memory" 6 205, 7 2 0, S_0x55aafddce1d0;
 .timescale -9 -12;
    .port_info 0 /INPUT 1 "clk";
    .port_info 1 /INPUT 1 "mem_read";
    .port_info 2 /INPUT 1 "mem_write";
    .port_info 3 /INPUT 32 "addr";
    .port_info 4 /INPUT 32 "write_data";
    .port_info 5 /OUTPUT 32 "read_data";
v0x55aafddd08d0_0 .net "addr", 31 0, v0x55aafdddb4b0_0;  alias, 1 drivers
v0x55aafddd09d0_0 .net "clk", 0 0, v0x55aafdde7ea0_0;  alias, 1 drivers
v0x55aafddd0a90 .array "mem", 1023 0, 31 0;
v0x55aafdddab70_0 .net "mem_read", 0 0, L_0x55aafddfb430;  1 drivers
v0x55aafdddac30_0 .net "mem_write", 0 0, L_0x55aafddfb610;  1 drivers
v0x55aafdddad40_0 .var "read_data", 31 0;
v0x55aafdddae20_0 .net "write_data", 31 0, v0x55aafdddbf00_0;  alias, 1 drivers
v0x55aafddd0a90_0 .array/port v0x55aafddd0a90, 0;
v0x55aafddd0a90_1 .array/port v0x55aafddd0a90, 1;
E_0x55aafddce7f0/0 .event edge, v0x55aafdddab70_0, v0x55aafddd08d0_0, v0x55aafddd0a90_0, v0x55aafddd0a90_1;
v0x55aafddd0a90_2 .array/port v0x55aafddd0a90, 2;
v0x55aafddd0a90_3 .array/port v0x55aafddd0a90, 3;
v0x55aafddd0a90_4 .array/port v0x55aafddd0a90, 4;
v0x55aafddd0a90_5 .array/port v0x55aafddd0a90, 5;
E_0x55aafddce7f0/1 .event edge, v0x55aafddd0a90_2, v0x55aafddd0a90_3, v0x55aafddd0a90_4, v0x55aafddd0a90_5;
v0x55aafddd0a90_6 .array/port v0x55aafddd0a90, 6;
v0x55aafddd0a90_7 .array/port v0x55aafddd0a90, 7;
v0x55aafddd0a90_8 .array/port v0x55aafddd0a90, 8;
v0x55aafddd0a90_9 .array/port v0x55aafddd0a90, 9;
E_0x55aafddce7f0/2 .event edge, v0x55aafddd0a90_6, v0x55aafddd0a90_7, v0x55aafddd0a90_8, v0x55aafddd0a90_9;
v0x55aafddd0a90_10 .array/port v0x55aafddd0a90, 10;
v0x55aafddd0a90_11 .array/port v0x55aafddd0a90, 11;
v0x55aafddd0a90_12 .array/port v0x55aafddd0a90, 12;
v0x55aafddd0a90_13 .array/port v0x55aafddd0a90, 13;
E_0x55aafddce7f0/3 .event edge, v0x55aafddd0a90_10, v0x55aafddd0a90_11, v0x55aafddd0a90_12, v0x55aafddd0a90_13;
v0x55aafddd0a90_14 .array/port v0x55aafddd0a90, 14;
v0x55aafddd0a90_15 .array/port v0x55aafddd0a90, 15;
v0x55aafddd0a90_16 .array/port v0x55aafddd0a90, 16;
v0x55aafddd0a90_17 .array/port v0x55aafddd0a90, 17;
E_0x55aafddce7f0/4 .event edge, v0x55aafddd0a90_14, v0x55aafddd0a90_15, v0x55aafddd0a90_16, v0x55aafddd0a90_17;
v0x55aafddd0a90_18 .array/port v0x55aafddd0a90, 18;
v0x55aafddd0a90_19 .array/port v0x55aafddd0a90, 19;
v0x55aafddd0a90_20 .array/port v0x55aafddd0a90, 20;
v0x55aafddd0a90_21 .array/port v0x55aafddd0a90, 21;
E_0x55aafddce7f0/5 .event edge, v0x55aafddd0a90_18, v0x55aafddd0a90_19, v0x55aafddd0a90_20, v0x55aafddd0a90_21;
v0x55aafddd0a90_22 .array/port v0x55aafddd0a90, 22;
v0x55aafddd0a90_23 .array/port v0x55aafddd0a90, 23;
v0x55aafddd0a90_24 .array/port v0x55aafddd0a90, 24;
v0x55aafddd0a90_25 .array/port v0x55aafddd0a90, 25;
E_0x55aafddce7f0/6 .event edge, v0x55aafddd0a90_22, v0x55aafddd0a90_23, v0x55aafddd0a90_24, v0x55aafddd0a90_25;
v0x55aafddd0a90_26 .array/port v0x55aafddd0a90, 26;
v0x55aafddd0a90_27 .array/port v0x55aafddd0a90, 27;
v0x55aafddd0a90_28 .array/port v0x55aafddd0a90, 28;
v0x55aafddd0a90_29 .array/port v0x55aafddd0a90, 29;
E_0x55aafddce7f0/7 .event edge, v0x55aafddd0a90_26, v0x55aafddd0a90_27, v0x55aafddd0a90_28, v0x55aafddd0a90_29;
v0x55aafddd0a90_30 .array/port v0x55aafddd0a90, 30;
v0x55aafddd0a90_31 .array/port v0x55aafddd0a90, 31;
v0x55aafddd0a90_32 .array/port v0x55aafddd0a90, 32;
v0x55aafddd0a90_33 .array/port v0x55aafddd0a90, 33;
E_0x55aafddce7f0/8 .event edge, v0x55aafddd0a90_30, v0x55aafddd0a90_31, v0x55aafddd0a90_32, v0x55aafddd0a90_33;
v0x55aafddd0a90_34 .array/port v0x55aafddd0a90, 34;
v0x55aafddd0a90_35 .array/port v0x55aafddd0a90, 35;
v0x55aafddd0a90_36 .array/port v0x55aafddd0a90, 36;
v0x55aafddd0a90_37 .array/port v0x55aafddd0a90, 37;
E_0x55aafddce7f0/9 .event edge, v0x55aafddd0a90_34, v0x55aafddd0a90_35, v0x55aafddd0a90_36, v0x55aafddd0a90_37;
v0x55aafddd0a90_38 .array/port v0x55aafddd0a90, 38;
v0x55aafddd0a90_39 .array/port v0x55aafddd0a90, 39;
v0x55aafddd0a90_40 .array/port v0x55aafddd0a90, 40;
v0x55aafddd0a90_41 .array/port v0x55aafddd0a90, 41;
E_0x55aafddce7f0/10 .event edge, v0x55aafddd0a90_38, v0x55aafddd0a90_39, v0x55aafddd0a90_40, v0x55aafddd0a90_41;
v0x55aafddd0a90_42 .array/port v0x55aafddd0a90, 42;
v0x55aafddd0a90_43 .array/port v0x55aafddd0a90, 43;
v0x55aafddd0a90_44 .array/port v0x55aafddd0a90, 44;
v0x55aafddd0a90_45 .array/port v0x55aafddd0a90, 45;
E_0x55aafddce7f0/11 .event edge, v0x55aafddd0a90_42, v0x55aafddd0a90_43, v0x55aafddd0a90_44, v0x55aafddd0a90_45;
v0x55aafddd0a90_46 .array/port v0x55aafddd0a90, 46;
v0x55aafddd0a90_47 .array/port v0x55aafddd0a90, 47;
v0x55aafddd0a90_48 .array/port v0x55aafddd0a90, 48;
v0x55aafddd0a90_49 .array/port v0x55aafddd0a90, 49;
E_0x55aafddce7f0/12 .event edge, v0x55aafddd0a90_46, v0x55aafddd0a90_47, v0x55aafddd0a90_48, v0x55aafddd0a90_49;
v0x55aafddd0a90_50 .array/port v0x55aafddd0a90, 50;
v0x55aafddd0a90_51 .array/port v0x55aafddd0a90, 51;
v0x55aafddd0a90_52 .array/port v0x55aafddd0a90, 52;
v0x55aafddd0a90_53 .array/port v0x55aafddd0a90, 53;
E_0x55aafddce7f0/13 .event edge, v0x55aafddd0a90_50, v0x55aafddd0a90_51, v0x55aafddd0a90_52, v0x55aafddd0a90_53;
v0x55aafddd0a90_54 .array/port v0x55aafddd0a90, 54;
v0x55aafddd0a90_55 .array/port v0x55aafddd0a90, 55;
v0x55aafddd0a90_56 .array/port v0x55aafddd0a90, 56;
v0x55aafddd0a90_57 .array/port v0x55aafddd0a90, 57;
E_0x55aafddce7f0/14 .event edge, v0x55aafddd0a90_54, v0x55aafddd0a90_55, v0x55aafddd0a90_56, v0x55aafddd0a90_57;
v0x55aafddd0a90_58 .array/port v0x55aafddd0a90, 58;
v0x55aafddd0a90_59 .array/port v0x55aafddd0a90, 59;
v0x55aafddd0a90_60 .array/port v0x55aafddd0a90, 60;
v0x55aafddd0a90_61 .array/port v0x55aafddd0a90, 61;
E_0x55aafddce7f0/15 .event edge, v0x55aafddd0a90_58, v0x55aafddd0a90_59, v0x55aafddd0a90_60, v0x55aafddd0a90_61;
v0x55aafddd0a90_62 .array/port v0x55aafddd0a90, 62;
v0x55aafddd0a90_63 .array/port v0x55aafddd0a90, 63;
v0x55aafddd0a90_64 .array/port v0x55aafddd0a90, 64;
v0x55aafddd0a90_65 .array/port v0x55aafddd0a90, 65;
E_0x55aafddce7f0/16 .event edge, v0x55aafddd0a90_62, v0x55aafddd0a90_63, v0x55aafddd0a90_64, v0x55aafddd0a90_65;
v0x55aafddd0a90_66 .array/port v0x55aafddd0a90, 66;
v0x55aafddd0a90_67 .array/port v0x55aafddd0a90, 67;
v0x55aafddd0a90_68 .array/port v0x55aafddd0a90, 68;
v0x55aafddd0a90_69 .array/port v0x55aafddd0a90, 69;
E_0x55aafddce7f0/17 .event edge, v0x55aafddd0a90_66, v0x55aafddd0a90_67, v0x55aafddd0a90_68, v0x55aafddd0a90_69;
v0x55aafddd0a90_70 .array/port v0x55aafddd0a90, 70;
v0x55aafddd0a90_71 .array/port v0x55aafddd0a90, 71;
v0x55aafddd0a90_72 .array/port v0x55aafddd0a90, 72;
v0x55aafddd0a90_73 .array/port v0x55aafddd0a90, 73;
E_0x55aafddce7f0/18 .event edge, v0x55aafddd0a90_70, v0x55aafddd0a90_71, v0x55aafddd0a90_72, v0x55aafddd0a90_73;
v0x55aafddd0a90_74 .array/port v0x55aafddd0a90, 74;
v0x55aafddd0a90_75 .array/port v0x55aafddd0a90, 75;
v0x55aafddd0a90_76 .array/port v0x55aafddd0a90, 76;
v0x55aafddd0a90_77 .array/port v0x55aafddd0a90, 77;
E_0x55aafddce7f0/19 .event edge, v0x55aafddd0a90_74, v0x55aafddd0a90_75, v0x55aafddd0a90_76, v0x55aafddd0a90_77;
v0x55aafddd0a90_78 .array/port v0x55aafddd0a90, 78;
v0x55aafddd0a90_79 .array/port v0x55aafddd0a90, 79;
v0x55aafddd0a90_80 .array/port v0x55aafddd0a90, 80;
v0x55aafddd0a90_81 .array/port v0x55aafddd0a90, 81;
E_0x55aafddce7f0/20 .event edge, v0x55aafddd0a90_78, v0x55aafddd0a90_79, v0x55aafddd0a90_80, v0x55aafddd0a90_81;
v0x55aafddd0a90_82 .array/port v0x55aafddd0a90, 82;
v0x55aafddd0a90_83 .array/port v0x55aafddd0a90, 83;
v0x55aafddd0a90_84 .array/port v0x55aafddd0a90, 84;
v0x55aafddd0a90_85 .array/port v0x55aafddd0a90, 85;
E_0x55aafddce7f0/21 .event edge, v0x55aafddd0a90_82, v0x55aafddd0a90_83, v0x55aafddd0a90_84, v0x55aafddd0a90_85;
v0x55aafddd0a90_86 .array/port v0x55aafddd0a90, 86;
v0x55aafddd0a90_87 .array/port v0x55aafddd0a90, 87;
v0x55aafddd0a90_88 .array/port v0x55aafddd0a90, 88;
v0x55aafddd0a90_89 .array/port v0x55aafddd0a90, 89;
E_0x55aafddce7f0/22 .event edge, v0x55aafddd0a90_86, v0x55aafddd0a90_87, v0x55aafddd0a90_88, v0x55aafddd0a90_89;
v0x55aafddd0a90_90 .array/port v0x55aafddd0a90, 90;
v0x55aafddd0a90_91 .array/port v0x55aafddd0a90, 91;
v0x55aafddd0a90_92 .array/port v0x55aafddd0a90, 92;
v0x55aafddd0a90_93 .array/port v0x55aafddd0a90, 93;
E_0x55aafddce7f0/23 .event edge, v0x55aafddd0a90_90, v0x55aafddd0a90_91, v0x55aafddd0a90_92, v0x55aafddd0a90_93;
v0x55aafddd0a90_94 .array/port v0x55aafddd0a90, 94;
v0x55aafddd0a90_95 .array/port v0x55aafddd0a90, 95;
v0x55aafddd0a90_96 .array/port v0x55aafddd0a90, 96;
v0x55aafddd0a90_97 .array/port v0x55aafddd0a90, 97;
E_0x55aafddce7f0/24 .event edge, v0x55aafddd0a90_94, v0x55aafddd0a90_95, v0x55aafddd0a90_96, v0x55aafddd0a90_97;
v0x55aafddd0a90_98 .array/port v0x55aafddd0a90, 98;
v0x55aafddd0a90_99 .array/port v0x55aafddd0a90, 99;
v0x55aafddd0a90_100 .array/port v0x55aafddd0a90, 100;
v0x55aafddd0a90_101 .array/port v0x55aafddd0a90, 101;
E_0x55aafddce7f0/25 .event edge, v0x55aafddd0a90_98, v0x55aafddd0a90_99, v0x55aafddd0a90_100, v0x55aafddd0a90_101;
v0x55aafddd0a90_102 .array/port v0x55aafddd0a90, 102;
v0x55aafddd0a90_103 .array/port v0x55aafddd0a90, 103;
v0x55aafddd0a90_104 .array/port v0x55aafddd0a90, 104;
v0x55aafddd0a90_105 .array/port v0x55aafddd0a90, 105;
E_0x55aafddce7f0/26 .event edge, v0x55aafddd0a90_102, v0x55aafddd0a90_103, v0x55aafddd0a90_104, v0x55aafddd0a90_105;
v0x55aafddd0a90_106 .array/port v0x55aafddd0a90, 106;
v0x55aafddd0a90_107 .array/port v0x55aafddd0a90, 107;
v0x55aafddd0a90_108 .array/port v0x55aafddd0a90, 108;
v0x55aafddd0a90_109 .array/port v0x55aafddd0a90, 109;
E_0x55aafddce7f0/27 .event edge, v0x55aafddd0a90_106, v0x55aafddd0a90_107, v0x55aafddd0a90_108, v0x55aafddd0a90_109;
v0x55aafddd0a90_110 .array/port v0x55aafddd0a90, 110;
v0x55aafddd0a90_111 .array/port v0x55aafddd0a90, 111;
v0x55aafddd0a90_112 .array/port v0x55aafddd0a90, 112;
v0x55aafddd0a90_113 .array/port v0x55aafddd0a90, 113;
E_0x55aafddce7f0/28 .event edge, v0x55aafddd0a90_110, v0x55aafddd0a90_111, v0x55aafddd0a90_112, v0x55aafddd0a90_113;
v0x55aafddd0a90_114 .array/port v0x55aafddd0a90, 114;
v0x55aafddd0a90_115 .array/port v0x55aafddd0a90, 115;
v0x55aafddd0a90_116 .array/port v0x55aafddd0a90, 116;
v0x55aafddd0a90_117 .array/port v0x55aafddd0a90, 117;
E_0x55aafddce7f0/29 .event edge, v0x55aafddd0a90_114, v0x55aafddd0a90_115, v0x55aafddd0a90_116, v0x55aafddd0a90_117;
v0x55aafddd0a90_118 .array/port v0x55aafddd0a90, 118;
v0x55aafddd0a90_119 .array/port v0x55aafddd0a90, 119;
v0x55aafddd0a90_120 .array/port v0x55aafddd0a90, 120;
v0x55aafddd0a90_121 .array/port v0x55aafddd0a90, 121;
E_0x55aafddce7f0/30 .event edge, v0x55aafddd0a90_118, v0x55aafddd0a90_119, v0x55aafddd0a90_120, v0x55aafddd0a90_121;
v0x55aafddd0a90_122 .array/port v0x55aafddd0a90, 122;
v0x55aafddd0a90_123 .array/port v0x55aafddd0a90, 123;
v0x55aafddd0a90_124 .array/port v0x55aafddd0a90, 124;
v0x55aafddd0a90_125 .array/port v0x55aafddd0a90, 125;
E_0x55aafddce7f0/31 .event edge, v0x55aafddd0a90_122, v0x55aafddd0a90_123, v0x55aafddd0a90_124, v0x55aafddd0a90_125;
v0x55aafddd0a90_126 .array/port v0x55aafddd0a90, 126;
v0x55aafddd0a90_127 .array/port v0x55aafddd0a90, 127;
v0x55aafddd0a90_128 .array/port v0x55aafddd0a90, 128;
v0x55aafddd0a90_129 .array/port v0x55aafddd0a90, 129;
E_0x55aafddce7f0/32 .event edge, v0x55aafddd0a90_126, v0x55aafddd0a90_127, v0x55aafddd0a90_128, v0x55aafddd0a90_129;
v0x55aafddd0a90_130 .array/port v0x55aafddd0a90, 130;
v0x55aafddd0a90_131 .array/port v0x55aafddd0a90, 131;
v0x55aafddd0a90_132 .array/port v0x55aafddd0a90, 132;
v0x55aafddd0a90_133 .array/port v0x55aafddd0a90, 133;
E_0x55aafddce7f0/33 .event edge, v0x55aafddd0a90_130, v0x55aafddd0a90_131, v0x55aafddd0a90_132, v0x55aafddd0a90_133;
v0x55aafddd0a90_134 .array/port v0x55aafddd0a90, 134;
v0x55aafddd0a90_135 .array/port v0x55aafddd0a90, 135;
v0x55aafddd0a90_136 .array/port v0x55aafddd0a90, 136;
v0x55aafddd0a90_137 .array/port v0x55aafddd0a90, 137;
E_0x55aafddce7f0/34 .event edge, v0x55aafddd0a90_134, v0x55aafddd0a90_135, v0x55aafddd0a90_136, v0x55aafddd0a90_137;
v0x55aafddd0a90_138 .array/port v0x55aafddd0a90, 138;
v0x55aafddd0a90_139 .array/port v0x55aafddd0a90, 139;
v0x55aafddd0a90_140 .array/port v0x55aafddd0a90, 140;
v0x55aafddd0a90_141 .array/port v0x55aafddd0a90, 141;
E_0x55aafddce7f0/35 .event edge, v0x55aafddd0a90_138, v0x55aafddd0a90_139, v0x55aafddd0a90_140, v0x55aafddd0a90_141;
v0x55aafddd0a90_142 .array/port v0x55aafddd0a90, 142;
v0x55aafddd0a90_143 .array/port v0x55aafddd0a90, 143;
v0x55aafddd0a90_144 .array/port v0x55aafddd0a90, 144;
v0x55aafddd0a90_145 .array/port v0x55aafddd0a90, 145;
E_0x55aafddce7f0/36 .event edge, v0x55aafddd0a90_142, v0x55aafddd0a90_143, v0x55aafddd0a90_144, v0x55aafddd0a90_145;
v0x55aafddd0a90_146 .array/port v0x55aafddd0a90, 146;
v0x55aafddd0a90_147 .array/port v0x55aafddd0a90, 147;
v0x55aafddd0a90_148 .array/port v0x55aafddd0a90, 148;
v0x55aafddd0a90_149 .array/port v0x55aafddd0a90, 149;
E_0x55aafddce7f0/37 .event edge, v0x55aafddd0a90_146, v0x55aafddd0a90_147, v0x55aafddd0a90_148, v0x55aafddd0a90_149;
v0x55aafddd0a90_150 .array/port v0x55aafddd0a90, 150;
v0x55aafddd0a90_151 .array/port v0x55aafddd0a90, 151;
v0x55aafddd0a90_152 .array/port v0x55aafddd0a90, 152;
v0x55aafddd0a90_153 .array/port v0x55aafddd0a90, 153;
E_0x55aafddce7f0/38 .event edge, v0x55aafddd0a90_150, v0x55aafddd0a90_151, v0x55aafddd0a90_152, v0x55aafddd0a90_153;
v0x55aafddd0a90_154 .array/port v0x55aafddd0a90, 154;
v0x55aafddd0a90_155 .array/port v0x55aafddd0a90, 155;
v0x55aafddd0a90_156 .array/port v0x55aafddd0a90, 156;
v0x55aafddd0a90_157 .array/port v0x55aafddd0a90, 157;
E_0x55aafddce7f0/39 .event edge, v0x55aafddd0a90_154, v0x55aafddd0a90_155, v0x55aafddd0a90_156, v0x55aafddd0a90_157;
v0x55aafddd0a90_158 .array/port v0x55aafddd0a90, 158;
v0x55aafddd0a90_159 .array/port v0x55aafddd0a90, 159;
v0x55aafddd0a90_160 .array/port v0x55aafddd0a90, 160;
v0x55aafddd0a90_161 .array/port v0x55aafddd0a90, 161;
E_0x55aafddce7f0/40 .event edge, v0x55aafddd0a90_158, v0x55aafddd0a90_159, v0x55aafddd0a90_160, v0x55aafddd0a90_161;
v0x55aafddd0a90_162 .array/port v0x55aafddd0a90, 162;
v0x55aafddd0a90_163 .array/port v0x55aafddd0a90, 163;
v0x55aafddd0a90_164 .array/port v0x55aafddd0a90, 164;
v0x55aafddd0a90_165 .array/port v0x55aafddd0a90, 165;
E_0x55aafddce7f0/41 .event edge, v0x55aafddd0a90_162, v0x55aafddd0a90_163, v0x55aafddd0a90_164, v0x55aafddd0a90_165;
v0x55aafddd0a90_166 .array/port v0x55aafddd0a90, 166;
v0x55aafddd0a90_167 .array/port v0x55aafddd0a90, 167;
v0x55aafddd0a90_168 .array/port v0x55aafddd0a90, 168;
v0x55aafddd0a90_169 .array/port v0x55aafddd0a90, 169;
E_0x55aafddce7f0/42 .event edge, v0x55aafddd0a90_166, v0x55aafddd0a90_167, v0x55aafddd0a90_168, v0x55aafddd0a90_169;
v0x55aafddd0a90_170 .array/port v0x55aafddd0a90, 170;
v0x55aafddd0a90_171 .array/port v0x55aafddd0a90, 171;
v0x55aafddd0a90_172 .array/port v0x55aafddd0a90, 172;
v0x55aafddd0a90_173 .array/port v0x55aafddd0a90, 173;
E_0x55aafddce7f0/43 .event edge, v0x55aafddd0a90_170, v0x55aafddd0a90_171, v0x55aafddd0a90_172, v0x55aafddd0a90_173;
v0x55aafddd0a90_174 .array/port v0x55aafddd0a90, 174;
v0x55aafddd0a90_175 .array/port v0x55aafddd0a90, 175;
v0x55aafddd0a90_176 .array/port v0x55aafddd0a90, 176;
v0x55aafddd0a90_177 .array/port v0x55aafddd0a90, 177;
E_0x55aafddce7f0/44 .event edge, v0x55aafddd0a90_174, v0x55aafddd0a90_175, v0x55aafddd0a90_176, v0x55aafddd0a90_177;
v0x55aafddd0a90_178 .array/port v0x55aafddd0a90, 178;
v0x55aafddd0a90_179 .array/port v0x55aafddd0a90, 179;
v0x55aafddd0a90_180 .array/port v0x55aafddd0a90, 180;
v0x55aafddd0a90_181 .array/port v0x55aafddd0a90, 181;
E_0x55aafddce7f0/45 .event edge, v0x55aafddd0a90_178, v0x55aafddd0a90_179, v0x55aafddd0a90_180, v0x55aafddd0a90_181;
v0x55aafddd0a90_182 .array/port v0x55aafddd0a90, 182;
v0x55aafddd0a90_183 .array/port v0x55aafddd0a90, 183;
v0x55aafddd0a90_184 .array/port v0x55aafddd0a90, 184;
v0x55aafddd0a90_185 .array/port v0x55aafddd0a90, 185;
E_0x55aafddce7f0/46 .event edge, v0x55aafddd0a90_182, v0x55aafddd0a90_183, v0x55aafddd0a90_184, v0x55aafddd0a90_185;
v0x55aafddd0a90_186 .array/port v0x55aafddd0a90, 186;
v0x55aafddd0a90_187 .array/port v0x55aafddd0a90, 187;
v0x55aafddd0a90_188 .array/port v0x55aafddd0a90, 188;
v0x55aafddd0a90_189 .array/port v0x55aafddd0a90, 189;
E_0x55aafddce7f0/47 .event edge, v0x55aafddd0a90_186, v0x55aafddd0a90_187, v0x55aafddd0a90_188, v0x55aafddd0a90_189;
v0x55aafddd0a90_190 .array/port v0x55aafddd0a90, 190;
v0x55aafddd0a90_191 .array/port v0x55aafddd0a90, 191;
v0x55aafddd0a90_192 .array/port v0x55aafddd0a90, 192;
v0x55aafddd0a90_193 .array/port v0x55aafddd0a90, 193;
E_0x55aafddce7f0/48 .event edge, v0x55aafddd0a90_190, v0x55aafddd0a90_191, v0x55aafddd0a90_192, v0x55aafddd0a90_193;
v0x55aafddd0a90_194 .array/port v0x55aafddd0a90, 194;
v0x55aafddd0a90_195 .array/port v0x55aafddd0a90, 195;
v0x55aafddd0a90_196 .array/port v0x55aafddd0a90, 196;
v0x55aafddd0a90_197 .array/port v0x55aafddd0a90, 197;
E_0x55aafddce7f0/49 .event edge, v0x55aafddd0a90_194, v0x55aafddd0a90_195, v0x55aafddd0a90_196, v0x55aafddd0a90_197;
v0x55aafddd0a90_198 .array/port v0x55aafddd0a90, 198;
v0x55aafddd0a90_199 .array/port v0x55aafddd0a90, 199;
v0x55aafddd0a90_200 .array/port v0x55aafddd0a90, 200;
v0x55aafddd0a90_201 .array/port v0x55aafddd0a90, 201;
E_0x55aafddce7f0/50 .event edge, v0x55aafddd0a90_198, v0x55aafddd0a90_199, v0x55aafddd0a90_200, v0x55aafddd0a90_201;
v0x55aafddd0a90_202 .array/port v0x55aafddd0a90, 202;
v0x55aafddd0a90_203 .array/port v0x55aafddd0a90, 203;
v0x55aafddd0a90_204 .array/port v0x55aafddd0a90, 204;
v0x55aafddd0a90_205 .array/port v0x55aafddd0a90, 205;
E_0x55aafddce7f0/51 .event edge, v0x55aafddd0a90_202, v0x55aafddd0a90_203, v0x55aafddd0a90_204, v0x55aafddd0a90_205;
v0x55aafddd0a90_206 .array/port v0x55aafddd0a90, 206;
v0x55aafddd0a90_207 .array/port v0x55aafddd0a90, 207;
v0x55aafddd0a90_208 .array/port v0x55aafddd0a90, 208;
v0x55aafddd0a90_209 .array/port v0x55aafddd0a90, 209;
E_0x55aafddce7f0/52 .event edge, v0x55aafddd0a90_206, v0x55aafddd0a90_207, v0x55aafddd0a90_208, v0x55aafddd0a90_209;
v0x55aafddd0a90_210 .array/port v0x55aafddd0a90, 210;
v0x55aafddd0a90_211 .array/port v0x55aafddd0a90, 211;
v0x55aafddd0a90_212 .array/port v0x55aafddd0a90, 212;
v0x55aafddd0a90_213 .array/port v0x55aafddd0a90, 213;
E_0x55aafddce7f0/53 .event edge, v0x55aafddd0a90_210, v0x55aafddd0a90_211, v0x55aafddd0a90_212, v0x55aafddd0a90_213;
v0x55aafddd0a90_214 .array/port v0x55aafddd0a90, 214;
v0x55aafddd0a90_215 .array/port v0x55aafddd0a90, 215;
v0x55aafddd0a90_216 .array/port v0x55aafddd0a90, 216;
v0x55aafddd0a90_217 .array/port v0x55aafddd0a90, 217;
E_0x55aafddce7f0/54 .event edge, v0x55aafddd0a90_214, v0x55aafddd0a90_215, v0x55aafddd0a90_216, v0x55aafddd0a90_217;
v0x55aafddd0a90_218 .array/port v0x55aafddd0a90, 218;
v0x55aafddd0a90_219 .array/port v0x55aafddd0a90, 219;
v0x55aafddd0a90_220 .array/port v0x55aafddd0a90, 220;
v0x55aafddd0a90_221 .array/port v0x55aafddd0a90, 221;
E_0x55aafddce7f0/55 .event edge, v0x55aafddd0a90_218, v0x55aafddd0a90_219, v0x55aafddd0a90_220, v0x55aafddd0a90_221;
v0x55aafddd0a90_222 .array/port v0x55aafddd0a90, 222;
v0x55aafddd0a90_223 .array/port v0x55aafddd0a90, 223;
v0x55aafddd0a90_224 .array/port v0x55aafddd0a90, 224;
v0x55aafddd0a90_225 .array/port v0x55aafddd0a90, 225;
E_0x55aafddce7f0/56 .event edge, v0x55aafddd0a90_222, v0x55aafddd0a90_223, v0x55aafddd0a90_224, v0x55aafddd0a90_225;
v0x55aafddd0a90_226 .array/port v0x55aafddd0a90, 226;
v0x55aafddd0a90_227 .array/port v0x55aafddd0a90, 227;
v0x55aafddd0a90_228 .array/port v0x55aafddd0a90, 228;
v0x55aafddd0a90_229 .array/port v0x55aafddd0a90, 229;
E_0x55aafddce7f0/57 .event edge, v0x55aafddd0a90_226, v0x55aafddd0a90_227, v0x55aafddd0a90_228, v0x55aafddd0a90_229;
v0x55aafddd0a90_230 .array/port v0x55aafddd0a90, 230;
v0x55aafddd0a90_231 .array/port v0x55aafddd0a90, 231;
v0x55aafddd0a90_232 .array/port v0x55aafddd0a90, 232;
v0x55aafddd0a90_233 .array/port v0x55aafddd0a90, 233;
E_0x55aafddce7f0/58 .event edge, v0x55aafddd0a90_230, v0x55aafddd0a90_231, v0x55aafddd0a90_232, v0x55aafddd0a90_233;
v0x55aafddd0a90_234 .array/port v0x55aafddd0a90, 234;
v0x55aafddd0a90_235 .array/port v0x55aafddd0a90, 235;
v0x55aafddd0a90_236 .array/port v0x55aafddd0a90, 236;
v0x55aafddd0a90_237 .array/port v0x55aafddd0a90, 237;
E_0x55aafddce7f0/59 .event edge, v0x55aafddd0a90_234, v0x55aafddd0a90_235, v0x55aafddd0a90_236, v0x55aafddd0a90_237;
v0x55aafddd0a90_238 .array/port v0x55aafddd0a90, 238;
v0x55aafddd0a90_239 .array/port v0x55aafddd0a90, 239;
v0x55aafddd0a90_240 .array/port v0x55aafddd0a90, 240;
v0x55aafddd0a90_241 .array/port v0x55aafddd0a90, 241;
E_0x55aafddce7f0/60 .event edge, v0x55aafddd0a90_238, v0x55aafddd0a90_239, v0x55aafddd0a90_240, v0x55aafddd0a90_241;
v0x55aafddd0a90_242 .array/port v0x55aafddd0a90, 242;
v0x55aafddd0a90_243 .array/port v0x55aafddd0a90, 243;
v0x55aafddd0a90_244 .array/port v0x55aafddd0a90, 244;
v0x55aafddd0a90_245 .array/port v0x55aafddd0a90, 245;
E_0x55aafddce7f0/61 .event edge, v0x55aafddd0a90_242, v0x55aafddd0a90_243, v0x55aafddd0a90_244, v0x55aafddd0a90_245;
v0x55aafddd0a90_246 .array/port v0x55aafddd0a90, 246;
v0x55aafddd0a90_247 .array/port v0x55aafddd0a90, 247;
v0x55aafddd0a90_248 .array/port v0x55aafddd0a90, 248;
v0x55aafddd0a90_249 .array/port v0x55aafddd0a90, 249;
E_0x55aafddce7f0/62 .event edge, v0x55aafddd0a90_246, v0x55aafddd0a90_247, v0x55aafddd0a90_248, v0x55aafddd0a90_249;
v0x55aafddd0a90_250 .array/port v0x55aafddd0a90, 250;
v0x55aafddd0a90_251 .array/port v0x55aafddd0a90, 251;
v0x55aafddd0a90_252 .array/port v0x55aafddd0a90, 252;
v0x55aafddd0a90_253 .array/port v0x55aafddd0a90, 253;
E_0x55aafddce7f0/63 .event edge, v0x55aafddd0a90_250, v0x55aafddd0a90_251, v0x55aafddd0a90_252, v0x55aafddd0a90_253;
v0x55aafddd0a90_254 .array/port v0x55aafddd0a90, 254;
v0x55aafddd0a90_255 .array/port v0x55aafddd0a90, 255;
v0x55aafddd0a90_256 .array/port v0x55aafddd0a90, 256;
v0x55aafddd0a90_257 .array/port v0x55aafddd0a90, 257;
E_0x55aafddce7f0/64 .event edge, v0x55aafddd0a90_254, v0x55aafddd0a90_255, v0x55aafddd0a90_256, v0x55aafddd0a90_257;
v0x55aafddd0a90_258 .array/port v0x55aafddd0a90, 258;
v0x55aafddd0a90_259 .array/port v0x55aafddd0a90, 259;
v0x55aafddd0a90_260 .array/port v0x55aafddd0a90, 260;
v0x55aafddd0a90_261 .array/port v0x55aafddd0a90, 261;
E_0x55aafddce7f0/65 .event edge, v0x55aafddd0a90_258, v0x55aafddd0a90_259, v0x55aafddd0a90_260, v0x55aafddd0a90_261;
v0x55aafddd0a90_262 .array/port v0x55aafddd0a90, 262;
v0x55aafddd0a90_263 .array/port v0x55aafddd0a90, 263;
v0x55aafddd0a90_264 .array/port v0x55aafddd0a90, 264;
v0x55aafddd0a90_265 .array/port v0x55aafddd0a90, 265;
E_0x55aafddce7f0/66 .event edge, v0x55aafddd0a90_262, v0x55aafddd0a90_263, v0x55aafddd0a90_264, v0x55aafddd0a90_265;
v0x55aafddd0a90_266 .array/port v0x55aafddd0a90, 266;
v0x55aafddd0a90_267 .array/port v0x55aafddd0a90, 267;
v0x55aafddd0a90_268 .array/port v0x55aafddd0a90, 268;
v0x55aafddd0a90_269 .array/port v0x55aafddd0a90, 269;
E_0x55aafddce7f0/67 .event edge, v0x55aafddd0a90_266, v0x55aafddd0a90_267, v0x55aafddd0a90_268, v0x55aafddd0a90_269;
v0x55aafddd0a90_270 .array/port v0x55aafddd0a90, 270;
v0x55aafddd0a90_271 .array/port v0x55aafddd0a90, 271;
v0x55aafddd0a90_272 .array/port v0x55aafddd0a90, 272;
v0x55aafddd0a90_273 .array/port v0x55aafddd0a90, 273;
E_0x55aafddce7f0/68 .event edge, v0x55aafddd0a90_270, v0x55aafddd0a90_271, v0x55aafddd0a90_272, v0x55aafddd0a90_273;
v0x55aafddd0a90_274 .array/port v0x55aafddd0a90, 274;
v0x55aafddd0a90_275 .array/port v0x55aafddd0a90, 275;
v0x55aafddd0a90_276 .array/port v0x55aafddd0a90, 276;
v0x55aafddd0a90_277 .array/port v0x55aafddd0a90, 277;
E_0x55aafddce7f0/69 .event edge, v0x55aafddd0a90_274, v0x55aafddd0a90_275, v0x55aafddd0a90_276, v0x55aafddd0a90_277;
v0x55aafddd0a90_278 .array/port v0x55aafddd0a90, 278;
v0x55aafddd0a90_279 .array/port v0x55aafddd0a90, 279;
v0x55aafddd0a90_280 .array/port v0x55aafddd0a90, 280;
v0x55aafddd0a90_281 .array/port v0x55aafddd0a90, 281;
E_0x55aafddce7f0/70 .event edge, v0x55aafddd0a90_278, v0x55aafddd0a90_279, v0x55aafddd0a90_280, v0x55aafddd0a90_281;
v0x55aafddd0a90_282 .array/port v0x55aafddd0a90, 282;
v0x55aafddd0a90_283 .array/port v0x55aafddd0a90, 283;
v0x55aafddd0a90_284 .array/port v0x55aafddd0a90, 284;
v0x55aafddd0a90_285 .array/port v0x55aafddd0a90, 285;
E_0x55aafddce7f0/71 .event edge, v0x55aafddd0a90_282, v0x55aafddd0a90_283, v0x55aafddd0a90_284, v0x55aafddd0a90_285;
v0x55aafddd0a90_286 .array/port v0x55aafddd0a90, 286;
v0x55aafddd0a90_287 .array/port v0x55aafddd0a90, 287;
v0x55aafddd0a90_288 .array/port v0x55aafddd0a90, 288;
v0x55aafddd0a90_289 .array/port v0x55aafddd0a90, 289;
E_0x55aafddce7f0/72 .event edge, v0x55aafddd0a90_286, v0x55aafddd0a90_287, v0x55aafddd0a90_288, v0x55aafddd0a90_289;
v0x55aafddd0a90_290 .array/port v0x55aafddd0a90, 290;
v0x55aafddd0a90_291 .array/port v0x55aafddd0a90, 291;
v0x55aafddd0a90_292 .array/port v0x55aafddd0a90, 292;
v0x55aafddd0a90_293 .array/port v0x55aafddd0a90, 293;
E_0x55aafddce7f0/73 .event edge, v0x55aafddd0a90_290, v0x55aafddd0a90_291, v0x55aafddd0a90_292, v0x55aafddd0a90_293;
v0x55aafddd0a90_294 .array/port v0x55aafddd0a90, 294;
v0x55aafddd0a90_295 .array/port v0x55aafddd0a90, 295;
v0x55aafddd0a90_296 .array/port v0x55aafddd0a90, 296;
v0x55aafddd0a90_297 .array/port v0x55aafddd0a90, 297;
E_0x55aafddce7f0/74 .event edge, v0x55aafddd0a90_294, v0x55aafddd0a90_295, v0x55aafddd0a90_296, v0x55aafddd0a90_297;
v0x55aafddd0a90_298 .array/port v0x55aafddd0a90, 298;
v0x55aafddd0a90_299 .array/port v0x55aafddd0a90, 299;
v0x55aafddd0a90_300 .array/port v0x55aafddd0a90, 300;
v0x55aafddd0a90_301 .array/port v0x55aafddd0a90, 301;
E_0x55aafddce7f0/75 .event edge, v0x55aafddd0a90_298, v0x55aafddd0a90_299, v0x55aafddd0a90_300, v0x55aafddd0a90_301;
v0x55aafddd0a90_302 .array/port v0x55aafddd0a90, 302;
v0x55aafddd0a90_303 .array/port v0x55aafddd0a90, 303;
v0x55aafddd0a90_304 .array/port v0x55aafddd0a90, 304;
v0x55aafddd0a90_305 .array/port v0x55aafddd0a90, 305;
E_0x55aafddce7f0/76 .event edge, v0x55aafddd0a90_302, v0x55aafddd0a90_303, v0x55aafddd0a90_304, v0x55aafddd0a90_305;
v0x55aafddd0a90_306 .array/port v0x55aafddd0a90, 306;
v0x55aafddd0a90_307 .array/port v0x55aafddd0a90, 307;
v0x55aafddd0a90_308 .array/port v0x55aafddd0a90, 308;
v0x55aafddd0a90_309 .array/port v0x55aafddd0a90, 309;
E_0x55aafddce7f0/77 .event edge, v0x55aafddd0a90_306, v0x55aafddd0a90_307, v0x55aafddd0a90_308, v0x55aafddd0a90_309;
v0x55aafddd0a90_310 .array/port v0x55aafddd0a90, 310;
v0x55aafddd0a90_311 .array/port v0x55aafddd0a90, 311;
v0x55aafddd0a90_312 .array/port v0x55aafddd0a90, 312;
v0x55aafddd0a90_313 .array/port v0x55aafddd0a90, 313;
E_0x55aafddce7f0/78 .event edge, v0x55aafddd0a90_310, v0x55aafddd0a90_311, v0x55aafddd0a90_312, v0x55aafddd0a90_313;
v0x55aafddd0a90_314 .array/port v0x55aafddd0a90, 314;
v0x55aafddd0a90_315 .array/port v0x55aafddd0a90, 315;
v0x55aafddd0a90_316 .array/port v0x55aafddd0a90, 316;
v0x55aafddd0a90_317 .array/port v0x55aafddd0a90, 317;
E_0x55aafddce7f0/79 .event edge, v0x55aafddd0a90_314, v0x55aafddd0a90_315, v0x55aafddd0a90_316, v0x55aafddd0a90_317;
v0x55aafddd0a90_318 .array/port v0x55aafddd0a90, 318;
v0x55aafddd0a90_319 .array/port v0x55aafddd0a90, 319;
v0x55aafddd0a90_320 .array/port v0x55aafddd0a90, 320;
v0x55aafddd0a90_321 .array/port v0x55aafddd0a90, 321;
E_0x55aafddce7f0/80 .event edge, v0x55aafddd0a90_318, v0x55aafddd0a90_319, v0x55aafddd0a90_320, v0x55aafddd0a90_321;
v0x55aafddd0a90_322 .array/port v0x55aafddd0a90, 322;
v0x55aafddd0a90_323 .array/port v0x55aafddd0a90, 323;
v0x55aafddd0a90_324 .array/port v0x55aafddd0a90, 324;
v0x55aafddd0a90_325 .array/port v0x55aafddd0a90, 325;
E_0x55aafddce7f0/81 .event edge, v0x55aafddd0a90_322, v0x55aafddd0a90_323, v0x55aafddd0a90_324, v0x55aafddd0a90_325;
v0x55aafddd0a90_326 .array/port v0x55aafddd0a90, 326;
v0x55aafddd0a90_327 .array/port v0x55aafddd0a90, 327;
v0x55aafddd0a90_328 .array/port v0x55aafddd0a90, 328;
v0x55aafddd0a90_329 .array/port v0x55aafddd0a90, 329;
E_0x55aafddce7f0/82 .event edge, v0x55aafddd0a90_326, v0x55aafddd0a90_327, v0x55aafddd0a90_328, v0x55aafddd0a90_329;
v0x55aafddd0a90_330 .array/port v0x55aafddd0a90, 330;
v0x55aafddd0a90_331 .array/port v0x55aafddd0a90, 331;
v0x55aafddd0a90_332 .array/port v0x55aafddd0a90, 332;
v0x55aafddd0a90_333 .array/port v0x55aafddd0a90, 333;
E_0x55aafddce7f0/83 .event edge, v0x55aafddd0a90_330, v0x55aafddd0a90_331, v0x55aafddd0a90_332, v0x55aafddd0a90_333;
v0x55aafddd0a90_334 .array/port v0x55aafddd0a90, 334;
v0x55aafddd0a90_335 .array/port v0x55aafddd0a90, 335;
v0x55aafddd0a90_336 .array/port v0x55aafddd0a90, 336;
v0x55aafddd0a90_337 .array/port v0x55aafddd0a90, 337;
E_0x55aafddce7f0/84 .event edge, v0x55aafddd0a90_334, v0x55aafddd0a90_335, v0x55aafddd0a90_336, v0x55aafddd0a90_337;
v0x55aafddd0a90_338 .array/port v0x55aafddd0a90, 338;
v0x55aafddd0a90_339 .array/port v0x55aafddd0a90, 339;
v0x55aafddd0a90_340 .array/port v0x55aafddd0a90, 340;
v0x55aafddd0a90_341 .array/port v0x55aafddd0a90, 341;
E_0x55aafddce7f0/85 .event edge, v0x55aafddd0a90_338, v0x55aafddd0a90_339, v0x55aafddd0a90_340, v0x55aafddd0a90_341;
v0x55aafddd0a90_342 .array/port v0x55aafddd0a90, 342;
v0x55aafddd0a90_343 .array/port v0x55aafddd0a90, 343;
v0x55aafddd0a90_344 .array/port v0x55aafddd0a90, 344;
v0x55aafddd0a90_345 .array/port v0x55aafddd0a90, 345;
E_0x55aafddce7f0/86 .event edge, v0x55aafddd0a90_342, v0x55aafddd0a90_343, v0x55aafddd0a90_344, v0x55aafddd0a90_345;
v0x55aafddd0a90_346 .array/port v0x55aafddd0a90, 346;
v0x55aafddd0a90_347 .array/port v0x55aafddd0a90, 347;
v0x55aafddd0a90_348 .array/port v0x55aafddd0a90, 348;
v0x55aafddd0a90_349 .array/port v0x55aafddd0a90, 349;
E_0x55aafddce7f0/87 .event edge, v0x55aafddd0a90_346, v0x55aafddd0a90_347, v0x55aafddd0a90_348, v0x55aafddd0a90_349;
v0x55aafddd0a90_350 .array/port v0x55aafddd0a90, 350;
v0x55aafddd0a90_351 .array/port v0x55aafddd0a90, 351;
v0x55aafddd0a90_352 .array/port v0x55aafddd0a90, 352;
v0x55aafddd0a90_353 .array/port v0x55aafddd0a90, 353;
E_0x55aafddce7f0/88 .event edge, v0x55aafddd0a90_350, v0x55aafddd0a90_351, v0x55aafddd0a90_352, v0x55aafddd0a90_353;
v0x55aafddd0a90_354 .array/port v0x55aafddd0a90, 354;
v0x55aafddd0a90_355 .array/port v0x55aafddd0a90, 355;
v0x55aafddd0a90_356 .array/port v0x55aafddd0a90, 356;
v0x55aafddd0a90_357 .array/port v0x55aafddd0a90, 357;
E_0x55aafddce7f0/89 .event edge, v0x55aafddd0a90_354, v0x55aafddd0a90_355, v0x55aafddd0a90_356, v0x55aafddd0a90_357;
v0x55aafddd0a90_358 .array/port v0x55aafddd0a90, 358;
v0x55aafddd0a90_359 .array/port v0x55aafddd0a90, 359;
v0x55aafddd0a90_360 .array/port v0x55aafddd0a90, 360;
v0x55aafddd0a90_361 .array/port v0x55aafddd0a90, 361;
E_0x55aafddce7f0/90 .event edge, v0x55aafddd0a90_358, v0x55aafddd0a90_359, v0x55aafddd0a90_360, v0x55aafddd0a90_361;
v0x55aafddd0a90_362 .array/port v0x55aafddd0a90, 362;
v0x55aafddd0a90_363 .array/port v0x55aafddd0a90, 363;
v0x55aafddd0a90_364 .array/port v0x55aafddd0a90, 364;
v0x55aafddd0a90_365 .array/port v0x55aafddd0a90, 365;
E_0x55aafddce7f0/91 .event edge, v0x55aafddd0a90_362, v0x55aafddd0a90_363, v0x55aafddd0a90_364, v0x55aafddd0a90_365;
v0x55aafddd0a90_366 .array/port v0x55aafddd0a90, 366;
v0x55aafddd0a90_367 .array/port v0x55aafddd0a90, 367;
v0x55aafddd0a90_368 .array/port v0x55aafddd0a90, 368;
v0x55aafddd0a90_369 .array/port v0x55aafddd0a90, 369;
E_0x55aafddce7f0/92 .event edge, v0x55aafddd0a90_366, v0x55aafddd0a90_367, v0x55aafddd0a90_368, v0x55aafddd0a90_369;
v0x55aafddd0a90_370 .array/port v0x55aafddd0a90, 370;
v0x55aafddd0a90_371 .array/port v0x55aafddd0a90, 371;
v0x55aafddd0a90_372 .array/port v0x55aafddd0a90, 372;
v0x55aafddd0a90_373 .array/port v0x55aafddd0a90, 373;
E_0x55aafddce7f0/93 .event edge, v0x55aafddd0a90_370, v0x55aafddd0a90_371, v0x55aafddd0a90_372, v0x55aafddd0a90_373;
v0x55aafddd0a90_374 .array/port v0x55aafddd0a90, 374;
v0x55aafddd0a90_375 .array/port v0x55aafddd0a90, 375;
v0x55aafddd0a90_376 .array/port v0x55aafddd0a90, 376;
v0x55aafddd0a90_377 .array/port v0x55aafddd0a90, 377;
E_0x55aafddce7f0/94 .event edge, v0x55aafddd0a90_374, v0x55aafddd0a90_375, v0x55aafddd0a90_376, v0x55aafddd0a90_377;
v0x55aafddd0a90_378 .array/port v0x55aafddd0a90, 378;
v0x55aafddd0a90_379 .array/port v0x55aafddd0a90, 379;
v0x55aafddd0a90_380 .array/port v0x55aafddd0a90, 380;
v0x55aafddd0a90_381 .array/port v0x55aafddd0a90, 381;
E_0x55aafddce7f0/95 .event edge, v0x55aafddd0a90_378, v0x55aafddd0a90_379, v0x55aafddd0a90_380, v0x55aafddd0a90_381;
v0x55aafddd0a90_382 .array/port v0x55aafddd0a90, 382;
v0x55aafddd0a90_383 .array/port v0x55aafddd0a90, 383;
v0x55aafddd0a90_384 .array/port v0x55aafddd0a90, 384;
v0x55aafddd0a90_385 .array/port v0x55aafddd0a90, 385;
E_0x55aafddce7f0/96 .event edge, v0x55aafddd0a90_382, v0x55aafddd0a90_383, v0x55aafddd0a90_384, v0x55aafddd0a90_385;
v0x55aafddd0a90_386 .array/port v0x55aafddd0a90, 386;
v0x55aafddd0a90_387 .array/port v0x55aafddd0a90, 387;
v0x55aafddd0a90_388 .array/port v0x55aafddd0a90, 388;
v0x55aafddd0a90_389 .array/port v0x55aafddd0a90, 389;
E_0x55aafddce7f0/97 .event edge, v0x55aafddd0a90_386, v0x55aafddd0a90_387, v0x55aafddd0a90_388, v0x55aafddd0a90_389;
v0x55aafddd0a90_390 .array/port v0x55aafddd0a90, 390;
v0x55aafddd0a90_391 .array/port v0x55aafddd0a90, 391;
v0x55aafddd0a90_392 .array/port v0x55aafddd0a90, 392;
v0x55aafddd0a90_393 .array/port v0x55aafddd0a90, 393;
E_0x55aafddce7f0/98 .event edge, v0x55aafddd0a90_390, v0x55aafddd0a90_391, v0x55aafddd0a90_392, v0x55aafddd0a90_393;
v0x55aafddd0a90_394 .array/port v0x55aafddd0a90, 394;
v0x55aafddd0a90_395 .array/port v0x55aafddd0a90, 395;
v0x55aafddd0a90_396 .array/port v0x55aafddd0a90, 396;
v0x55aafddd0a90_397 .array/port v0x55aafddd0a90, 397;
E_0x55aafddce7f0/99 .event edge, v0x55aafddd0a90_394, v0x55aafddd0a90_395, v0x55aafddd0a90_396, v0x55aafddd0a90_397;
v0x55aafddd0a90_398 .array/port v0x55aafddd0a90, 398;
v0x55aafddd0a90_399 .array/port v0x55aafddd0a90, 399;
v0x55aafddd0a90_400 .array/port v0x55aafddd0a90, 400;
v0x55aafddd0a90_401 .array/port v0x55aafddd0a90, 401;
E_0x55aafddce7f0/100 .event edge, v0x55aafddd0a90_398, v0x55aafddd0a90_399, v0x55aafddd0a90_400, v0x55aafddd0a90_401;
v0x55aafddd0a90_402 .array/port v0x55aafddd0a90, 402;
v0x55aafddd0a90_403 .array/port v0x55aafddd0a90, 403;
v0x55aafddd0a90_404 .array/port v0x55aafddd0a90, 404;
v0x55aafddd0a90_405 .array/port v0x55aafddd0a90, 405;
E_0x55aafddce7f0/101 .event edge, v0x55aafddd0a90_402, v0x55aafddd0a90_403, v0x55aafddd0a90_404, v0x55aafddd0a90_405;
v0x55aafddd0a90_406 .array/port v0x55aafddd0a90, 406;
v0x55aafddd0a90_407 .array/port v0x55aafddd0a90, 407;
v0x55aafddd0a90_408 .array/port v0x55aafddd0a90, 408;
v0x55aafddd0a90_409 .array/port v0x55aafddd0a90, 409;
E_0x55aafddce7f0/102 .event edge, v0x55aafddd0a90_406, v0x55aafddd0a90_407, v0x55aafddd0a90_408, v0x55aafddd0a90_409;
v0x55aafddd0a90_410 .array/port v0x55aafddd0a90, 410;
v0x55aafddd0a90_411 .array/port v0x55aafddd0a90, 411;
v0x55aafddd0a90_412 .array/port v0x55aafddd0a90, 412;
v0x55aafddd0a90_413 .array/port v0x55aafddd0a90, 413;
E_0x55aafddce7f0/103 .event edge, v0x55aafddd0a90_410, v0x55aafddd0a90_411, v0x55aafddd0a90_412, v0x55aafddd0a90_413;
v0x55aafddd0a90_414 .array/port v0x55aafddd0a90, 414;
v0x55aafddd0a90_415 .array/port v0x55aafddd0a90, 415;
v0x55aafddd0a90_416 .array/port v0x55aafddd0a90, 416;
v0x55aafddd0a90_417 .array/port v0x55aafddd0a90, 417;
E_0x55aafddce7f0/104 .event edge, v0x55aafddd0a90_414, v0x55aafddd0a90_415, v0x55aafddd0a90_416, v0x55aafddd0a90_417;
v0x55aafddd0a90_418 .array/port v0x55aafddd0a90, 418;
v0x55aafddd0a90_419 .array/port v0x55aafddd0a90, 419;
v0x55aafddd0a90_420 .array/port v0x55aafddd0a90, 420;
v0x55aafddd0a90_421 .array/port v0x55aafddd0a90, 421;
E_0x55aafddce7f0/105 .event edge, v0x55aafddd0a90_418, v0x55aafddd0a90_419, v0x55aafddd0a90_420, v0x55aafddd0a90_421;
v0x55aafddd0a90_422 .array/port v0x55aafddd0a90, 422;
v0x55aafddd0a90_423 .array/port v0x55aafddd0a90, 423;
v0x55aafddd0a90_424 .array/port v0x55aafddd0a90, 424;
v0x55aafddd0a90_425 .array/port v0x55aafddd0a90, 425;
E_0x55aafddce7f0/106 .event edge, v0x55aafddd0a90_422, v0x55aafddd0a90_423, v0x55aafddd0a90_424, v0x55aafddd0a90_425;
v0x55aafddd0a90_426 .array/port v0x55aafddd0a90, 426;
v0x55aafddd0a90_427 .array/port v0x55aafddd0a90, 427;
v0x55aafddd0a90_428 .array/port v0x55aafddd0a90, 428;
v0x55aafddd0a90_429 .array/port v0x55aafddd0a90, 429;
E_0x55aafddce7f0/107 .event edge, v0x55aafddd0a90_426, v0x55aafddd0a90_427, v0x55aafddd0a90_428, v0x55aafddd0a90_429;
v0x55aafddd0a90_430 .array/port v0x55aafddd0a90, 430;
v0x55aafddd0a90_431 .array/port v0x55aafddd0a90, 431;
v0x55aafddd0a90_432 .array/port v0x55aafddd0a90, 432;
v0x55aafddd0a90_433 .array/port v0x55aafddd0a90, 433;
E_0x55aafddce7f0/108 .event edge, v0x55aafddd0a90_430, v0x55aafddd0a90_431, v0x55aafddd0a90_432, v0x55aafddd0a90_433;
v0x55aafddd0a90_434 .array/port v0x55aafddd0a90, 434;
v0x55aafddd0a90_435 .array/port v0x55aafddd0a90, 435;
v0x55aafddd0a90_436 .array/port v0x55aafddd0a90, 436;
v0x55aafddd0a90_437 .array/port v0x55aafddd0a90, 437;
E_0x55aafddce7f0/109 .event edge, v0x55aafddd0a90_434, v0x55aafddd0a90_435, v0x55aafddd0a90_436, v0x55aafddd0a90_437;
v0x55aafddd0a90_438 .array/port v0x55aafddd0a90, 438;
v0x55aafddd0a90_439 .array/port v0x55aafddd0a90, 439;
v0x55aafddd0a90_440 .array/port v0x55aafddd0a90, 440;
v0x55aafddd0a90_441 .array/port v0x55aafddd0a90, 441;
E_0x55aafddce7f0/110 .event edge, v0x55aafddd0a90_438, v0x55aafddd0a90_439, v0x55aafddd0a90_440, v0x55aafddd0a90_441;
v0x55aafddd0a90_442 .array/port v0x55aafddd0a90, 442;
v0x55aafddd0a90_443 .array/port v0x55aafddd0a90, 443;
v0x55aafddd0a90_444 .array/port v0x55aafddd0a90, 444;
v0x55aafddd0a90_445 .array/port v0x55aafddd0a90, 445;
E_0x55aafddce7f0/111 .event edge, v0x55aafddd0a90_442, v0x55aafddd0a90_443, v0x55aafddd0a90_444, v0x55aafddd0a90_445;
v0x55aafddd0a90_446 .array/port v0x55aafddd0a90, 446;
v0x55aafddd0a90_447 .array/port v0x55aafddd0a90, 447;
v0x55aafddd0a90_448 .array/port v0x55aafddd0a90, 448;
v0x55aafddd0a90_449 .array/port v0x55aafddd0a90, 449;
E_0x55aafddce7f0/112 .event edge, v0x55aafddd0a90_446, v0x55aafddd0a90_447, v0x55aafddd0a90_448, v0x55aafddd0a90_449;
v0x55aafddd0a90_450 .array/port v0x55aafddd0a90, 450;
v0x55aafddd0a90_451 .array/port v0x55aafddd0a90, 451;
v0x55aafddd0a90_452 .array/port v0x55aafddd0a90, 452;
v0x55aafddd0a90_453 .array/port v0x55aafddd0a90, 453;
E_0x55aafddce7f0/113 .event edge, v0x55aafddd0a90_450, v0x55aafddd0a90_451, v0x55aafddd0a90_452, v0x55aafddd0a90_453;
v0x55aafddd0a90_454 .array/port v0x55aafddd0a90, 454;
v0x55aafddd0a90_455 .array/port v0x55aafddd0a90, 455;
v0x55aafddd0a90_456 .array/port v0x55aafddd0a90, 456;
v0x55aafddd0a90_457 .array/port v0x55aafddd0a90, 457;
E_0x55aafddce7f0/114 .event edge, v0x55aafddd0a90_454, v0x55aafddd0a90_455, v0x55aafddd0a90_456, v0x55aafddd0a90_457;
v0x55aafddd0a90_458 .array/port v0x55aafddd0a90, 458;
v0x55aafddd0a90_459 .array/port v0x55aafddd0a90, 459;
v0x55aafddd0a90_460 .array/port v0x55aafddd0a90, 460;
v0x55aafddd0a90_461 .array/port v0x55aafddd0a90, 461;
E_0x55aafddce7f0/115 .event edge, v0x55aafddd0a90_458, v0x55aafddd0a90_459, v0x55aafddd0a90_460, v0x55aafddd0a90_461;
v0x55aafddd0a90_462 .array/port v0x55aafddd0a90, 462;
v0x55aafddd0a90_463 .array/port v0x55aafddd0a90, 463;
v0x55aafddd0a90_464 .array/port v0x55aafddd0a90, 464;
v0x55aafddd0a90_465 .array/port v0x55aafddd0a90, 465;
E_0x55aafddce7f0/116 .event edge, v0x55aafddd0a90_462, v0x55aafddd0a90_463, v0x55aafddd0a90_464, v0x55aafddd0a90_465;
v0x55aafddd0a90_466 .array/port v0x55aafddd0a90, 466;
v0x55aafddd0a90_467 .array/port v0x55aafddd0a90, 467;
v0x55aafddd0a90_468 .array/port v0x55aafddd0a90, 468;
v0x55aafddd0a90_469 .array/port v0x55aafddd0a90, 469;
E_0x55aafddce7f0/117 .event edge, v0x55aafddd0a90_466, v0x55aafddd0a90_467, v0x55aafddd0a90_468, v0x55aafddd0a90_469;
v0x55aafddd0a90_470 .array/port v0x55aafddd0a90, 470;
v0x55aafddd0a90_471 .array/port v0x55aafddd0a90, 471;
v0x55aafddd0a90_472 .array/port v0x55aafddd0a90, 472;
v0x55aafddd0a90_473 .array/port v0x55aafddd0a90, 473;
E_0x55aafddce7f0/118 .event edge, v0x55aafddd0a90_470, v0x55aafddd0a90_471, v0x55aafddd0a90_472, v0x55aafddd0a90_473;
v0x55aafddd0a90_474 .array/port v0x55aafddd0a90, 474;
v0x55aafddd0a90_475 .array/port v0x55aafddd0a90, 475;
v0x55aafddd0a90_476 .array/port v0x55aafddd0a90, 476;
v0x55aafddd0a90_477 .array/port v0x55aafddd0a90, 477;
E_0x55aafddce7f0/119 .event edge, v0x55aafddd0a90_474, v0x55aafddd0a90_475, v0x55aafddd0a90_476, v0x55aafddd0a90_477;
v0x55aafddd0a90_478 .array/port v0x55aafddd0a90, 478;
v0x55aafddd0a90_479 .array/port v0x55aafddd0a90, 479;
v0x55aafddd0a90_480 .array/port v0x55aafddd0a90, 480;
v0x55aafddd0a90_481 .array/port v0x55aafddd0a90, 481;
E_0x55aafddce7f0/120 .event edge, v0x55aafddd0a90_478, v0x55aafddd0a90_479, v0x55aafddd0a90_480, v0x55aafddd0a90_481;
v0x55aafddd0a90_482 .array/port v0x55aafddd0a90, 482;
v0x55aafddd0a90_483 .array/port v0x55aafddd0a90, 483;
v0x55aafddd0a90_484 .array/port v0x55aafddd0a90, 484;
v0x55aafddd0a90_485 .array/port v0x55aafddd0a90, 485;
E_0x55aafddce7f0/121 .event edge, v0x55aafddd0a90_482, v0x55aafddd0a90_483, v0x55aafddd0a90_484, v0x55aafddd0a90_485;
v0x55aafddd0a90_486 .array/port v0x55aafddd0a90, 486;
v0x55aafddd0a90_487 .array/port v0x55aafddd0a90, 487;
v0x55aafddd0a90_488 .array/port v0x55aafddd0a90, 488;
v0x55aafddd0a90_489 .array/port v0x55aafddd0a90, 489;
E_0x55aafddce7f0/122 .event edge, v0x55aafddd0a90_486, v0x55aafddd0a90_487, v0x55aafddd0a90_488, v0x55aafddd0a90_489;
v0x55aafddd0a90_490 .array/port v0x55aafddd0a90, 490;
v0x55aafddd0a90_491 .array/port v0x55aafddd0a90, 491;
v0x55aafddd0a90_492 .array/port v0x55aafddd0a90, 492;
v0x55aafddd0a90_493 .array/port v0x55aafddd0a90, 493;
E_0x55aafddce7f0/123 .event edge, v0x55aafddd0a90_490, v0x55aafddd0a90_491, v0x55aafddd0a90_492, v0x55aafddd0a90_493;
v0x55aafddd0a90_494 .array/port v0x55aafddd0a90, 494;
v0x55aafddd0a90_495 .array/port v0x55aafddd0a90, 495;
v0x55aafddd0a90_496 .array/port v0x55aafddd0a90, 496;
v0x55aafddd0a90_497 .array/port v0x55aafddd0a90, 497;
E_0x55aafddce7f0/124 .event edge, v0x55aafddd0a90_494, v0x55aafddd0a90_495, v0x55aafddd0a90_496, v0x55aafddd0a90_497;
v0x55aafddd0a90_498 .array/port v0x55aafddd0a90, 498;
v0x55aafddd0a90_499 .array/port v0x55aafddd0a90, 499;
v0x55aafddd0a90_500 .array/port v0x55aafddd0a90, 500;
v0x55aafddd0a90_501 .array/port v0x55aafddd0a90, 501;
E_0x55aafddce7f0/125 .event edge, v0x55aafddd0a90_498, v0x55aafddd0a90_499, v0x55aafddd0a90_500, v0x55aafddd0a90_501;
v0x55aafddd0a90_502 .array/port v0x55aafddd0a90, 502;
v0x55aafddd0a90_503 .array/port v0x55aafddd0a90, 503;
v0x55aafddd0a90_504 .array/port v0x55aafddd0a90, 504;
v0x55aafddd0a90_505 .array/port v0x55aafddd0a90, 505;
E_0x55aafddce7f0/126 .event edge, v0x55aafddd0a90_502, v0x55aafddd0a90_503, v0x55aafddd0a90_504, v0x55aafddd0a90_505;
v0x55aafddd0a90_506 .array/port v0x55aafddd0a90, 506;
v0x55aafddd0a90_507 .array/port v0x55aafddd0a90, 507;
v0x55aafddd0a90_508 .array/port v0x55aafddd0a90, 508;
v0x55aafddd0a90_509 .array/port v0x55aafddd0a90, 509;
E_0x55aafddce7f0/127 .event edge, v0x55aafddd0a90_506, v0x55aafddd0a90_507, v0x55aafddd0a90_508, v0x55aafddd0a90_509;
v0x55aafddd0a90_510 .array/port v0x55aafddd0a90, 510;
v0x55aafddd0a90_511 .array/port v0x55aafddd0a90, 511;
v0x55aafddd0a90_512 .array/port v0x55aafddd0a90, 512;
v0x55aafddd0a90_513 .array/port v0x55aafddd0a90, 513;
E_0x55aafddce7f0/128 .event edge, v0x55aafddd0a90_510, v0x55aafddd0a90_511, v0x55aafddd0a90_512, v0x55aafddd0a90_513;
v0x55aafddd0a90_514 .array/port v0x55aafddd0a90, 514;
v0x55aafddd0a90_515 .array/port v0x55aafddd0a90, 515;
v0x55aafddd0a90_516 .array/port v0x55aafddd0a90, 516;
v0x55aafddd0a90_517 .array/port v0x55aafddd0a90, 517;
E_0x55aafddce7f0/129 .event edge, v0x55aafddd0a90_514, v0x55aafddd0a90_515, v0x55aafddd0a90_516, v0x55aafddd0a90_517;
v0x55aafddd0a90_518 .array/port v0x55aafddd0a90, 518;
v0x55aafddd0a90_519 .array/port v0x55aafddd0a90, 519;
v0x55aafddd0a90_520 .array/port v0x55aafddd0a90, 520;
v0x55aafddd0a90_521 .array/port v0x55aafddd0a90, 521;
E_0x55aafddce7f0/130 .event edge, v0x55aafddd0a90_518, v0x55aafddd0a90_519, v0x55aafddd0a90_520, v0x55aafddd0a90_521;
v0x55aafddd0a90_522 .array/port v0x55aafddd0a90, 522;
v0x55aafddd0a90_523 .array/port v0x55aafddd0a90, 523;
v0x55aafddd0a90_524 .array/port v0x55aafddd0a90, 524;
v0x55aafddd0a90_525 .array/port v0x55aafddd0a90, 525;
E_0x55aafddce7f0/131 .event edge, v0x55aafddd0a90_522, v0x55aafddd0a90_523, v0x55aafddd0a90_524, v0x55aafddd0a90_525;
v0x55aafddd0a90_526 .array/port v0x55aafddd0a90, 526;
v0x55aafddd0a90_527 .array/port v0x55aafddd0a90, 527;
v0x55aafddd0a90_528 .array/port v0x55aafddd0a90, 528;
v0x55aafddd0a90_529 .array/port v0x55aafddd0a90, 529;
E_0x55aafddce7f0/132 .event edge, v0x55aafddd0a90_526, v0x55aafddd0a90_527, v0x55aafddd0a90_528, v0x55aafddd0a90_529;
v0x55aafddd0a90_530 .array/port v0x55aafddd0a90, 530;
v0x55aafddd0a90_531 .array/port v0x55aafddd0a90, 531;
v0x55aafddd0a90_532 .array/port v0x55aafddd0a90, 532;
v0x55aafddd0a90_533 .array/port v0x55aafddd0a90, 533;
E_0x55aafddce7f0/133 .event edge, v0x55aafddd0a90_530, v0x55aafddd0a90_531, v0x55aafddd0a90_532, v0x55aafddd0a90_533;
v0x55aafddd0a90_534 .array/port v0x55aafddd0a90, 534;
v0x55aafddd0a90_535 .array/port v0x55aafddd0a90, 535;
v0x55aafddd0a90_536 .array/port v0x55aafddd0a90, 536;
v0x55aafddd0a90_537 .array/port v0x55aafddd0a90, 537;
E_0x55aafddce7f0/134 .event edge, v0x55aafddd0a90_534, v0x55aafddd0a90_535, v0x55aafddd0a90_536, v0x55aafddd0a90_537;
v0x55aafddd0a90_538 .array/port v0x55aafddd0a90, 538;
v0x55aafddd0a90_539 .array/port v0x55aafddd0a90, 539;
v0x55aafddd0a90_540 .array/port v0x55aafddd0a90, 540;
v0x55aafddd0a90_541 .array/port v0x55aafddd0a90, 541;
E_0x55aafddce7f0/135 .event edge, v0x55aafddd0a90_538, v0x55aafddd0a90_539, v0x55aafddd0a90_540, v0x55aafddd0a90_541;
v0x55aafddd0a90_542 .array/port v0x55aafddd0a90, 542;
v0x55aafddd0a90_543 .array/port v0x55aafddd0a90, 543;
v0x55aafddd0a90_544 .array/port v0x55aafddd0a90, 544;
v0x55aafddd0a90_545 .array/port v0x55aafddd0a90, 545;
E_0x55aafddce7f0/136 .event edge, v0x55aafddd0a90_542, v0x55aafddd0a90_543, v0x55aafddd0a90_544, v0x55aafddd0a90_545;
v0x55aafddd0a90_546 .array/port v0x55aafddd0a90, 546;
v0x55aafddd0a90_547 .array/port v0x55aafddd0a90, 547;
v0x55aafddd0a90_548 .array/port v0x55aafddd0a90, 548;
v0x55aafddd0a90_549 .array/port v0x55aafddd0a90, 549;
E_0x55aafddce7f0/137 .event edge, v0x55aafddd0a90_546, v0x55aafddd0a90_547, v0x55aafddd0a90_548, v0x55aafddd0a90_549;
v0x55aafddd0a90_550 .array/port v0x55aafddd0a90, 550;
v0x55aafddd0a90_551 .array/port v0x55aafddd0a90, 551;
v0x55aafddd0a90_552 .array/port v0x55aafddd0a90, 552;
v0x55aafddd0a90_553 .array/port v0x55aafddd0a90, 553;
E_0x55aafddce7f0/138 .event edge, v0x55aafddd0a90_550, v0x55aafddd0a90_551, v0x55aafddd0a90_552, v0x55aafddd0a90_553;
v0x55aafddd0a90_554 .array/port v0x55aafddd0a90, 554;
v0x55aafddd0a90_555 .array/port v0x55aafddd0a90, 555;
v0x55aafddd0a90_556 .array/port v0x55aafddd0a90, 556;
v0x55aafddd0a90_557 .array/port v0x55aafddd0a90, 557;
E_0x55aafddce7f0/139 .event edge, v0x55aafddd0a90_554, v0x55aafddd0a90_555, v0x55aafddd0a90_556, v0x55aafddd0a90_557;
v0x55aafddd0a90_558 .array/port v0x55aafddd0a90, 558;
v0x55aafddd0a90_559 .array/port v0x55aafddd0a90, 559;
v0x55aafddd0a90_560 .array/port v0x55aafddd0a90, 560;
v0x55aafddd0a90_561 .array/port v0x55aafddd0a90, 561;
E_0x55aafddce7f0/140 .event edge, v0x55aafddd0a90_558, v0x55aafddd0a90_559, v0x55aafddd0a90_560, v0x55aafddd0a90_561;
v0x55aafddd0a90_562 .array/port v0x55aafddd0a90, 562;
v0x55aafddd0a90_563 .array/port v0x55aafddd0a90, 563;
v0x55aafddd0a90_564 .array/port v0x55aafddd0a90, 564;
v0x55aafddd0a90_565 .array/port v0x55aafddd0a90, 565;
E_0x55aafddce7f0/141 .event edge, v0x55aafddd0a90_562, v0x55aafddd0a90_563, v0x55aafddd0a90_564, v0x55aafddd0a90_565;
v0x55aafddd0a90_566 .array/port v0x55aafddd0a90, 566;
v0x55aafddd0a90_567 .array/port v0x55aafddd0a90, 567;
v0x55aafddd0a90_568 .array/port v0x55aafddd0a90, 568;
v0x55aafddd0a90_569 .array/port v0x55aafddd0a90, 569;
E_0x55aafddce7f0/142 .event edge, v0x55aafddd0a90_566, v0x55aafddd0a90_567, v0x55aafddd0a90_568, v0x55aafddd0a90_569;
v0x55aafddd0a90_570 .array/port v0x55aafddd0a90, 570;
v0x55aafddd0a90_571 .array/port v0x55aafddd0a90, 571;
v0x55aafddd0a90_572 .array/port v0x55aafddd0a90, 572;
v0x55aafddd0a90_573 .array/port v0x55aafddd0a90, 573;
E_0x55aafddce7f0/143 .event edge, v0x55aafddd0a90_570, v0x55aafddd0a90_571, v0x55aafddd0a90_572, v0x55aafddd0a90_573;
v0x55aafddd0a90_574 .array/port v0x55aafddd0a90, 574;
v0x55aafddd0a90_575 .array/port v0x55aafddd0a90, 575;
v0x55aafddd0a90_576 .array/port v0x55aafddd0a90, 576;
v0x55aafddd0a90_577 .array/port v0x55aafddd0a90, 577;
E_0x55aafddce7f0/144 .event edge, v0x55aafddd0a90_574, v0x55aafddd0a90_575, v0x55aafddd0a90_576, v0x55aafddd0a90_577;
v0x55aafddd0a90_578 .array/port v0x55aafddd0a90, 578;
v0x55aafddd0a90_579 .array/port v0x55aafddd0a90, 579;
v0x55aafddd0a90_580 .array/port v0x55aafddd0a90, 580;
v0x55aafddd0a90_581 .array/port v0x55aafddd0a90, 581;
E_0x55aafddce7f0/145 .event edge, v0x55aafddd0a90_578, v0x55aafddd0a90_579, v0x55aafddd0a90_580, v0x55aafddd0a90_581;
v0x55aafddd0a90_582 .array/port v0x55aafddd0a90, 582;
v0x55aafddd0a90_583 .array/port v0x55aafddd0a90, 583;
v0x55aafddd0a90_584 .array/port v0x55aafddd0a90, 584;
v0x55aafddd0a90_585 .array/port v0x55aafddd0a90, 585;
E_0x55aafddce7f0/146 .event edge, v0x55aafddd0a90_582, v0x55aafddd0a90_583, v0x55aafddd0a90_584, v0x55aafddd0a90_585;
v0x55aafddd0a90_586 .array/port v0x55aafddd0a90, 586;
v0x55aafddd0a90_587 .array/port v0x55aafddd0a90, 587;
v0x55aafddd0a90_588 .array/port v0x55aafddd0a90, 588;
v0x55aafddd0a90_589 .array/port v0x55aafddd0a90, 589;
E_0x55aafddce7f0/147 .event edge, v0x55aafddd0a90_586, v0x55aafddd0a90_587, v0x55aafddd0a90_588, v0x55aafddd0a90_589;
v0x55aafddd0a90_590 .array/port v0x55aafddd0a90, 590;
v0x55aafddd0a90_591 .array/port v0x55aafddd0a90, 591;
v0x55aafddd0a90_592 .array/port v0x55aafddd0a90, 592;
v0x55aafddd0a90_593 .array/port v0x55aafddd0a90, 593;
E_0x55aafddce7f0/148 .event edge, v0x55aafddd0a90_590, v0x55aafddd0a90_591, v0x55aafddd0a90_592, v0x55aafddd0a90_593;
v0x55aafddd0a90_594 .array/port v0x55aafddd0a90, 594;
v0x55aafddd0a90_595 .array/port v0x55aafddd0a90, 595;
v0x55aafddd0a90_596 .array/port v0x55aafddd0a90, 596;
v0x55aafddd0a90_597 .array/port v0x55aafddd0a90, 597;
E_0x55aafddce7f0/149 .event edge, v0x55aafddd0a90_594, v0x55aafddd0a90_595, v0x55aafddd0a90_596, v0x55aafddd0a90_597;
v0x55aafddd0a90_598 .array/port v0x55aafddd0a90, 598;
v0x55aafddd0a90_599 .array/port v0x55aafddd0a90, 599;
v0x55aafddd0a90_600 .array/port v0x55aafddd0a90, 600;
v0x55aafddd0a90_601 .array/port v0x55aafddd0a90, 601;
E_0x55aafddce7f0/150 .event edge, v0x55aafddd0a90_598, v0x55aafddd0a90_599, v0x55aafddd0a90_600, v0x55aafddd0a90_601;
v0x55aafddd0a90_602 .array/port v0x55aafddd0a90, 602;
v0x55aafddd0a90_603 .array/port v0x55aafddd0a90, 603;
v0x55aafddd0a90_604 .array/port v0x55aafddd0a90, 604;
v0x55aafddd0a90_605 .array/port v0x55aafddd0a90, 605;
E_0x55aafddce7f0/151 .event edge, v0x55aafddd0a90_602, v0x55aafddd0a90_603, v0x55aafddd0a90_604, v0x55aafddd0a90_605;
v0x55aafddd0a90_606 .array/port v0x55aafddd0a90, 606;
v0x55aafddd0a90_607 .array/port v0x55aafddd0a90, 607;
v0x55aafddd0a90_608 .array/port v0x55aafddd0a90, 608;
v0x55aafddd0a90_609 .array/port v0x55aafddd0a90, 609;
E_0x55aafddce7f0/152 .event edge, v0x55aafddd0a90_606, v0x55aafddd0a90_607, v0x55aafddd0a90_608, v0x55aafddd0a90_609;
v0x55aafddd0a90_610 .array/port v0x55aafddd0a90, 610;
v0x55aafddd0a90_611 .array/port v0x55aafddd0a90, 611;
v0x55aafddd0a90_612 .array/port v0x55aafddd0a90, 612;
v0x55aafddd0a90_613 .array/port v0x55aafddd0a90, 613;
E_0x55aafddce7f0/153 .event edge, v0x55aafddd0a90_610, v0x55aafddd0a90_611, v0x55aafddd0a90_612, v0x55aafddd0a90_613;
v0x55aafddd0a90_614 .array/port v0x55aafddd0a90, 614;
v0x55aafddd0a90_615 .array/port v0x55aafddd0a90, 615;
v0x55aafddd0a90_616 .array/port v0x55aafddd0a90, 616;
v0x55aafddd0a90_617 .array/port v0x55aafddd0a90, 617;
E_0x55aafddce7f0/154 .event edge, v0x55aafddd0a90_614, v0x55aafddd0a90_615, v0x55aafddd0a90_616, v0x55aafddd0a90_617;
v0x55aafddd0a90_618 .array/port v0x55aafddd0a90, 618;
v0x55aafddd0a90_619 .array/port v0x55aafddd0a90, 619;
v0x55aafddd0a90_620 .array/port v0x55aafddd0a90, 620;
v0x55aafddd0a90_621 .array/port v0x55aafddd0a90, 621;
E_0x55aafddce7f0/155 .event edge, v0x55aafddd0a90_618, v0x55aafddd0a90_619, v0x55aafddd0a90_620, v0x55aafddd0a90_621;
v0x55aafddd0a90_622 .array/port v0x55aafddd0a90, 622;
v0x55aafddd0a90_623 .array/port v0x55aafddd0a90, 623;
v0x55aafddd0a90_624 .array/port v0x55aafddd0a90, 624;
v0x55aafddd0a90_625 .array/port v0x55aafddd0a90, 625;
E_0x55aafddce7f0/156 .event edge, v0x55aafddd0a90_622, v0x55aafddd0a90_623, v0x55aafddd0a90_624, v0x55aafddd0a90_625;
v0x55aafddd0a90_626 .array/port v0x55aafddd0a90, 626;
v0x55aafddd0a90_627 .array/port v0x55aafddd0a90, 627;
v0x55aafddd0a90_628 .array/port v0x55aafddd0a90, 628;
v0x55aafddd0a90_629 .array/port v0x55aafddd0a90, 629;
E_0x55aafddce7f0/157 .event edge, v0x55aafddd0a90_626, v0x55aafddd0a90_627, v0x55aafddd0a90_628, v0x55aafddd0a90_629;
v0x55aafddd0a90_630 .array/port v0x55aafddd0a90, 630;
v0x55aafddd0a90_631 .array/port v0x55aafddd0a90, 631;
v0x55aafddd0a90_632 .array/port v0x55aafddd0a90, 632;
v0x55aafddd0a90_633 .array/port v0x55aafddd0a90, 633;
E_0x55aafddce7f0/158 .event edge, v0x55aafddd0a90_630, v0x55aafddd0a90_631, v0x55aafddd0a90_632, v0x55aafddd0a90_633;
v0x55aafddd0a90_634 .array/port v0x55aafddd0a90, 634;
v0x55aafddd0a90_635 .array/port v0x55aafddd0a90, 635;
v0x55aafddd0a90_636 .array/port v0x55aafddd0a90, 636;
v0x55aafddd0a90_637 .array/port v0x55aafddd0a90, 637;
E_0x55aafddce7f0/159 .event edge, v0x55aafddd0a90_634, v0x55aafddd0a90_635, v0x55aafddd0a90_636, v0x55aafddd0a90_637;
v0x55aafddd0a90_638 .array/port v0x55aafddd0a90, 638;
v0x55aafddd0a90_639 .array/port v0x55aafddd0a90, 639;
v0x55aafddd0a90_640 .array/port v0x55aafddd0a90, 640;
v0x55aafddd0a90_641 .array/port v0x55aafddd0a90, 641;
E_0x55aafddce7f0/160 .event edge, v0x55aafddd0a90_638, v0x55aafddd0a90_639, v0x55aafddd0a90_640, v0x55aafddd0a90_641;
v0x55aafddd0a90_642 .array/port v0x55aafddd0a90, 642;
v0x55aafddd0a90_643 .array/port v0x55aafddd0a90, 643;
v0x55aafddd0a90_644 .array/port v0x55aafddd0a90, 644;
v0x55aafddd0a90_645 .array/port v0x55aafddd0a90, 645;
E_0x55aafddce7f0/161 .event edge, v0x55aafddd0a90_642, v0x55aafddd0a90_643, v0x55aafddd0a90_644, v0x55aafddd0a90_645;
v0x55aafddd0a90_646 .array/port v0x55aafddd0a90, 646;
v0x55aafddd0a90_647 .array/port v0x55aafddd0a90, 647;
v0x55aafddd0a90_648 .array/port v0x55aafddd0a90, 648;
v0x55aafddd0a90_649 .array/port v0x55aafddd0a90, 649;
E_0x55aafddce7f0/162 .event edge, v0x55aafddd0a90_646, v0x55aafddd0a90_647, v0x55aafddd0a90_648, v0x55aafddd0a90_649;
v0x55aafddd0a90_650 .array/port v0x55aafddd0a90, 650;
v0x55aafddd0a90_651 .array/port v0x55aafddd0a90, 651;
v0x55aafddd0a90_652 .array/port v0x55aafddd0a90, 652;
v0x55aafddd0a90_653 .array/port v0x55aafddd0a90, 653;
E_0x55aafddce7f0/163 .event edge, v0x55aafddd0a90_650, v0x55aafddd0a90_651, v0x55aafddd0a90_652, v0x55aafddd0a90_653;
v0x55aafddd0a90_654 .array/port v0x55aafddd0a90, 654;
v0x55aafddd0a90_655 .array/port v0x55aafddd0a90, 655;
v0x55aafddd0a90_656 .array/port v0x55aafddd0a90, 656;
v0x55aafddd0a90_657 .array/port v0x55aafddd0a90, 657;
E_0x55aafddce7f0/164 .event edge, v0x55aafddd0a90_654, v0x55aafddd0a90_655, v0x55aafddd0a90_656, v0x55aafddd0a90_657;
v0x55aafddd0a90_658 .array/port v0x55aafddd0a90, 658;
v0x55aafddd0a90_659 .array/port v0x55aafddd0a90, 659;
v0x55aafddd0a90_660 .array/port v0x55aafddd0a90, 660;
v0x55aafddd0a90_661 .array/port v0x55aafddd0a90, 661;
E_0x55aafddce7f0/165 .event edge, v0x55aafddd0a90_658, v0x55aafddd0a90_659, v0x55aafddd0a90_660, v0x55aafddd0a90_661;
v0x55aafddd0a90_662 .array/port v0x55aafddd0a90, 662;
v0x55aafddd0a90_663 .array/port v0x55aafddd0a90, 663;
v0x55aafddd0a90_664 .array/port v0x55aafddd0a90, 664;
v0x55aafddd0a90_665 .array/port v0x55aafddd0a90, 665;
E_0x55aafddce7f0/166 .event edge, v0x55aafddd0a90_662, v0x55aafddd0a90_663, v0x55aafddd0a90_664, v0x55aafddd0a90_665;
v0x55aafddd0a90_666 .array/port v0x55aafddd0a90, 666;
v0x55aafddd0a90_667 .array/port v0x55aafddd0a90, 667;
v0x55aafddd0a90_668 .array/port v0x55aafddd0a90, 668;
v0x55aafddd0a90_669 .array/port v0x55aafddd0a90, 669;
E_0x55aafddce7f0/167 .event edge, v0x55aafddd0a90_666, v0x55aafddd0a90_667, v0x55aafddd0a90_668, v0x55aafddd0a90_669;
v0x55aafddd0a90_670 .array/port v0x55aafddd0a90, 670;
v0x55aafddd0a90_671 .array/port v0x55aafddd0a90, 671;
v0x55aafddd0a90_672 .array/port v0x55aafddd0a90, 672;
v0x55aafddd0a90_673 .array/port v0x55aafddd0a90, 673;
E_0x55aafddce7f0/168 .event edge, v0x55aafddd0a90_670, v0x55aafddd0a90_671, v0x55aafddd0a90_672, v0x55aafddd0a90_673;
v0x55aafddd0a90_674 .array/port v0x55aafddd0a90, 674;
v0x55aafddd0a90_675 .array/port v0x55aafddd0a90, 675;
v0x55aafddd0a90_676 .array/port v0x55aafddd0a90, 676;
v0x55aafddd0a90_677 .array/port v0x55aafddd0a90, 677;
E_0x55aafddce7f0/169 .event edge, v0x55aafddd0a90_674, v0x55aafddd0a90_675, v0x55aafddd0a90_676, v0x55aafddd0a90_677;
v0x55aafddd0a90_678 .array/port v0x55aafddd0a90, 678;
v0x55aafddd0a90_679 .array/port v0x55aafddd0a90, 679;
v0x55aafddd0a90_680 .array/port v0x55aafddd0a90, 680;
v0x55aafddd0a90_681 .array/port v0x55aafddd0a90, 681;
E_0x55aafddce7f0/170 .event edge, v0x55aafddd0a90_678, v0x55aafddd0a90_679, v0x55aafddd0a90_680, v0x55aafddd0a90_681;
v0x55aafddd0a90_682 .array/port v0x55aafddd0a90, 682;
v0x55aafddd0a90_683 .array/port v0x55aafddd0a90, 683;
v0x55aafddd0a90_684 .array/port v0x55aafddd0a90, 684;
v0x55aafddd0a90_685 .array/port v0x55aafddd0a90, 685;
E_0x55aafddce7f0/171 .event edge, v0x55aafddd0a90_682, v0x55aafddd0a90_683, v0x55aafddd0a90_684, v0x55aafddd0a90_685;
v0x55aafddd0a90_686 .array/port v0x55aafddd0a90, 686;
v0x55aafddd0a90_687 .array/port v0x55aafddd0a90, 687;
v0x55aafddd0a90_688 .array/port v0x55aafddd0a90, 688;
v0x55aafddd0a90_689 .array/port v0x55aafddd0a90, 689;
E_0x55aafddce7f0/172 .event edge, v0x55aafddd0a90_686, v0x55aafddd0a90_687, v0x55aafddd0a90_688, v0x55aafddd0a90_689;
v0x55aafddd0a90_690 .array/port v0x55aafddd0a90, 690;
v0x55aafddd0a90_691 .array/port v0x55aafddd0a90, 691;
v0x55aafddd0a90_692 .array/port v0x55aafddd0a90, 692;
v0x55aafddd0a90_693 .array/port v0x55aafddd0a90, 693;
E_0x55aafddce7f0/173 .event edge, v0x55aafddd0a90_690, v0x55aafddd0a90_691, v0x55aafddd0a90_692, v0x55aafddd0a90_693;
v0x55aafddd0a90_694 .array/port v0x55aafddd0a90, 694;
v0x55aafddd0a90_695 .array/port v0x55aafddd0a90, 695;
v0x55aafddd0a90_696 .array/port v0x55aafddd0a90, 696;
v0x55aafddd0a90_697 .array/port v0x55aafddd0a90, 697;
E_0x55aafddce7f0/174 .event edge, v0x55aafddd0a90_694, v0x55aafddd0a90_695, v0x55aafddd0a90_696, v0x55aafddd0a90_697;
v0x55aafddd0a90_698 .array/port v0x55aafddd0a90, 698;
v0x55aafddd0a90_699 .array/port v0x55aafddd0a90, 699;
v0x55aafddd0a90_700 .array/port v0x55aafddd0a90, 700;
v0x55aafddd0a90_701 .array/port v0x55aafddd0a90, 701;
E_0x55aafddce7f0/175 .event edge, v0x55aafddd0a90_698, v0x55aafddd0a90_699, v0x55aafddd0a90_700, v0x55aafddd0a90_701;
v0x55aafddd0a90_702 .array/port v0x55aafddd0a90, 702;
v0x55aafddd0a90_703 .array/port v0x55aafddd0a90, 703;
v0x55aafddd0a90_704 .array/port v0x55aafddd0a90, 704;
v0x55aafddd0a90_705 .array/port v0x55aafddd0a90, 705;
E_0x55aafddce7f0/176 .event edge, v0x55aafddd0a90_702, v0x55aafddd0a90_703, v0x55aafddd0a90_704, v0x55aafddd0a90_705;
v0x55aafddd0a90_706 .array/port v0x55aafddd0a90, 706;
v0x55aafddd0a90_707 .array/port v0x55aafddd0a90, 707;
v0x55aafddd0a90_708 .array/port v0x55aafddd0a90, 708;
v0x55aafddd0a90_709 .array/port v0x55aafddd0a90, 709;
E_0x55aafddce7f0/177 .event edge, v0x55aafddd0a90_706, v0x55aafddd0a90_707, v0x55aafddd0a90_708, v0x55aafddd0a90_709;
v0x55aafddd0a90_710 .array/port v0x55aafddd0a90, 710;
v0x55aafddd0a90_711 .array/port v0x55aafddd0a90, 711;
v0x55aafddd0a90_712 .array/port v0x55aafddd0a90, 712;
v0x55aafddd0a90_713 .array/port v0x55aafddd0a90, 713;
E_0x55aafddce7f0/178 .event edge, v0x55aafddd0a90_710, v0x55aafddd0a90_711, v0x55aafddd0a90_712, v0x55aafddd0a90_713;
v0x55aafddd0a90_714 .array/port v0x55aafddd0a90, 714;
v0x55aafddd0a90_715 .array/port v0x55aafddd0a90, 715;
v0x55aafddd0a90_716 .array/port v0x55aafddd0a90, 716;
v0x55aafddd0a90_717 .array/port v0x55aafddd0a90, 717;
E_0x55aafddce7f0/179 .event edge, v0x55aafddd0a90_714, v0x55aafddd0a90_715, v0x55aafddd0a90_716, v0x55aafddd0a90_717;
v0x55aafddd0a90_718 .array/port v0x55aafddd0a90, 718;
v0x55aafddd0a90_719 .array/port v0x55aafddd0a90, 719;
v0x55aafddd0a90_720 .array/port v0x55aafddd0a90, 720;
v0x55aafddd0a90_721 .array/port v0x55aafddd0a90, 721;
E_0x55aafddce7f0/180 .event edge, v0x55aafddd0a90_718, v0x55aafddd0a90_719, v0x55aafddd0a90_720, v0x55aafddd0a90_721;
v0x55aafddd0a90_722 .array/port v0x55aafddd0a90, 722;
v0x55aafddd0a90_723 .array/port v0x55aafddd0a90, 723;
v0x55aafddd0a90_724 .array/port v0x55aafddd0a90, 724;
v0x55aafddd0a90_725 .array/port v0x55aafddd0a90, 725;
E_0x55aafddce7f0/181 .event edge, v0x55aafddd0a90_722, v0x55aafddd0a90_723, v0x55aafddd0a90_724, v0x55aafddd0a90_725;
v0x55aafddd0a90_726 .array/port v0x55aafddd0a90, 726;
v0x55aafddd0a90_727 .array/port v0x55aafddd0a90, 727;
v0x55aafddd0a90_728 .array/port v0x55aafddd0a90, 728;
v0x55aafddd0a90_729 .array/port v0x55aafddd0a90, 729;
E_0x55aafddce7f0/182 .event edge, v0x55aafddd0a90_726, v0x55aafddd0a90_727, v0x55aafddd0a90_728, v0x55aafddd0a90_729;
v0x55aafddd0a90_730 .array/port v0x55aafddd0a90, 730;
v0x55aafddd0a90_731 .array/port v0x55aafddd0a90, 731;
v0x55aafddd0a90_732 .array/port v0x55aafddd0a90, 732;
v0x55aafddd0a90_733 .array/port v0x55aafddd0a90, 733;
E_0x55aafddce7f0/183 .event edge, v0x55aafddd0a90_730, v0x55aafddd0a90_731, v0x55aafddd0a90_732, v0x55aafddd0a90_733;
v0x55aafddd0a90_734 .array/port v0x55aafddd0a90, 734;
v0x55aafddd0a90_735 .array/port v0x55aafddd0a90, 735;
v0x55aafddd0a90_736 .array/port v0x55aafddd0a90, 736;
v0x55aafddd0a90_737 .array/port v0x55aafddd0a90, 737;
E_0x55aafddce7f0/184 .event edge, v0x55aafddd0a90_734, v0x55aafddd0a90_735, v0x55aafddd0a90_736, v0x55aafddd0a90_737;
v0x55aafddd0a90_738 .array/port v0x55aafddd0a90, 738;
v0x55aafddd0a90_739 .array/port v0x55aafddd0a90, 739;
v0x55aafddd0a90_740 .array/port v0x55aafddd0a90, 740;
v0x55aafddd0a90_741 .array/port v0x55aafddd0a90, 741;
E_0x55aafddce7f0/185 .event edge, v0x55aafddd0a90_738, v0x55aafddd0a90_739, v0x55aafddd0a90_740, v0x55aafddd0a90_741;
v0x55aafddd0a90_742 .array/port v0x55aafddd0a90, 742;
v0x55aafddd0a90_743 .array/port v0x55aafddd0a90, 743;
v0x55aafddd0a90_744 .array/port v0x55aafddd0a90, 744;
v0x55aafddd0a90_745 .array/port v0x55aafddd0a90, 745;
E_0x55aafddce7f0/186 .event edge, v0x55aafddd0a90_742, v0x55aafddd0a90_743, v0x55aafddd0a90_744, v0x55aafddd0a90_745;
v0x55aafddd0a90_746 .array/port v0x55aafddd0a90, 746;
v0x55aafddd0a90_747 .array/port v0x55aafddd0a90, 747;
v0x55aafddd0a90_748 .array/port v0x55aafddd0a90, 748;
v0x55aafddd0a90_749 .array/port v0x55aafddd0a90, 749;
E_0x55aafddce7f0/187 .event edge, v0x55aafddd0a90_746, v0x55aafddd0a90_747, v0x55aafddd0a90_748, v0x55aafddd0a90_749;
v0x55aafddd0a90_750 .array/port v0x55aafddd0a90, 750;
v0x55aafddd0a90_751 .array/port v0x55aafddd0a90, 751;
v0x55aafddd0a90_752 .array/port v0x55aafddd0a90, 752;
v0x55aafddd0a90_753 .array/port v0x55aafddd0a90, 753;
E_0x55aafddce7f0/188 .event edge, v0x55aafddd0a90_750, v0x55aafddd0a90_751, v0x55aafddd0a90_752, v0x55aafddd0a90_753;
v0x55aafddd0a90_754 .array/port v0x55aafddd0a90, 754;
v0x55aafddd0a90_755 .array/port v0x55aafddd0a90, 755;
v0x55aafddd0a90_756 .array/port v0x55aafddd0a90, 756;
v0x55aafddd0a90_757 .array/port v0x55aafddd0a90, 757;
E_0x55aafddce7f0/189 .event edge, v0x55aafddd0a90_754, v0x55aafddd0a90_755, v0x55aafddd0a90_756, v0x55aafddd0a90_757;
v0x55aafddd0a90_758 .array/port v0x55aafddd0a90, 758;
v0x55aafddd0a90_759 .array/port v0x55aafddd0a90, 759;
v0x55aafddd0a90_760 .array/port v0x55aafddd0a90, 760;
v0x55aafddd0a90_761 .array/port v0x55aafddd0a90, 761;
E_0x55aafddce7f0/190 .event edge, v0x55aafddd0a90_758, v0x55aafddd0a90_759, v0x55aafddd0a90_760, v0x55aafddd0a90_761;
v0x55aafddd0a90_762 .array/port v0x55aafddd0a90, 762;
v0x55aafddd0a90_763 .array/port v0x55aafddd0a90, 763;
v0x55aafddd0a90_764 .array/port v0x55aafddd0a90, 764;
v0x55aafddd0a90_765 .array/port v0x55aafddd0a90, 765;
E_0x55aafddce7f0/191 .event edge, v0x55aafddd0a90_762, v0x55aafddd0a90_763, v0x55aafddd0a90_764, v0x55aafddd0a90_765;
v0x55aafddd0a90_766 .array/port v0x55aafddd0a90, 766;
v0x55aafddd0a90_767 .array/port v0x55aafddd0a90, 767;
v0x55aafddd0a90_768 .array/port v0x55aafddd0a90, 768;
v0x55aafddd0a90_769 .array/port v0x55aafddd0a90, 769;
E_0x55aafddce7f0/192 .event edge, v0x55aafddd0a90_766, v0x55aafddd0a90_767, v0x55aafddd0a90_768, v0x55aafddd0a90_769;
v0x55aafddd0a90_770 .array/port v0x55aafddd0a90, 770;
v0x55aafddd0a90_771 .array/port v0x55aafddd0a90, 771;
v0x55aafddd0a90_772 .array/port v0x55aafddd0a90, 772;
v0x55aafddd0a90_773 .array/port v0x55aafddd0a90, 773;
E_0x55aafddce7f0/193 .event edge, v0x55aafddd0a90_770, v0x55aafddd0a90_771, v0x55aafddd0a90_772, v0x55aafddd0a90_773;
v0x55aafddd0a90_774 .array/port v0x55aafddd0a90, 774;
v0x55aafddd0a90_775 .array/port v0x55aafddd0a90, 775;
v0x55aafddd0a90_776 .array/port v0x55aafddd0a90, 776;
v0x55aafddd0a90_777 .array/port v0x55aafddd0a90, 777;
E_0x55aafddce7f0/194 .event edge, v0x55aafddd0a90_774, v0x55aafddd0a90_775, v0x55aafddd0a90_776, v0x55aafddd0a90_777;
v0x55aafddd0a90_778 .array/port v0x55aafddd0a90, 778;
v0x55aafddd0a90_779 .array/port v0x55aafddd0a90, 779;
v0x55aafddd0a90_780 .array/port v0x55aafddd0a90, 780;
v0x55aafddd0a90_781 .array/port v0x55aafddd0a90, 781;
E_0x55aafddce7f0/195 .event edge, v0x55aafddd0a90_778, v0x55aafddd0a90_779, v0x55aafddd0a90_780, v0x55aafddd0a90_781;
v0x55aafddd0a90_782 .array/port v0x55aafddd0a90, 782;
v0x55aafddd0a90_783 .array/port v0x55aafddd0a90, 783;
v0x55aafddd0a90_784 .array/port v0x55aafddd0a90, 784;
v0x55aafddd0a90_785 .array/port v0x55aafddd0a90, 785;
E_0x55aafddce7f0/196 .event edge, v0x55aafddd0a90_782, v0x55aafddd0a90_783, v0x55aafddd0a90_784, v0x55aafddd0a90_785;
v0x55aafddd0a90_786 .array/port v0x55aafddd0a90, 786;
v0x55aafddd0a90_787 .array/port v0x55aafddd0a90, 787;
v0x55aafddd0a90_788 .array/port v0x55aafddd0a90, 788;
v0x55aafddd0a90_789 .array/port v0x55aafddd0a90, 789;
E_0x55aafddce7f0/197 .event edge, v0x55aafddd0a90_786, v0x55aafddd0a90_787, v0x55aafddd0a90_788, v0x55aafddd0a90_789;
v0x55aafddd0a90_790 .array/port v0x55aafddd0a90, 790;
v0x55aafddd0a90_791 .array/port v0x55aafddd0a90, 791;
v0x55aafddd0a90_792 .array/port v0x55aafddd0a90, 792;
v0x55aafddd0a90_793 .array/port v0x55aafddd0a90, 793;
E_0x55aafddce7f0/198 .event edge, v0x55aafddd0a90_790, v0x55aafddd0a90_791, v0x55aafddd0a90_792, v0x55aafddd0a90_793;
v0x55aafddd0a90_794 .array/port v0x55aafddd0a90, 794;
v0x55aafddd0a90_795 .array/port v0x55aafddd0a90, 795;
v0x55aafddd0a90_796 .array/port v0x55aafddd0a90, 796;
v0x55aafddd0a90_797 .array/port v0x55aafddd0a90, 797;
E_0x55aafddce7f0/199 .event edge, v0x55aafddd0a90_794, v0x55aafddd0a90_795, v0x55aafddd0a90_796, v0x55aafddd0a90_797;
v0x55aafddd0a90_798 .array/port v0x55aafddd0a90, 798;
v0x55aafddd0a90_799 .array/port v0x55aafddd0a90, 799;
v0x55aafddd0a90_800 .array/port v0x55aafddd0a90, 800;
v0x55aafddd0a90_801 .array/port v0x55aafddd0a90, 801;
E_0x55aafddce7f0/200 .event edge, v0x55aafddd0a90_798, v0x55aafddd0a90_799, v0x55aafddd0a90_800, v0x55aafddd0a90_801;
v0x55aafddd0a90_802 .array/port v0x55aafddd0a90, 802;
v0x55aafddd0a90_803 .array/port v0x55aafddd0a90, 803;
v0x55aafddd0a90_804 .array/port v0x55aafddd0a90, 804;
v0x55aafddd0a90_805 .array/port v0x55aafddd0a90, 805;
E_0x55aafddce7f0/201 .event edge, v0x55aafddd0a90_802, v0x55aafddd0a90_803, v0x55aafddd0a90_804, v0x55aafddd0a90_805;
v0x55aafddd0a90_806 .array/port v0x55aafddd0a90, 806;
v0x55aafddd0a90_807 .array/port v0x55aafddd0a90, 807;
v0x55aafddd0a90_808 .array/port v0x55aafddd0a90, 808;
v0x55aafddd0a90_809 .array/port v0x55aafddd0a90, 809;
E_0x55aafddce7f0/202 .event edge, v0x55aafddd0a90_806, v0x55aafddd0a90_807, v0x55aafddd0a90_808, v0x55aafddd0a90_809;
v0x55aafddd0a90_810 .array/port v0x55aafddd0a90, 810;
v0x55aafddd0a90_811 .array/port v0x55aafddd0a90, 811;
v0x55aafddd0a90_812 .array/port v0x55aafddd0a90, 812;
v0x55aafddd0a90_813 .array/port v0x55aafddd0a90, 813;
E_0x55aafddce7f0/203 .event edge, v0x55aafddd0a90_810, v0x55aafddd0a90_811, v0x55aafddd0a90_812, v0x55aafddd0a90_813;
v0x55aafddd0a90_814 .array/port v0x55aafddd0a90, 814;
v0x55aafddd0a90_815 .array/port v0x55aafddd0a90, 815;
v0x55aafddd0a90_816 .array/port v0x55aafddd0a90, 816;
v0x55aafddd0a90_817 .array/port v0x55aafddd0a90, 817;
E_0x55aafddce7f0/204 .event edge, v0x55aafddd0a90_814, v0x55aafddd0a90_815, v0x55aafddd0a90_816, v0x55aafddd0a90_817;
v0x55aafddd0a90_818 .array/port v0x55aafddd0a90, 818;
v0x55aafddd0a90_819 .array/port v0x55aafddd0a90, 819;
v0x55aafddd0a90_820 .array/port v0x55aafddd0a90, 820;
v0x55aafddd0a90_821 .array/port v0x55aafddd0a90, 821;
E_0x55aafddce7f0/205 .event edge, v0x55aafddd0a90_818, v0x55aafddd0a90_819, v0x55aafddd0a90_820, v0x55aafddd0a90_821;
v0x55aafddd0a90_822 .array/port v0x55aafddd0a90, 822;
v0x55aafddd0a90_823 .array/port v0x55aafddd0a90, 823;
v0x55aafddd0a90_824 .array/port v0x55aafddd0a90, 824;
v0x55aafddd0a90_825 .array/port v0x55aafddd0a90, 825;
E_0x55aafddce7f0/206 .event edge, v0x55aafddd0a90_822, v0x55aafddd0a90_823, v0x55aafddd0a90_824, v0x55aafddd0a90_825;
v0x55aafddd0a90_826 .array/port v0x55aafddd0a90, 826;
v0x55aafddd0a90_827 .array/port v0x55aafddd0a90, 827;
v0x55aafddd0a90_828 .array/port v0x55aafddd0a90, 828;
v0x55aafddd0a90_829 .array/port v0x55aafddd0a90, 829;
E_0x55aafddce7f0/207 .event edge, v0x55aafddd0a90_826, v0x55aafddd0a90_827, v0x55aafddd0a90_828, v0x55aafddd0a90_829;
v0x55aafddd0a90_830 .array/port v0x55aafddd0a90, 830;
v0x55aafddd0a90_831 .array/port v0x55aafddd0a90, 831;
v0x55aafddd0a90_832 .array/port v0x55aafddd0a90, 832;
v0x55aafddd0a90_833 .array/port v0x55aafddd0a90, 833;
E_0x55aafddce7f0/208 .event edge, v0x55aafddd0a90_830, v0x55aafddd0a90_831, v0x55aafddd0a90_832, v0x55aafddd0a90_833;
v0x55aafddd0a90_834 .array/port v0x55aafddd0a90, 834;
v0x55aafddd0a90_835 .array/port v0x55aafddd0a90, 835;
v0x55aafddd0a90_836 .array/port v0x55aafddd0a90, 836;
v0x55aafddd0a90_837 .array/port v0x55aafddd0a90, 837;
E_0x55aafddce7f0/209 .event edge, v0x55aafddd0a90_834, v0x55aafddd0a90_835, v0x55aafddd0a90_836, v0x55aafddd0a90_837;
v0x55aafddd0a90_838 .array/port v0x55aafddd0a90, 838;
v0x55aafddd0a90_839 .array/port v0x55aafddd0a90, 839;
v0x55aafddd0a90_840 .array/port v0x55aafddd0a90, 840;
v0x55aafddd0a90_841 .array/port v0x55aafddd0a90, 841;
E_0x55aafddce7f0/210 .event edge, v0x55aafddd0a90_838, v0x55aafddd0a90_839, v0x55aafddd0a90_840, v0x55aafddd0a90_841;
v0x55aafddd0a90_842 .array/port v0x55aafddd0a90, 842;
v0x55aafddd0a90_843 .array/port v0x55aafddd0a90, 843;
v0x55aafddd0a90_844 .array/port v0x55aafddd0a90, 844;
v0x55aafddd0a90_845 .array/port v0x55aafddd0a90, 845;
E_0x55aafddce7f0/211 .event edge, v0x55aafddd0a90_842, v0x55aafddd0a90_843, v0x55aafddd0a90_844, v0x55aafddd0a90_845;
v0x55aafddd0a90_846 .array/port v0x55aafddd0a90, 846;
v0x55aafddd0a90_847 .array/port v0x55aafddd0a90, 847;
v0x55aafddd0a90_848 .array/port v0x55aafddd0a90, 848;
v0x55aafddd0a90_849 .array/port v0x55aafddd0a90, 849;
E_0x55aafddce7f0/212 .event edge, v0x55aafddd0a90_846, v0x55aafddd0a90_847, v0x55aafddd0a90_848, v0x55aafddd0a90_849;
v0x55aafddd0a90_850 .array/port v0x55aafddd0a90, 850;
v0x55aafddd0a90_851 .array/port v0x55aafddd0a90, 851;
v0x55aafddd0a90_852 .array/port v0x55aafddd0a90, 852;
v0x55aafddd0a90_853 .array/port v0x55aafddd0a90, 853;
E_0x55aafddce7f0/213 .event edge, v0x55aafddd0a90_850, v0x55aafddd0a90_851, v0x55aafddd0a90_852, v0x55aafddd0a90_853;
v0x55aafddd0a90_854 .array/port v0x55aafddd0a90, 854;
v0x55aafddd0a90_855 .array/port v0x55aafddd0a90, 855;
v0x55aafddd0a90_856 .array/port v0x55aafddd0a90, 856;
v0x55aafddd0a90_857 .array/port v0x55aafddd0a90, 857;
E_0x55aafddce7f0/214 .event edge, v0x55aafddd0a90_854, v0x55aafddd0a90_855, v0x55aafddd0a90_856, v0x55aafddd0a90_857;
v0x55aafddd0a90_858 .array/port v0x55aafddd0a90, 858;
v0x55aafddd0a90_859 .array/port v0x55aafddd0a90, 859;
v0x55aafddd0a90_860 .array/port v0x55aafddd0a90, 860;
v0x55aafddd0a90_861 .array/port v0x55aafddd0a90, 861;
E_0x55aafddce7f0/215 .event edge, v0x55aafddd0a90_858, v0x55aafddd0a90_859, v0x55aafddd0a90_860, v0x55aafddd0a90_861;
v0x55aafddd0a90_862 .array/port v0x55aafddd0a90, 862;
v0x55aafddd0a90_863 .array/port v0x55aafddd0a90, 863;
v0x55aafddd0a90_864 .array/port v0x55aafddd0a90, 864;
v0x55aafddd0a90_865 .array/port v0x55aafddd0a90, 865;
E_0x55aafddce7f0/216 .event edge, v0x55aafddd0a90_862, v0x55aafddd0a90_863, v0x55aafddd0a90_864, v0x55aafddd0a90_865;
v0x55aafddd0a90_866 .array/port v0x55aafddd0a90, 866;
v0x55aafddd0a90_867 .array/port v0x55aafddd0a90, 867;
v0x55aafddd0a90_868 .array/port v0x55aafddd0a90, 868;
v0x55aafddd0a90_869 .array/port v0x55aafddd0a90, 869;
E_0x55aafddce7f0/217 .event edge, v0x55aafddd0a90_866, v0x55aafddd0a90_867, v0x55aafddd0a90_868, v0x55aafddd0a90_869;
v0x55aafddd0a90_870 .array/port v0x55aafddd0a90, 870;
v0x55aafddd0a90_871 .array/port v0x55aafddd0a90, 871;
v0x55aafddd0a90_872 .array/port v0x55aafddd0a90, 872;
v0x55aafddd0a90_873 .array/port v0x55aafddd0a90, 873;
E_0x55aafddce7f0/218 .event edge, v0x55aafddd0a90_870, v0x55aafddd0a90_871, v0x55aafddd0a90_872, v0x55aafddd0a90_873;
v0x55aafddd0a90_874 .array/port v0x55aafddd0a90, 874;
v0x55aafddd0a90_875 .array/port v0x55aafddd0a90, 875;
v0x55aafddd0a90_876 .array/port v0x55aafddd0a90, 876;
v0x55aafddd0a90_877 .array/port v0x55aafddd0a90, 877;
E_0x55aafddce7f0/219 .event edge, v0x55aafddd0a90_874, v0x55aafddd0a90_875, v0x55aafddd0a90_876, v0x55aafddd0a90_877;
v0x55aafddd0a90_878 .array/port v0x55aafddd0a90, 878;
v0x55aafddd0a90_879 .array/port v0x55aafddd0a90, 879;
v0x55aafddd0a90_880 .array/port v0x55aafddd0a90, 880;
v0x55aafddd0a90_881 .array/port v0x55aafddd0a90, 881;
E_0x55aafddce7f0/220 .event edge, v0x55aafddd0a90_878, v0x55aafddd0a90_879, v0x55aafddd0a90_880, v0x55aafddd0a90_881;
v0x55aafddd0a90_882 .array/port v0x55aafddd0a90, 882;
v0x55aafddd0a90_883 .array/port v0x55aafddd0a90, 883;
v0x55aafddd0a90_884 .array/port v0x55aafddd0a90, 884;
v0x55aafddd0a90_885 .array/port v0x55aafddd0a90, 885;
E_0x55aafddce7f0/221 .event edge, v0x55aafddd0a90_882, v0x55aafddd0a90_883, v0x55aafddd0a90_884, v0x55aafddd0a90_885;
v0x55aafddd0a90_886 .array/port v0x55aafddd0a90, 886;
v0x55aafddd0a90_887 .array/port v0x55aafddd0a90, 887;
v0x55aafddd0a90_888 .array/port v0x55aafddd0a90, 888;
v0x55aafddd0a90_889 .array/port v0x55aafddd0a90, 889;
E_0x55aafddce7f0/222 .event edge, v0x55aafddd0a90_886, v0x55aafddd0a90_887, v0x55aafddd0a90_888, v0x55aafddd0a90_889;
v0x55aafddd0a90_890 .array/port v0x55aafddd0a90, 890;
v0x55aafddd0a90_891 .array/port v0x55aafddd0a90, 891;
v0x55aafddd0a90_892 .array/port v0x55aafddd0a90, 892;
v0x55aafddd0a90_893 .array/port v0x55aafddd0a90, 893;
E_0x55aafddce7f0/223 .event edge, v0x55aafddd0a90_890, v0x55aafddd0a90_891, v0x55aafddd0a90_892, v0x55aafddd0a90_893;
v0x55aafddd0a90_894 .array/port v0x55aafddd0a90, 894;
v0x55aafddd0a90_895 .array/port v0x55aafddd0a90, 895;
v0x55aafddd0a90_896 .array/port v0x55aafddd0a90, 896;
v0x55aafddd0a90_897 .array/port v0x55aafddd0a90, 897;
E_0x55aafddce7f0/224 .event edge, v0x55aafddd0a90_894, v0x55aafddd0a90_895, v0x55aafddd0a90_896, v0x55aafddd0a90_897;
v0x55aafddd0a90_898 .array/port v0x55aafddd0a90, 898;
v0x55aafddd0a90_899 .array/port v0x55aafddd0a90, 899;
v0x55aafddd0a90_900 .array/port v0x55aafddd0a90, 900;
v0x55aafddd0a90_901 .array/port v0x55aafddd0a90, 901;
E_0x55aafddce7f0/225 .event edge, v0x55aafddd0a90_898, v0x55aafddd0a90_899, v0x55aafddd0a90_900, v0x55aafddd0a90_901;
v0x55aafddd0a90_902 .array/port v0x55aafddd0a90, 902;
v0x55aafddd0a90_903 .array/port v0x55aafddd0a90, 903;
v0x55aafddd0a90_904 .array/port v0x55aafddd0a90, 904;
v0x55aafddd0a90_905 .array/port v0x55aafddd0a90, 905;
E_0x55aafddce7f0/226 .event edge, v0x55aafddd0a90_902, v0x55aafddd0a90_903, v0x55aafddd0a90_904, v0x55aafddd0a90_905;
v0x55aafddd0a90_906 .array/port v0x55aafddd0a90, 906;
v0x55aafddd0a90_907 .array/port v0x55aafddd0a90, 907;
v0x55aafddd0a90_908 .array/port v0x55aafddd0a90, 908;
v0x55aafddd0a90_909 .array/port v0x55aafddd0a90, 909;
E_0x55aafddce7f0/227 .event edge, v0x55aafddd0a90_906, v0x55aafddd0a90_907, v0x55aafddd0a90_908, v0x55aafddd0a90_909;
v0x55aafddd0a90_910 .array/port v0x55aafddd0a90, 910;
v0x55aafddd0a90_911 .array/port v0x55aafddd0a90, 911;
v0x55aafddd0a90_912 .array/port v0x55aafddd0a90, 912;
v0x55aafddd0a90_913 .array/port v0x55aafddd0a90, 913;
E_0x55aafddce7f0/228 .event edge, v0x55aafddd0a90_910, v0x55aafddd0a90_911, v0x55aafddd0a90_912, v0x55aafddd0a90_913;
v0x55aafddd0a90_914 .array/port v0x55aafddd0a90, 914;
v0x55aafddd0a90_915 .array/port v0x55aafddd0a90, 915;
v0x55aafddd0a90_916 .array/port v0x55aafddd0a90, 916;
v0x55aafddd0a90_917 .array/port v0x55aafddd0a90, 917;
E_0x55aafddce7f0/229 .event edge, v0x55aafddd0a90_914, v0x55aafddd0a90_915, v0x55aafddd0a90_916, v0x55aafddd0a90_917;
v0x55aafddd0a90_918 .array/port v0x55aafddd0a90, 918;
v0x55aafddd0a90_919 .array/port v0x55aafddd0a90, 919;
v0x55aafddd0a90_920 .array/port v0x55aafddd0a90, 920;
v0x55aafddd0a90_921 .array/port v0x55aafddd0a90, 921;
E_0x55aafddce7f0/230 .event edge, v0x55aafddd0a90_918, v0x55aafddd0a90_919, v0x55aafddd0a90_920, v0x55aafddd0a90_921;
v0x55aafddd0a90_922 .array/port v0x55aafddd0a90, 922;
v0x55aafddd0a90_923 .array/port v0x55aafddd0a90, 923;
v0x55aafddd0a90_924 .array/port v0x55aafddd0a90, 924;
v0x55aafddd0a90_925 .array/port v0x55aafddd0a90, 925;
E_0x55aafddce7f0/231 .event edge, v0x55aafddd0a90_922, v0x55aafddd0a90_923, v0x55aafddd0a90_924, v0x55aafddd0a90_925;
v0x55aafddd0a90_926 .array/port v0x55aafddd0a90, 926;
v0x55aafddd0a90_927 .array/port v0x55aafddd0a90, 927;
v0x55aafddd0a90_928 .array/port v0x55aafddd0a90, 928;
v0x55aafddd0a90_929 .array/port v0x55aafddd0a90, 929;
E_0x55aafddce7f0/232 .event edge, v0x55aafddd0a90_926, v0x55aafddd0a90_927, v0x55aafddd0a90_928, v0x55aafddd0a90_929;
v0x55aafddd0a90_930 .array/port v0x55aafddd0a90, 930;
v0x55aafddd0a90_931 .array/port v0x55aafddd0a90, 931;
v0x55aafddd0a90_932 .array/port v0x55aafddd0a90, 932;
v0x55aafddd0a90_933 .array/port v0x55aafddd0a90, 933;
E_0x55aafddce7f0/233 .event edge, v0x55aafddd0a90_930, v0x55aafddd0a90_931, v0x55aafddd0a90_932, v0x55aafddd0a90_933;
v0x55aafddd0a90_934 .array/port v0x55aafddd0a90, 934;
v0x55aafddd0a90_935 .array/port v0x55aafddd0a90, 935;
v0x55aafddd0a90_936 .array/port v0x55aafddd0a90, 936;
v0x55aafddd0a90_937 .array/port v0x55aafddd0a90, 937;
E_0x55aafddce7f0/234 .event edge, v0x55aafddd0a90_934, v0x55aafddd0a90_935, v0x55aafddd0a90_936, v0x55aafddd0a90_937;
v0x55aafddd0a90_938 .array/port v0x55aafddd0a90, 938;
v0x55aafddd0a90_939 .array/port v0x55aafddd0a90, 939;
v0x55aafddd0a90_940 .array/port v0x55aafddd0a90, 940;
v0x55aafddd0a90_941 .array/port v0x55aafddd0a90, 941;
E_0x55aafddce7f0/235 .event edge, v0x55aafddd0a90_938, v0x55aafddd0a90_939, v0x55aafddd0a90_940, v0x55aafddd0a90_941;
v0x55aafddd0a90_942 .array/port v0x55aafddd0a90, 942;
v0x55aafddd0a90_943 .array/port v0x55aafddd0a90, 943;
v0x55aafddd0a90_944 .array/port v0x55aafddd0a90, 944;
v0x55aafddd0a90_945 .array/port v0x55aafddd0a90, 945;
E_0x55aafddce7f0/236 .event edge, v0x55aafddd0a90_942, v0x55aafddd0a90_943, v0x55aafddd0a90_944, v0x55aafddd0a90_945;
v0x55aafddd0a90_946 .array/port v0x55aafddd0a90, 946;
v0x55aafddd0a90_947 .array/port v0x55aafddd0a90, 947;
v0x55aafddd0a90_948 .array/port v0x55aafddd0a90, 948;
v0x55aafddd0a90_949 .array/port v0x55aafddd0a90, 949;
E_0x55aafddce7f0/237 .event edge, v0x55aafddd0a90_946, v0x55aafddd0a90_947, v0x55aafddd0a90_948, v0x55aafddd0a90_949;
v0x55aafddd0a90_950 .array/port v0x55aafddd0a90, 950;
v0x55aafddd0a90_951 .array/port v0x55aafddd0a90, 951;
v0x55aafddd0a90_952 .array/port v0x55aafddd0a90, 952;
v0x55aafddd0a90_953 .array/port v0x55aafddd0a90, 953;
E_0x55aafddce7f0/238 .event edge, v0x55aafddd0a90_950, v0x55aafddd0a90_951, v0x55aafddd0a90_952, v0x55aafddd0a90_953;
v0x55aafddd0a90_954 .array/port v0x55aafddd0a90, 954;
v0x55aafddd0a90_955 .array/port v0x55aafddd0a90, 955;
v0x55aafddd0a90_956 .array/port v0x55aafddd0a90, 956;
v0x55aafddd0a90_957 .array/port v0x55aafddd0a90, 957;
E_0x55aafddce7f0/239 .event edge, v0x55aafddd0a90_954, v0x55aafddd0a90_955, v0x55aafddd0a90_956, v0x55aafddd0a90_957;
v0x55aafddd0a90_958 .array/port v0x55aafddd0a90, 958;
v0x55aafddd0a90_959 .array/port v0x55aafddd0a90, 959;
v0x55aafddd0a90_960 .array/port v0x55aafddd0a90, 960;
v0x55aafddd0a90_961 .array/port v0x55aafddd0a90, 961;
E_0x55aafddce7f0/240 .event edge, v0x55aafddd0a90_958, v0x55aafddd0a90_959, v0x55aafddd0a90_960, v0x55aafddd0a90_961;
v0x55aafddd0a90_962 .array/port v0x55aafddd0a90, 962;
v0x55aafddd0a90_963 .array/port v0x55aafddd0a90, 963;
v0x55aafddd0a90_964 .array/port v0x55aafddd0a90, 964;
v0x55aafddd0a90_965 .array/port v0x55aafddd0a90, 965;
E_0x55aafddce7f0/241 .event edge, v0x55aafddd0a90_962, v0x55aafddd0a90_963, v0x55aafddd0a90_964, v0x55aafddd0a90_965;
v0x55aafddd0a90_966 .array/port v0x55aafddd0a90, 966;
v0x55aafddd0a90_967 .array/port v0x55aafddd0a90, 967;
v0x55aafddd0a90_968 .array/port v0x55aafddd0a90, 968;
v0x55aafddd0a90_969 .array/port v0x55aafddd0a90, 969;
E_0x55aafddce7f0/242 .event edge, v0x55aafddd0a90_966, v0x55aafddd0a90_967, v0x55aafddd0a90_968, v0x55aafddd0a90_969;
v0x55aafddd0a90_970 .array/port v0x55aafddd0a90, 970;
v0x55aafddd0a90_971 .array/port v0x55aafddd0a90, 971;
v0x55aafddd0a90_972 .array/port v0x55aafddd0a90, 972;
v0x55aafddd0a90_973 .array/port v0x55aafddd0a90, 973;
E_0x55aafddce7f0/243 .event edge, v0x55aafddd0a90_970, v0x55aafddd0a90_971, v0x55aafddd0a90_972, v0x55aafddd0a90_973;
v0x55aafddd0a90_974 .array/port v0x55aafddd0a90, 974;
v0x55aafddd0a90_975 .array/port v0x55aafddd0a90, 975;
v0x55aafddd0a90_976 .array/port v0x55aafddd0a90, 976;
v0x55aafddd0a90_977 .array/port v0x55aafddd0a90, 977;
E_0x55aafddce7f0/244 .event edge, v0x55aafddd0a90_974, v0x55aafddd0a90_975, v0x55aafddd0a90_976, v0x55aafddd0a90_977;
v0x55aafddd0a90_978 .array/port v0x55aafddd0a90, 978;
v0x55aafddd0a90_979 .array/port v0x55aafddd0a90, 979;
v0x55aafddd0a90_980 .array/port v0x55aafddd0a90, 980;
v0x55aafddd0a90_981 .array/port v0x55aafddd0a90, 981;
E_0x55aafddce7f0/245 .event edge, v0x55aafddd0a90_978, v0x55aafddd0a90_979, v0x55aafddd0a90_980, v0x55aafddd0a90_981;
v0x55aafddd0a90_982 .array/port v0x55aafddd0a90, 982;
v0x55aafddd0a90_983 .array/port v0x55aafddd0a90, 983;
v0x55aafddd0a90_984 .array/port v0x55aafddd0a90, 984;
v0x55aafddd0a90_985 .array/port v0x55aafddd0a90, 985;
E_0x55aafddce7f0/246 .event edge, v0x55aafddd0a90_982, v0x55aafddd0a90_983, v0x55aafddd0a90_984, v0x55aafddd0a90_985;
v0x55aafddd0a90_986 .array/port v0x55aafddd0a90, 986;
v0x55aafddd0a90_987 .array/port v0x55aafddd0a90, 987;
v0x55aafddd0a90_988 .array/port v0x55aafddd0a90, 988;
v0x55aafddd0a90_989 .array/port v0x55aafddd0a90, 989;
E_0x55aafddce7f0/247 .event edge, v0x55aafddd0a90_986, v0x55aafddd0a90_987, v0x55aafddd0a90_988, v0x55aafddd0a90_989;
v0x55aafddd0a90_990 .array/port v0x55aafddd0a90, 990;
v0x55aafddd0a90_991 .array/port v0x55aafddd0a90, 991;
v0x55aafddd0a90_992 .array/port v0x55aafddd0a90, 992;
v0x55aafddd0a90_993 .array/port v0x55aafddd0a90, 993;
E_0x55aafddce7f0/248 .event edge, v0x55aafddd0a90_990, v0x55aafddd0a90_991, v0x55aafddd0a90_992, v0x55aafddd0a90_993;
v0x55aafddd0a90_994 .array/port v0x55aafddd0a90, 994;
v0x55aafddd0a90_995 .array/port v0x55aafddd0a90, 995;
v0x55aafddd0a90_996 .array/port v0x55aafddd0a90, 996;
v0x55aafddd0a90_997 .array/port v0x55aafddd0a90, 997;
E_0x55aafddce7f0/249 .event edge, v0x55aafddd0a90_994, v0x55aafddd0a90_995, v0x55aafddd0a90_996, v0x55aafddd0a90_997;
v0x55aafddd0a90_998 .array/port v0x55aafddd0a90, 998;
v0x55aafddd0a90_999 .array/port v0x55aafddd0a90, 999;
v0x55aafddd0a90_1000 .array/port v0x55aafddd0a90, 1000;
v0x55aafddd0a90_1001 .array/port v0x55aafddd0a90, 1001;
E_0x55aafddce7f0/250 .event edge, v0x55aafddd0a90_998, v0x55aafddd0a90_999, v0x55aafddd0a90_1000, v0x55aafddd0a90_1001;
v0x55aafddd0a90_1002 .array/port v0x55aafddd0a90, 1002;
v0x55aafddd0a90_1003 .array/port v0x55aafddd0a90, 1003;
v0x55aafddd0a90_1004 .array/port v0x55aafddd0a90, 1004;
v0x55aafddd0a90_1005 .array/port v0x55aafddd0a90, 1005;
E_0x55aafddce7f0/251 .event edge, v0x55aafddd0a90_1002, v0x55aafddd0a90_1003, v0x55aafddd0a90_1004, v0x55aafddd0a90_1005;
v0x55aafddd0a90_1006 .array/port v0x55aafddd0a90, 1006;
v0x55aafddd0a90_1007 .array/port v0x55aafddd0a90, 1007;
v0x55aafddd0a90_1008 .array/port v0x55aafddd0a90, 1008;
v0x55aafddd0a90_1009 .array/port v0x55aafddd0a90, 1009;
E_0x55aafddce7f0/252 .event edge, v0x55aafddd0a90_1006, v0x55aafddd0a90_1007, v0x55aafddd0a90_1008, v0x55aafddd0a90_1009;
v0x55aafddd0a90_1010 .array/port v0x55aafddd0a90, 1010;
v0x55aafddd0a90_1011 .array/port v0x55aafddd0a90, 1011;
v0x55aafddd0a90_1012 .array/port v0x55aafddd0a90, 1012;
v0x55aafddd0a90_1013 .array/port v0x55aafddd0a90, 1013;
E_0x55aafddce7f0/253 .event edge, v0x55aafddd0a90_1010, v0x55aafddd0a90_1011, v0x55aafddd0a90_1012, v0x55aafddd0a90_1013;
v0x55aafddd0a90_1014 .array/port v0x55aafddd0a90, 1014;
v0x55aafddd0a90_1015 .array/port v0x55aafddd0a90, 1015;
v0x55aafddd0a90_1016 .array/port v0x55aafddd0a90, 1016;
v0x55aafddd0a90_1017 .array/port v0x55aafddd0a90, 1017;
E_0x55aafddce7f0/254 .event edge, v0x55aafddd0a90_1014, v0x55aafddd0a90_1015, v0x55aafddd0a90_1016, v0x55aafddd0a90_1017;
v0x55aafddd0a90_1018 .array/port v0x55aafddd0a90, 1018;
v0x55aafddd0a90_1019 .array/port v0x55aafddd0a90, 1019;
v0x55aafddd0a90_1020 .array/port v0x55aafddd0a90, 1020;
v0x55aafddd0a90_1021 .array/port v0x55aafddd0a90, 1021;
E_0x55aafddce7f0/255 .event edge, v0x55aafddd0a90_1018, v0x55aafddd0a90_1019, v0x55aafddd0a90_1020, v0x55aafddd0a90_1021;
v0x55aafddd0a90_1022 .array/port v0x55aafddd0a90, 1022;
v0x55aafddd0a90_1023 .array/port v0x55aafddd0a90, 1023;
E_0x55aafddce7f0/256 .event edge, v0x55aafddd0a90_1022, v0x55aafddd0a90_1023;
E_0x55aafddce7f0 .event/or E_0x55aafddce7f0/0, E_0x55aafddce7f0/1, E_0x55aafddce7f0/2, E_0x55aafddce7f0/3, E_0x55aafddce7f0/4, E_0x55aafddce7f0/5, E_0x55aafddce7f0/6, E_0x55aafddce7f0/7, E_0x55aafddce7f0/8, E_0x55aafddce7f0/9, E_0x55aafddce7f0/10, E_0x55aafddce7f0/11, E_0x55aafddce7f0/12, E_0x55aafddce7f0/13, E_0x55aafddce7f0/14, E_0x55aafddce7f0/15, E_0x55aafddce7f0/16, E_0x55aafddce7f0/17, E_0x55aafddce7f0/18, E_0x55aafddce7f0/19, E_0x55aafddce7f0/20, E_0x55aafddce7f0/21, E_0x55aafddce7f0/22, E_0x55aafddce7f0/23, E_0x55aafddce7f0/24, E_0x55aafddce7f0/25, E_0x55aafddce7f0/26, E_0x55aafddce7f0/27, E_0x55aafddce7f0/28, E_0x55aafddce7f0/29, E_0x55aafddce7f0/30, E_0x55aafddce7f0/31, E_0x55aafddce7f0/32, E_0x55aafddce7f0/33, E_0x55aafddce7f0/34, E_0x55aafddce7f0/35, E_0x55aafddce7f0/36, E_0x55aafddce7f0/37, E_0x55aafddce7f0/38, E_0x55aafddce7f0/39, E_0x55aafddce7f0/40, E_0x55aafddce7f0/41, E_0x55aafddce7f0/42, E_0x55aafddce7f0/43, E_0x55aafddce7f0/44, E_0x55aafddce7f0/45, E_0x55aafddce7f0/46, E_0x55aafddce7f0/47, E_0x55aafddce7f0/48, E_0x55aafddce7f0/49, E_0x55aafddce7f0/50, E_0x55aafddce7f0/51, E_0x55aafddce7f0/52, E_0x55aafddce7f0/53, E_0x55aafddce7f0/54, E_0x55aafddce7f0/55, E_0x55aafddce7f0/56, E_0x55aafddce7f0/57, E_0x55aafddce7f0/58, E_0x55aafddce7f0/59, E_0x55aafddce7f0/60, E_0x55aafddce7f0/61, E_0x55aafddce7f0/62, E_0x55aafddce7f0/63, E_0x55aafddce7f0/64, E_0x55aafddce7f0/65, E_0x55aafddce7f0/66, E_0x55aafddce7f0/67, E_0x55aafddce7f0/68, E_0x55aafddce7f0/69, E_0x55aafddce7f0/70, E_0x55aafddce7f0/71, E_0x55aafddce7f0/72, E_0x55aafddce7f0/73, E_0x55aafddce7f0/74, E_0x55aafddce7f0/75, E_0x55aafddce7f0/76, E_0x55aafddce7f0/77, E_0x55aafddce7f0/78, E_0x55aafddce7f0/79, E_0x55aafddce7f0/80, E_0x55aafddce7f0/81, E_0x55aafddce7f0/82, E_0x55aafddce7f0/83, E_0x55aafddce7f0/84, E_0x55aafddce7f0/85, E_0x55aafddce7f0/86, E_0x55aafddce7f0/87, E_0x55aafddce7f0/88, E_0x55aafddce7f0/89, E_0x55aafddce7f0/90, E_0x55aafddce7f0/91, E_0x55aafddce7f0/92, E_0x55aafddce7f0/93, E_0x55aafddce7f0/94, E_0x55aafddce7f0/95, E_0x55aafddce7f0/96, E_0x55aafddce7f0/97, E_0x55aafddce7f0/98, E_0x55aafddce7f0/99, E_0x55aafddce7f0/100, E_0x55aafddce7f0/101, E_0x55aafddce7f0/102, E_0x55aafddce7f0/103, E_0x55aafddce7f0/104, E_0x55aafddce7f0/105, E_0x55aafddce7f0/106, E_0x55aafddce7f0/107, E_0x55aafddce7f0/108, E_0x55aafddce7f0/109, E_0x55aafddce7f0/110, E_0x55aafddce7f0/111, E_0x55aafddce7f0/112, E_0x55aafddce7f0/113, E_0x55aafddce7f0/114, E_0x55aafddce7f0/115, E_0x55aafddce7f0/116, E_0x55aafddce7f0/117, E_0x55aafddce7f0/118, E_0x55aafddce7f0/119, E_0x55aafddce7f0/120, E_0x55aafddce7f0/121, E_0x55aafddce7f0/122, E_0x55aafddce7f0/123, E_0x55aafddce7f0/124, E_0x55aafddce7f0/125, E_0x55aafddce7f0/126, E_0x55aafddce7f0/127, E_0x55aafddce7f0/128, E_0x55aafddce7f0/129, E_0x55aafddce7f0/130, E_0x55aafddce7f0/131, E_0x55aafddce7f0/132, E_0x55aafddce7f0/133, E_0x55aafddce7f0/134, E_0x55aafddce7f0/135, E_0x55aafddce7f0/136, E_0x55aafddce7f0/137, E_0x55aafddce7f0/138, E_0x55aafddce7f0/139, E_0x55aafddce7f0/140, E_0x55aafddce7f0/141, E_0x55aafddce7f0/142, E_0x55aafddce7f0/143, E_0x55aafddce7f0/144, E_0x55aafddce7f0/145, E_0x55aafddce7f0/146, E_0x55aafddce7f0/147, E_0x55aafddce7f0/148, E_0x55aafddce7f0/149, E_0x55aafddce7f0/150, E_0x55aafddce7f0/151, E_0x55aafddce7f0/152, E_0x55aafddce7f0/153, E_0x55aafddce7f0/154, E_0x55aafddce7f0/155, E_0x55aafddce7f0/156, E_0x55aafddce7f0/157, E_0x55aafddce7f0/158, E_0x55aafddce7f0/159, E_0x55aafddce7f0/160, E_0x55aafddce7f0/161, E_0x55aafddce7f0/162, E_0x55aafddce7f0/163, E_0x55aafddce7f0/164, E_0x55aafddce7f0/165, E_0x55aafddce7f0/166, E_0x55aafddce7f0/167, E_0x55aafddce7f0/168, E_0x55aafddce7f0/169, E_0x55aafddce7f0/170, E_0x55aafddce7f0/171, E_0x55aafddce7f0/172, E_0x55aafddce7f0/173, E_0x55aafddce7f0/174, E_0x55aafddce7f0/175, E_0x55aafddce7f0/176, E_0x55aafddce7f0/177, E_0x55aafddce7f0/178, E_0x55aafddce7f0/179, E_0x55aafddce7f0/180, E_0x55aafddce7f0/181, E_0x55aafddce7f0/182, E_0x55aafddce7f0/183, E_0x55aafddce7f0/184, E_0x55aafddce7f0/185, E_0x55aafddce7f0/186, E_0x55aafddce7f0/187, E_0x55aafddce7f0/188, E_0x55aafddce7f0/189, E_0x55aafddce7f0/190, E_0x55aafddce7f0/191, E_0x55aafddce7f0/192, E_0x55aafddce7f0/193, E_0x55aafddce7f0/194, E_0x55aafddce7f0/195, E_0x55aafddce7f0/196, E_0x55aafddce7f0/197, E_0x55aafddce7f0/198, E_0x55aafddce7f0/199, E_0x55aafddce7f0/200, E_0x55aafddce7f0/201, E_0x55aafddce7f0/202, E_0x55aafddce7f0/203, E_0x55aafddce7f0/204, E_0x55aafddce7f0/205, E_0x55aafddce7f0/206, E_0x55aafddce7f0/207, E_0x55aafddce7f0/208, E_0x55aafddce7f0/209, E_0x55aafddce7f0/210, E_0x55aafddce7f0/211, E_0x55aafddce7f0/212, E_0x55aafddce7f0/213, E_0x55aafddce7f0/214, E_0x55aafddce7f0/215, E_0x55aafddce7f0/216, E_0x55aafddce7f0/217, E_0x55aafddce7f0/218, E_0x55aafddce7f0/219, E_0x55aafddce7f0/220, E_0x55aafddce7f0/221, E_0x55aafddce7f0/222, E_0x55aafddce7f0/223, E_0x55aafddce7f0/224, E_0x55aafddce7f0/225, E_0x55aafddce7f0/226, E_0x55aafddce7f0/227, E_0x55aafddce7f0/228, E_0x55aafddce7f0/229, E_0x55aafddce7f0/230, E_0x55aafddce7f0/231, E_0x55aafddce7f0/232, E_0x55aafddce7f0/233, E_0x55aafddce7f0/234, E_0x55aafddce7f0/235, E_0x55aafddce7f0/236, E_0x55aafddce7f0/237, E_0x55aafddce7f0/238, E_0x55aafddce7f0/239, E_0x55aafddce7f0/240, E_0x55aafddce7f0/241, E_0x55aafddce7f0/242, E_0x55aafddce7f0/243, E_0x55aafddce7f0/244, E_0x55aafddce7f0/245, E_0x55aafddce7f0/246, E_0x55aafddce7f0/247, E_0x55aafddce7f0/248, E_0x55aafddce7f0/249, E_0x55aafddce7f0/250, E_0x55aafddce7f0/251, E_0x55aafddce7f0/252, E_0x55aafddce7f0/253, E_0x55aafddce7f0/254, E_0x55aafddce7f0/255, E_0x55aafddce7f0/256;
E_0x55aafddd0870 .event posedge, v0x55aafddd09d0_0;
S_0x55aafdddb000 .scope module, "ex_mem_inst" "ex_mem" 6 175, 8 2 0, S_0x55aafddce1d0;
 .timescale -9 -12;
    .port_info 0 /INPUT 1 "clk";
    .port_info 1 /INPUT 1 "rst";
    .port_info 2 /INPUT 32 "alu_in";
    .port_info 3 /INPUT 32 "rs2_data_in";
    .port_info 4 /INPUT 5 "rd_in";
    .port_info 5 /INPUT 1 "mem_read_in";
    .port_info 6 /INPUT 1 "mem_write_in";
    .port_info 7 /INPUT 1 "mem_to_reg_in";
    .port_info 8 /INPUT 1 "reg_write_in";
    .port_info 9 /OUTPUT 32 "alu_out";
    .port_info 10 /OUTPUT 32 "rs2_data_out";
    .port_info 11 /OUTPUT 5 "rd_out";
    .port_info 12 /OUTPUT 1 "mem_read_out";
    .port_info 13 /OUTPUT 1 "mem_write_out";
    .port_info 14 /OUTPUT 1 "mem_to_reg_out";
    .port_info 15 /OUTPUT 1 "reg_write_out";
v0x55aafdddb3b0_0 .net "alu_in", 31 0, L_0x55aafddfae00;  alias, 1 drivers
v0x55aafdddb4b0_0 .var "alu_out", 31 0;
v0x55aafdddb570_0 .net "clk", 0 0, v0x55aafdde7ea0_0;  alias, 1 drivers
v0x55aafdddb670_0 .net "mem_read_in", 0 0, v0x55aafdddccf0_0;  alias, 1 drivers
v0x55aafdddb710_0 .var "mem_read_out", 0 0;
v0x55aafdddb800_0 .net "mem_to_reg_in", 0 0, v0x55aafdddce30_0;  alias, 1 drivers
v0x55aafdddb8a0_0 .var "mem_to_reg_out", 0 0;
v0x55aafdddb960_0 .net "mem_write_in", 0 0, v0x55aafdddcf70_0;  alias, 1 drivers
v0x55aafdddba20_0 .var "mem_write_out", 0 0;
v0x55aafdddbae0_0 .net "rd_in", 4 0, v0x55aafdddd480_0;  alias, 1 drivers
v0x55aafdddbbc0_0 .var "rd_out", 4 0;
v0x55aafdddbca0_0 .net "reg_write_in", 0 0, v0x55aafdddd610_0;  alias, 1 drivers
v0x55aafdddbd60_0 .var "reg_write_out", 0 0;
v0x55aafdddbe20_0 .net "rs2_data_in", 31 0, v0x55aafddddce0_0;  alias, 1 drivers
v0x55aafdddbf00_0 .var "rs2_data_out", 31 0;
v0x55aafdddbfc0_0 .net "rst", 0 0, v0x55aafdde8160_0;  alias, 1 drivers
E_0x55aafddc26b0 .event posedge, v0x55aafdddbfc0_0, v0x55aafddd09d0_0;
S_0x55aafdddc260 .scope module, "id_ex_inst" "id_ex" 6 120, 9 1 0, S_0x55aafddce1d0;
 .timescale -9 -12;
    .port_info 0 /INPUT 1 "clk";
    .port_info 1 /INPUT 1 "rst";
    .port_info 2 /INPUT 1 "flush";
    .port_info 3 /INPUT 32 "pc_in";
    .port_info 4 /INPUT 32 "rs1_data_in";
    .port_info 5 /INPUT 32 "rs2_data_in";
    .port_info 6 /INPUT 32 "imm_in";
    .port_info 7 /INPUT 5 "rs1_in";
    .port_info 8 /INPUT 5 "rs2_in";
    .port_info 9 /INPUT 5 "rd_in";
    .port_info 10 /INPUT 7 "opcode_in";
    .port_info 11 /INPUT 1 "alu_src_in";
    .port_info 12 /INPUT 1 "mem_read_in";
    .port_info 13 /INPUT 1 "mem_write_in";
    .port_info 14 /INPUT 1 "mem_to_reg_in";
    .port_info 15 /INPUT 1 "reg_write_in";
    .port_info 16 /OUTPUT 32 "pc_out";
    .port_info 17 /OUTPUT 32 "rs1_out";
    .port_info 18 /OUTPUT 32 "rs2_out";
    .port_info 19 /OUTPUT 32 "imm_out";
    .port_info 20 /OUTPUT 5 "rs1_addr_out";
    .port_info 21 /OUTPUT 5 "rs2_addr_out";
    .port_info 22 /OUTPUT 5 "rd_out";
    .port_info 23 /OUTPUT 7 "opcode_out";
    .port_info 24 /OUTPUT 1 "alu_src_out";
    .port_info 25 /OUTPUT 1 "mem_read_out";
    .port_info 26 /OUTPUT 1 "mem_write_out";
    .port_info 27 /OUTPUT 1 "mem_to_reg_out";
    .port_info 28 /OUTPUT 1 "reg_write_out";
v0x55aafdddc6e0_0 .net "alu_src_in", 0 0, L_0x55aafddfa6e0;  alias, 1 drivers
v0x55aafdddc7a0_0 .var "alu_src_out", 0 0;
v0x55aafdddc860_0 .net "clk", 0 0, v0x55aafdde7ea0_0;  alias, 1 drivers
L_0x79890a156450 .functor BUFT 1, C4<0>, C4<0>, C4<0>, C4<0>;
v0x55aafdddc980_0 .net "flush", 0 0, L_0x79890a156450;  1 drivers
v0x55aafdddca20_0 .net "imm_in", 31 0, v0x55aafdddef90_0;  alias, 1 drivers
v0x55aafdddcb50_0 .var "imm_out", 31 0;
v0x55aafdddcc30_0 .net "mem_read_in", 0 0, L_0x55aafddf9960;  alias, 1 drivers
v0x55aafdddccf0_0 .var "mem_read_out", 0 0;
v0x55aafdddcd90_0 .net "mem_to_reg_in", 0 0, L_0x55aafddfa530;  alias, 1 drivers
v0x55aafdddce30_0 .var "mem_to_reg_out", 0 0;
v0x55aafdddced0_0 .net "mem_write_in", 0 0, L_0x55aafddf9ae0;  alias, 1 drivers
v0x55aafdddcf70_0 .var "mem_write_out", 0 0;
v0x55aafdddd040_0 .net "opcode_in", 6 0, L_0x55aafdde85b0;  alias, 1 drivers
v0x55aafdddd100_0 .var "opcode_out", 6 0;
v0x55aafdddd1e0_0 .net "pc_in", 31 0, v0x55aafddde9f0_0;  alias, 1 drivers
v0x55aafdddd2c0_0 .var "pc_out", 31 0;
v0x55aafdddd3a0_0 .net "rd_in", 4 0, L_0x55aafdde88a0;  alias, 1 drivers
v0x55aafdddd480_0 .var "rd_out", 4 0;
v0x55aafdddd570_0 .net "reg_write_in", 0 0, L_0x55aafddfa390;  alias, 1 drivers
v0x55aafdddd610_0 .var "reg_write_out", 0 0;
v0x55aafdddd6e0_0 .var "rs1_addr_out", 4 0;
v0x55aafdddd7a0_0 .net "rs1_data_in", 31 0, L_0x55aafddf8d20;  alias, 1 drivers
v0x55aafdddd880_0 .net "rs1_in", 4 0, L_0x55aafdde8730;  alias, 1 drivers
v0x55aafdddd960_0 .var "rs1_out", 31 0;
v0x55aafdddda40_0 .var "rs2_addr_out", 4 0;
v0x55aafddddb20_0 .net "rs2_data_in", 31 0, L_0x55aafddf9280;  alias, 1 drivers
v0x55aafddddc00_0 .net "rs2_in", 4 0, L_0x55aafdde87d0;  alias, 1 drivers
v0x55aafddddce0_0 .var "rs2_out", 31 0;
v0x55aafdddddd0_0 .net "rst", 0 0, v0x55aafdde8160_0;  alias, 1 drivers
S_0x55aafddde200 .scope module, "if_id_inst" "if_id" 6 46, 10 2 0, S_0x55aafddce1d0;
 .timescale -9 -12;
    .port_info 0 /INPUT 1 "clk";
    .port_info 1 /INPUT 1 "rst";
    .port_info 2 /INPUT 1 "enable";
    .port_info 3 /INPUT 1 "flush";
    .port_info 4 /INPUT 32 "pc_in";
    .port_info 5 /INPUT 32 "instr_in";
    .port_info 6 /OUTPUT 32 "pc_out";
    .port_info 7 /OUTPUT 32 "instr_out";
v0x55aafddde4b0_0 .net "clk", 0 0, v0x55aafdde7ea0_0;  alias, 1 drivers
v0x55aafddde570_0 .net "enable", 0 0, L_0x55aafdde8450;  1 drivers
L_0x79890a156018 .functor BUFT 1, C4<0>, C4<0>, C4<0>, C4<0>;
v0x55aafddde630_0 .net "flush", 0 0, L_0x79890a156018;  1 drivers
v0x55aafddde700_0 .net "instr_in", 31 0, L_0x55aafddc2850;  alias, 1 drivers
v0x55aafddde7e0_0 .var "instr_out", 31 0;
v0x55aafddde910_0 .net "pc_in", 31 0, v0x55aafdde7810_0;  1 drivers
v0x55aafddde9f0_0 .var "pc_out", 31 0;
v0x55aafdddeab0_0 .net "rst", 0 0, v0x55aafdde8160_0;  alias, 1 drivers
S_0x55aafdddecd0 .scope module, "imm_gen" "immediate_gen" 6 94, 11 1 0, S_0x55aafddce1d0;
 .timescale -9 -12;
    .port_info 0 /INPUT 32 "instr";
    .port_info 1 /OUTPUT 32 "imm_out";
v0x55aafdddef90_0 .var "imm_out", 31 0;
v0x55aafdddf070_0 .net "instr", 31 0, v0x55aafddde7e0_0;  alias, 1 drivers
v0x55aafdddf110_0 .net "opcode", 6 0, L_0x55aafddf97b0;  1 drivers
E_0x55aafdddef10 .event edge, v0x55aafdddf110_0, v0x55aafddde7e0_0;
L_0x55aafddf97b0 .part v0x55aafddde7e0_0, 0, 7;
S_0x55aafdddf240 .scope module, "instr_mem_inst" "instr_mem" 6 38, 12 1 0, S_0x55aafddce1d0;
 .timescale -9 -12;
    .port_info 0 /INPUT 32 "addr";
    .port_info 1 /OUTPUT 32 "instr";
L_0x55aafddc2850 .functor BUFZ 32, L_0x55aafdde8260, C4<00000000000000000000000000000000>, C4<00000000000000000000000000000000>, C4<00000000000000000000000000000000>;
v0x55aafdddf460_0 .net *"_ivl_0", 31 0, L_0x55aafdde8260;  1 drivers
v0x55aafdddf560_0 .net *"_ivl_3", 29 0, L_0x55aafdde8360;  1 drivers
v0x55aafdddf640_0 .net "addr", 31 0, v0x55aafdde7810_0;  alias, 1 drivers
v0x55aafdddf740_0 .net "instr", 31 0, L_0x55aafddc2850;  alias, 1 drivers
v0x55aafdddf810 .array "mem", 1023 0, 31 0;
L_0x55aafdde8260 .array/port v0x55aafdddf810, L_0x55aafdde8360;
L_0x55aafdde8360 .part v0x55aafdde7810_0, 2, 30;
S_0x55aafdddf960 .scope module, "mem_wb_inst" "mem_wb" 6 238, 13 2 0, S_0x55aafddce1d0;
 .timescale -9 -12;
    .port_info 0 /INPUT 1 "clk";
    .port_info 1 /INPUT 1 "rst";
    .port_info 2 /INPUT 1 "enable";
    .port_info 3 /INPUT 32 "mem_data_in";
    .port_info 4 /INPUT 32 "alu_result_in";
    .port_info 5 /INPUT 5 "rd_in";
    .port_info 6 /INPUT 1 "mem_to_reg_in";
    .port_info 7 /INPUT 1 "reg_write_in";
    .port_info 8 /OUTPUT 32 "mem_data_out";
    .port_info 9 /OUTPUT 32 "alu_result_out";
    .port_info 10 /OUTPUT 5 "rd_out";
    .port_info 11 /OUTPUT 1 "mem_to_reg_out";
    .port_info 12 /OUTPUT 1 "reg_write_out";
v0x55aafdddfc80_0 .net "alu_result_in", 31 0, v0x55aafdddb4b0_0;  alias, 1 drivers
v0x55aafdddfd90_0 .var "alu_result_out", 31 0;
v0x55aafdddfe70_0 .net "clk", 0 0, v0x55aafdde7ea0_0;  alias, 1 drivers
v0x55aafdddff10_0 .net "enable", 0 0, L_0x55aafddfba40;  1 drivers
v0x55aafdddffb0_0 .net "mem_data_in", 31 0, L_0x55aafddfb6d0;  alias, 1 drivers
v0x55aafdde0090_0 .var "mem_data_out", 31 0;
v0x55aafdde0170_0 .net "mem_to_reg_in", 0 0, v0x55aafdddb8a0_0;  alias, 1 drivers
v0x55aafdde0210_0 .var "mem_to_reg_out", 0 0;
v0x55aafdde02b0_0 .net "rd_in", 4 0, v0x55aafdddbbc0_0;  alias, 1 drivers
v0x55aafdde0400_0 .var "rd_out", 4 0;
v0x55aafdde04c0_0 .net "reg_write_in", 0 0, v0x55aafdddbd60_0;  alias, 1 drivers
v0x55aafdde0590_0 .var "reg_write_out", 0 0;
v0x55aafdde0630_0 .net "rst", 0 0, v0x55aafdde8160_0;  alias, 1 drivers
S_0x55aafdde0870 .scope module, "mmul_inst" "mmul_mem" 6 215, 14 3 0, S_0x55aafddce1d0;
 .timescale -9 -12;
    .port_info 0 /INPUT 1 "clk";
    .port_info 1 /INPUT 1 "rst";
    .port_info 2 /INPUT 32 "addr";
    .port_info 3 /INPUT 32 "wdata";
    .port_info 4 /INPUT 1 "we";
    .port_info 5 /OUTPUT 1 "mmul_busy";
    .port_info 6 /OUTPUT 1 "mmul_done";
v0x55aafdde0a40 .array/i "A", 63 0, 31 0;
v0x55aafdde0b20 .array/i "B", 63 0, 31 0;
v0x55aafdde0be0 .array/i "C", 63 0, 31 0;
v0x55aafdde0cb0_0 .net "addr", 31 0, v0x55aafdddb4b0_0;  alias, 1 drivers
v0x55aafdde0d70_0 .var/i "c", 31 0;
v0x55aafdde0ea0_0 .net "clk", 0 0, v0x55aafdde7ea0_0;  alias, 1 drivers
v0x55aafdde0f40_0 .var "finish_pending", 0 0;
v0x55aafdde1000_0 .var "i", 2 0;
v0x55aafdde10e0_0 .var "j", 2 0;
v0x55aafdde1250_0 .var "k", 2 0;
v0x55aafdde1330_0 .var "mmul_busy", 0 0;
v0x55aafdde13f0_0 .var "mmul_done", 0 0;
v0x55aafdde14b0_0 .var/i "r", 31 0;
v0x55aafdde1590_0 .net "rst", 0 0, v0x55aafdde8160_0;  alias, 1 drivers
v0x55aafdde16c0_0 .net "wdata", 31 0, v0x55aafdddbf00_0;  alias, 1 drivers
v0x55aafdde1780_0 .net "we", 0 0, L_0x55aafddfb740;  1 drivers
S_0x55aafdde1960 .scope module, "rf" "register_file" 6 73, 15 2 0, S_0x55aafddce1d0;
 .timescale -9 -12;
    .port_info 0 /INPUT 1 "clk";
    .port_info 1 /INPUT 1 "rst";
    .port_info 2 /INPUT 1 "we_en";
    .port_info 3 /INPUT 5 "we_addr";
    .port_info 4 /INPUT 32 "we_data";
    .port_info 5 /INPUT 5 "rs1_addr";
    .port_info 6 /INPUT 5 "rs2_addr";
    .port_info 7 /OUTPUT 32 "rs1_data";
    .port_info 8 /OUTPUT 32 "rs2_data";
    .port_info 9 /OUTPUT 32 "dbg_r1";
    .port_info 10 /OUTPUT 32 "dbg_r2";
    .port_info 11 /OUTPUT 32 "dbg_r3";
    .port_info 12 /OUTPUT 32 "dbg_r4";
    .port_info 13 /OUTPUT 32 "dbg_r5";
v0x55aafdde2d90_1 .array/port v0x55aafdde2d90, 1;
L_0x55aafddf9460 .functor BUFZ 32, v0x55aafdde2d90_1, C4<00000000000000000000000000000000>, C4<00000000000000000000000000000000>, C4<00000000000000000000000000000000>;
v0x55aafdde2d90_2 .array/port v0x55aafdde2d90, 2;
L_0x55aafddf9520 .functor BUFZ 32, v0x55aafdde2d90_2, C4<00000000000000000000000000000000>, C4<00000000000000000000000000000000>, C4<00000000000000000000000000000000>;
v0x55aafdde2d90_3 .array/port v0x55aafdde2d90, 3;
L_0x55aafddf95e0 .functor BUFZ 32, v0x55aafdde2d90_3, C4<00000000000000000000000000000000>, C4<00000000000000000000000000000000>, C4<00000000000000000000000000000000>;
v0x55aafdde2d90_4 .array/port v0x55aafdde2d90, 4;
L_0x55aafddf96a0 .functor BUFZ 32, v0x55aafdde2d90_4, C4<00000000000000000000000000000000>, C4<00000000000000000000000000000000>, C4<00000000000000000000000000000000>;
v0x55aafdde2d90_5 .array/port v0x55aafdde2d90, 5;
L_0x55aafddf9740 .functor BUFZ 32, v0x55aafdde2d90_5, C4<00000000000000000000000000000000>, C4<00000000000000000000000000000000>, C4<00000000000000000000000000000000>;
L_0x79890a156060 .functor BUFT 1, C4<00000>, C4<0>, C4<0>, C4<0>;
v0x55aafdde1ce0_0 .net/2u *"_ivl_0", 4 0, L_0x79890a156060;  1 drivers
L_0x79890a1560f0 .functor BUFT 1, C4<00>, C4<0>, C4<0>, C4<0>;
v0x55aafdde1de0_0 .net *"_ivl_11", 1 0, L_0x79890a1560f0;  1 drivers
L_0x79890a156138 .functor BUFT 1, C4<00000>, C4<0>, C4<0>, C4<0>;
v0x55aafdde1ec0_0 .net/2u *"_ivl_14", 4 0, L_0x79890a156138;  1 drivers
v0x55aafdde1f80_0 .net *"_ivl_16", 0 0, L_0x55aafddf8f30;  1 drivers
L_0x79890a156180 .functor BUFT 1, C4<00000000000000000000000000000000>, C4<0>, C4<0>, C4<0>;
v0x55aafdde2040_0 .net/2u *"_ivl_18", 31 0, L_0x79890a156180;  1 drivers
v0x55aafdde2120_0 .net *"_ivl_2", 0 0, L_0x55aafdde8940;  1 drivers
v0x55aafdde21e0_0 .net *"_ivl_20", 31 0, L_0x55aafddf9060;  1 drivers
v0x55aafdde22c0_0 .net *"_ivl_22", 6 0, L_0x55aafddf9140;  1 drivers
L_0x79890a1561c8 .functor BUFT 1, C4<00>, C4<0>, C4<0>, C4<0>;
v0x55aafdde23a0_0 .net *"_ivl_25", 1 0, L_0x79890a1561c8;  1 drivers
L_0x79890a1560a8 .functor BUFT 1, C4<00000000000000000000000000000000>, C4<0>, C4<0>, C4<0>;
v0x55aafdde2510_0 .net/2u *"_ivl_4", 31 0, L_0x79890a1560a8;  1 drivers
v0x55aafdde25f0_0 .net *"_ivl_6", 31 0, L_0x55aafddf8ae0;  1 drivers
v0x55aafdde26d0_0 .net *"_ivl_8", 6 0, L_0x55aafddf8be0;  1 drivers
v0x55aafdde27b0_0 .net "clk", 0 0, v0x55aafdde7ea0_0;  alias, 1 drivers
v0x55aafdde2850_0 .net "dbg_r1", 31 0, L_0x55aafddf9460;  alias, 1 drivers
v0x55aafdde2930_0 .net "dbg_r2", 31 0, L_0x55aafddf9520;  alias, 1 drivers
v0x55aafdde2a10_0 .net "dbg_r3", 31 0, L_0x55aafddf95e0;  alias, 1 drivers
v0x55aafdde2af0_0 .net "dbg_r4", 31 0, L_0x55aafddf96a0;  1 drivers
v0x55aafdde2bd0_0 .net "dbg_r5", 31 0, L_0x55aafddf9740;  1 drivers
v0x55aafdde2cb0_0 .var/i "i", 31 0;
v0x55aafdde2d90 .array "regs", 31 0, 31 0;
v0x55aafdde3360_0 .net "rs1_addr", 4 0, L_0x55aafdde8730;  alias, 1 drivers
v0x55aafdde3420_0 .net "rs1_data", 31 0, L_0x55aafddf8d20;  alias, 1 drivers
v0x55aafdde34c0_0 .net "rs2_addr", 4 0, L_0x55aafdde87d0;  alias, 1 drivers
v0x55aafdde3590_0 .net "rs2_data", 31 0, L_0x55aafddf9280;  alias, 1 drivers
v0x55aafdde3660_0 .net "rst", 0 0, v0x55aafdde8160_0;  alias, 1 drivers
v0x55aafdde3700_0 .net "we_addr", 4 0, L_0x55aafddfbca0;  alias, 1 drivers
v0x55aafdde37c0_0 .net "we_data", 31 0, L_0x55aafddfb080;  alias, 1 drivers
v0x55aafdde38a0_0 .net "we_en", 0 0, L_0x55aafddfbb90;  alias, 1 drivers
L_0x55aafdde8940 .cmp/eq 5, L_0x55aafdde8730, L_0x79890a156060;
L_0x55aafddf8ae0 .array/port v0x55aafdde2d90, L_0x55aafddf8be0;
L_0x55aafddf8be0 .concat [ 5 2 0 0], L_0x55aafdde8730, L_0x79890a1560f0;
L_0x55aafddf8d20 .functor MUXZ 32, L_0x55aafddf8ae0, L_0x79890a1560a8, L_0x55aafdde8940, C4<>;
L_0x55aafddf8f30 .cmp/eq 5, L_0x55aafdde87d0, L_0x79890a156138;
L_0x55aafddf9060 .array/port v0x55aafdde2d90, L_0x55aafddf9140;
L_0x55aafddf9140 .concat [ 5 2 0 0], L_0x55aafdde87d0, L_0x79890a1561c8;
L_0x55aafddf9280 .functor MUXZ 32, L_0x55aafddf9060, L_0x79890a156180, L_0x55aafddf8f30, C4<>;
    .scope S_0x55aafddbad80;
T_0 ;
    %wait E_0x55aafdcbb860;
    %load/vec4 v0x55aafddbbf80_0;
    %dup/vec4;
    %pushi/vec4 0, 0, 4;
    %cmp/u;
    %jmp/1 T_0.0, 6;
    %dup/vec4;
    %pushi/vec4 1, 0, 4;
    %cmp/u;
    %jmp/1 T_0.1, 6;
    %dup/vec4;
    %pushi/vec4 2, 0, 4;
    %cmp/u;
    %jmp/1 T_0.2, 6;
    %dup/vec4;
    %pushi/vec4 3, 0, 4;
    %cmp/u;
    %jmp/1 T_0.3, 6;
    %pushi/vec4 0, 0, 32;
    %store/vec4 v0x55aafdd62a10_0, 0, 32;
    %jmp T_0.5;
T_0.0 ;
    %load/vec4 v0x55aafddba030_0;
    %load/vec4 v0x55aafddbc020_0;
    %add;
    %store/vec4 v0x55aafdd62a10_0, 0, 32;
    %jmp T_0.5;
T_0.1 ;
    %load/vec4 v0x55aafddba030_0;
    %load/vec4 v0x55aafddbc020_0;
    %sub;
    %store/vec4 v0x55aafdd62a10_0, 0, 32;
    %jmp T_0.5;
T_0.2 ;
    %load/vec4 v0x55aafddba030_0;
    %load/vec4 v0x55aafddbc020_0;
    %and;
    %store/vec4 v0x55aafdd62a10_0, 0, 32;
    %jmp T_0.5;
T_0.3 ;
    %load/vec4 v0x55aafddba030_0;
    %load/vec4 v0x55aafddbc020_0;
    %or;
    %store/vec4 v0x55aafdd62a10_0, 0, 32;
    %jmp T_0.5;
T_0.5 ;
    %pop/vec4 1;
    %jmp T_0;
    .thread T_0, $push;
    .scope S_0x55aafdd5e2d0;
T_1 ;
    %wait E_0x55aafdcf4770;
    %load/vec4 v0x55aafddcdfc0_0;
    %cmpi/e 51, 0, 7;
    %jmp/0xz  T_1.0, 4;
    %load/vec4 v0x55aafdd75310_0;
    %pushi/vec4 0, 0, 3;
    %cmp/e;
    %flag_get/vec4 4;
    %load/vec4 v0x55aafdd753e0_0;
    %pushi/vec4 0, 0, 7;
    %cmp/e;
    %flag_get/vec4 4;
    %and;
    %flag_set/vec4 8;
    %jmp/0xz  T_1.2, 8;
    %pushi/vec4 0, 0, 4;
    %store/vec4 v0x55aafdd62ab0_0, 0, 4;
    %jmp T_1.3;
T_1.2 ;
    %load/vec4 v0x55aafdd75310_0;
    %pushi/vec4 0, 0, 3;
    %cmp/e;
    %flag_get/vec4 4;
    %load/vec4 v0x55aafdd753e0_0;
    %pushi/vec4 32, 0, 7;
    %cmp/e;
    %flag_get/vec4 4;
    %and;
    %flag_set/vec4 8;
    %jmp/0xz  T_1.4, 8;
    %pushi/vec4 1, 0, 4;
    %store/vec4 v0x55aafdd62ab0_0, 0, 4;
    %jmp T_1.5;
T_1.4 ;
    %pushi/vec4 0, 0, 4;
    %store/vec4 v0x55aafdd62ab0_0, 0, 4;
T_1.5 ;
T_1.3 ;
    %jmp T_1.1;
T_1.0 ;
    %load/vec4 v0x55aafddcdfc0_0;
    %cmpi/e 19, 0, 7;
    %jmp/0xz  T_1.6, 4;
    %pushi/vec4 0, 0, 4;
    %store/vec4 v0x55aafdd62ab0_0, 0, 4;
    %jmp T_1.7;
T_1.6 ;
    %pushi/vec4 0, 0, 4;
    %store/vec4 v0x55aafdd62ab0_0, 0, 4;
T_1.7 ;
T_1.1 ;
    %jmp T_1;
    .thread T_1, $push;
    .scope S_0x55aafdddf240;
T_2 ;
    %vpi_call/w 12 9 "$display", "instr_mem: attempting to load instruction_memory.mem..." {0 0 0};
    %vpi_call/w 12 10 "$readmemh", "instruction_memory.mem", v0x55aafdddf810 {0 0 0};
    %vpi_call/w 12 11 "$display", "instr_mem: load complete." {0 0 0};
    %end;
    .thread T_2;
    .scope S_0x55aafddde200;
T_3 ;
    %wait E_0x55aafddc26b0;
    %load/vec4 v0x55aafdddeab0_0;
    %flag_set/vec4 8;
    %jmp/0xz  T_3.0, 8;
    %pushi/vec4 0, 0, 32;
    %assign/vec4 v0x55aafddde9f0_0, 0;
    %pushi/vec4 0, 0, 32;
    %assign/vec4 v0x55aafddde7e0_0, 0;
    %jmp T_3.1;
T_3.0 ;
    %load/vec4 v0x55aafddde630_0;
    %flag_set/vec4 8;
    %jmp/0xz  T_3.2, 8;
    %pushi/vec4 0, 0, 32;
    %assign/vec4 v0x55aafddde9f0_0, 0;
    %pushi/vec4 0, 0, 32;
    %assign/vec4 v0x55aafddde7e0_0, 0;
    %vpi_call/w 10 19 "$display", "IFID: flush asserted - cleared at time %0t", $time {0 0 0};
    %jmp T_3.3;
T_3.2 ;
    %load/vec4 v0x55aafddde570_0;
    %flag_set/vec4 8;
    %jmp/0xz  T_3.4, 8;
    %load/vec4 v0x55aafddde910_0;
    %assign/vec4 v0x55aafddde9f0_0, 0;
    %load/vec4 v0x55aafddde700_0;
    %assign/vec4 v0x55aafddde7e0_0, 0;
    %vpi_call/w 10 23 "$display", "IFID: captured pc_in=%08h instr_in=%08h at time %0t", v0x55aafddde910_0, v0x55aafddde700_0, $time {0 0 0};
T_3.4 ;
T_3.3 ;
T_3.1 ;
    %jmp T_3;
    .thread T_3;
    .scope S_0x55aafdde1960;
T_4 ;
    %wait E_0x55aafddc26b0;
    %load/vec4 v0x55aafdde3660_0;
    %flag_set/vec4 8;
    %jmp/0xz  T_4.0, 8;
    %pushi/vec4 0, 0, 32;
    %store/vec4 v0x55aafdde2cb0_0, 0, 32;
T_4.2 ;
    %load/vec4 v0x55aafdde2cb0_0;
    %cmpi/s 32, 0, 32;
    %jmp/0xz T_4.3, 5;
    %pushi/vec4 0, 0, 32;
    %ix/getv/s 3, v0x55aafdde2cb0_0;
    %ix/load 4, 0, 0; Constant delay
    %assign/vec4/a/d v0x55aafdde2d90, 0, 4;
    %load/vec4 v0x55aafdde2cb0_0;
    %addi 1, 0, 32;
    %store/vec4 v0x55aafdde2cb0_0, 0, 32;
    %jmp T_4.2;
T_4.3 ;
    %jmp T_4.1;
T_4.0 ;
    %load/vec4 v0x55aafdde38a0_0;
    %load/vec4 v0x55aafdde3700_0;
    %pushi/vec4 0, 0, 5;
    %cmp/ne;
    %flag_get/vec4 4;
    %and;
    %flag_set/vec4 8;
    %jmp/0xz  T_4.4, 8;
    %load/vec4 v0x55aafdde37c0_0;
    %load/vec4 v0x55aafdde3700_0;
    %pad/u 7;
    %ix/vec4 3;
    %ix/load 4, 0, 0; Constant delay
    %assign/vec4/a/d v0x55aafdde2d90, 0, 4;
    %vpi_call/w 15 27 "$display", "REGFILE WRITE: time=%0t we_en=%0d we_addr=%0d we_data=%08h", $time, v0x55aafdde38a0_0, v0x55aafdde3700_0, v0x55aafdde37c0_0 {0 0 0};
T_4.4 ;
T_4.1 ;
    %jmp T_4;
    .thread T_4;
    .scope S_0x55aafdddecd0;
T_5 ;
    %wait E_0x55aafdddef10;
    %load/vec4 v0x55aafdddf110_0;
    %dup/vec4;
    %pushi/vec4 19, 0, 7;
    %cmp/u;
    %jmp/1 T_5.0, 6;
    %dup/vec4;
    %pushi/vec4 3, 0, 7;
    %cmp/u;
    %jmp/1 T_5.1, 6;
    %dup/vec4;
    %pushi/vec4 35, 0, 7;
    %cmp/u;
    %jmp/1 T_5.2, 6;
    %dup/vec4;
    %pushi/vec4 55, 0, 7;
    %cmp/u;
    %jmp/1 T_5.3, 6;
    %pushi/vec4 0, 0, 32;
    %store/vec4 v0x55aafdddef90_0, 0, 32;
    %jmp T_5.5;
T_5.0 ;
    %load/vec4 v0x55aafdddf070_0;
    %parti/s 1, 31, 6;
    %replicate 20;
    %load/vec4 v0x55aafdddf070_0;
    %parti/s 12, 20, 6;
    %concat/vec4; draw_concat_vec4
    %store/vec4 v0x55aafdddef90_0, 0, 32;
    %jmp T_5.5;
T_5.1 ;
    %load/vec4 v0x55aafdddf070_0;
    %parti/s 1, 31, 6;
    %replicate 20;
    %load/vec4 v0x55aafdddf070_0;
    %parti/s 12, 20, 6;
    %concat/vec4; draw_concat_vec4
    %store/vec4 v0x55aafdddef90_0, 0, 32;
    %jmp T_5.5;
T_5.2 ;
    %load/vec4 v0x55aafdddf070_0;
    %parti/s 1, 31, 6;
    %replicate 20;
    %load/vec4 v0x55aafdddf070_0;
    %parti/s 7, 25, 6;
    %concat/vec4; draw_concat_vec4
    %load/vec4 v0x55aafdddf070_0;
    %parti/s 5, 7, 4;
    %concat/vec4; draw_concat_vec4
    %store/vec4 v0x55aafdddef90_0, 0, 32;
    %jmp T_5.5;
T_5.3 ;
    %load/vec4 v0x55aafdddf070_0;
    %parti/s 20, 12, 5;
    %concati/vec4 0, 0, 12;
    %store/vec4 v0x55aafdddef90_0, 0, 32;
    %jmp T_5.5;
T_5.5 ;
    %pop/vec4 1;
    %jmp T_5;
    .thread T_5, $push;
    .scope S_0x55aafdddc260;
T_6 ;
    %wait E_0x55aafddc26b0;
    %load/vec4 v0x55aafdddddd0_0;
    %flag_set/vec4 8;
    %load/vec4 v0x55aafdddc980_0;
    %flag_set/vec4 9;
    %flag_or 9, 8;
    %jmp/0xz  T_6.0, 9;
    %pushi/vec4 0, 0, 32;
    %assign/vec4 v0x55aafdddd2c0_0, 0;
    %pushi/vec4 0, 0, 32;
    %assign/vec4 v0x55aafdddd960_0, 0;
    %pushi/vec4 0, 0, 32;
    %assign/vec4 v0x55aafddddce0_0, 0;
    %pushi/vec4 0, 0, 32;
    %assign/vec4 v0x55aafdddcb50_0, 0;
    %pushi/vec4 0, 0, 5;
    %assign/vec4 v0x55aafdddd6e0_0, 0;
    %pushi/vec4 0, 0, 5;
    %assign/vec4 v0x55aafdddda40_0, 0;
    %pushi/vec4 0, 0, 5;
    %assign/vec4 v0x55aafdddd480_0, 0;
    %pushi/vec4 0, 0, 7;
    %assign/vec4 v0x55aafdddd100_0, 0;
    %pushi/vec4 0, 0, 1;
    %assign/vec4 v0x55aafdddc7a0_0, 0;
    %pushi/vec4 0, 0, 1;
    %assign/vec4 v0x55aafdddccf0_0, 0;
    %pushi/vec4 0, 0, 1;
    %assign/vec4 v0x55aafdddcf70_0, 0;
    %pushi/vec4 0, 0, 1;
    %assign/vec4 v0x55aafdddce30_0, 0;
    %pushi/vec4 0, 0, 1;
    %assign/vec4 v0x55aafdddd610_0, 0;
    %jmp T_6.1;
T_6.0 ;
    %load/vec4 v0x55aafdddd1e0_0;
    %assign/vec4 v0x55aafdddd2c0_0, 0;
    %load/vec4 v0x55aafdddd7a0_0;
    %assign/vec4 v0x55aafdddd960_0, 0;
    %load/vec4 v0x55aafddddb20_0;
    %assign/vec4 v0x55aafddddce0_0, 0;
    %load/vec4 v0x55aafdddca20_0;
    %assign/vec4 v0x55aafdddcb50_0, 0;
    %load/vec4 v0x55aafdddd880_0;
    %assign/vec4 v0x55aafdddd6e0_0, 0;
    %load/vec4 v0x55aafddddc00_0;
    %assign/vec4 v0x55aafdddda40_0, 0;
    %load/vec4 v0x55aafdddd3a0_0;
    %assign/vec4 v0x55aafdddd480_0, 0;
    %load/vec4 v0x55aafdddd040_0;
    %assign/vec4 v0x55aafdddd100_0, 0;
    %load/vec4 v0x55aafdddc6e0_0;
    %assign/vec4 v0x55aafdddc7a0_0, 0;
    %load/vec4 v0x55aafdddcc30_0;
    %assign/vec4 v0x55aafdddccf0_0, 0;
    %load/vec4 v0x55aafdddced0_0;
    %assign/vec4 v0x55aafdddcf70_0, 0;
    %load/vec4 v0x55aafdddcd90_0;
    %assign/vec4 v0x55aafdddce30_0, 0;
    %load/vec4 v0x55aafdddd570_0;
    %assign/vec4 v0x55aafdddd610_0, 0;
T_6.1 ;
    %jmp T_6;
    .thread T_6;
    .scope S_0x55aafdddb000;
T_7 ;
    %wait E_0x55aafddc26b0;
    %load/vec4 v0x55aafdddbfc0_0;
    %flag_set/vec4 8;
    %jmp/0xz  T_7.0, 8;
    %pushi/vec4 0, 0, 32;
    %assign/vec4 v0x55aafdddb4b0_0, 0;
    %pushi/vec4 0, 0, 32;
    %assign/vec4 v0x55aafdddbf00_0, 0;
    %pushi/vec4 0, 0, 5;
    %assign/vec4 v0x55aafdddbbc0_0, 0;
    %pushi/vec4 0, 0, 1;
    %assign/vec4 v0x55aafdddb710_0, 0;
    %pushi/vec4 0, 0, 1;
    %assign/vec4 v0x55aafdddba20_0, 0;
    %pushi/vec4 0, 0, 1;
    %assign/vec4 v0x55aafdddb8a0_0, 0;
    %pushi/vec4 0, 0, 1;
    %assign/vec4 v0x55aafdddbd60_0, 0;
    %jmp T_7.1;
T_7.0 ;
    %load/vec4 v0x55aafdddb3b0_0;
    %assign/vec4 v0x55aafdddb4b0_0, 0;
    %load/vec4 v0x55aafdddbe20_0;
    %assign/vec4 v0x55aafdddbf00_0, 0;
    %load/vec4 v0x55aafdddbae0_0;
    %assign/vec4 v0x55aafdddbbc0_0, 0;
    %load/vec4 v0x55aafdddb670_0;
    %assign/vec4 v0x55aafdddb710_0, 0;
    %load/vec4 v0x55aafdddb960_0;
    %assign/vec4 v0x55aafdddba20_0, 0;
    %load/vec4 v0x55aafdddb800_0;
    %assign/vec4 v0x55aafdddb8a0_0, 0;
    %load/vec4 v0x55aafdddbca0_0;
    %assign/vec4 v0x55aafdddbd60_0, 0;
T_7.1 ;
    %jmp T_7;
    .thread T_7;
    .scope S_0x55aafddce550;
T_8 ;
    %vpi_func 7 13 "$fopen" 32, "data_memory.mem" {0 0 0};
    %cmpi/ne 0, 0, 32;
    %jmp/0xz  T_8.0, 4;
    %vpi_call/w 7 14 "$display", "data_memory: attempting to load init file 'data_memory.mem' ..." {0 0 0};
    %vpi_call/w 7 15 "$readmemh", "data_memory.mem", v0x55aafddd0a90 {0 0 0};
    %vpi_call/w 7 16 "$display", "data_memory: init complete (depth=1024 words)." {0 0 0};
T_8.0 ;
    %end;
    .thread T_8;
    .scope S_0x55aafddce550;
T_9 ;
    %wait E_0x55aafddd0870;
    %load/vec4 v0x55aafdddac30_0;
    %flag_set/vec4 8;
    %jmp/0xz  T_9.0, 8;
    %load/vec4 v0x55aafdddae20_0;
    %load/vec4 v0x55aafddd08d0_0;
    %parti/s 10, 2, 3;
    %pad/u 12;
    %ix/vec4 3;
    %ix/load 4, 0, 0; Constant delay
    %assign/vec4/a/d v0x55aafddd0a90, 0, 4;
T_9.0 ;
    %jmp T_9;
    .thread T_9;
    .scope S_0x55aafddce550;
T_10 ;
    %wait E_0x55aafddce7f0;
    %load/vec4 v0x55aafdddab70_0;
    %flag_set/vec4 8;
    %jmp/0xz  T_10.0, 8;
    %load/vec4 v0x55aafddd08d0_0;
    %parti/s 10, 2, 3;
    %pad/u 12;
    %ix/vec4 4;
    %load/vec4a v0x55aafddd0a90, 4;
    %store/vec4 v0x55aafdddad40_0, 0, 32;
    %jmp T_10.1;
T_10.0 ;
    %pushi/vec4 0, 0, 32;
    %store/vec4 v0x55aafdddad40_0, 0, 32;
T_10.1 ;
    %jmp T_10;
    .thread T_10, $push;
    .scope S_0x55aafdde0870;
T_11 ;
    %pushi/vec4 0, 0, 32;
    %store/vec4 v0x55aafdde14b0_0, 0, 32;
T_11.0 ;
    %load/vec4 v0x55aafdde14b0_0;
    %cmpi/s 8, 0, 32;
    %jmp/0xz T_11.1, 5;
    %pushi/vec4 0, 0, 32;
    %store/vec4 v0x55aafdde0d70_0, 0, 32;
T_11.2 ;
    %load/vec4 v0x55aafdde0d70_0;
    %cmpi/s 8, 0, 32;
    %jmp/0xz T_11.3, 5;
    %load/vec4 v0x55aafdde14b0_0;
    %load/vec4 v0x55aafdde0d70_0;
    %cmp/e;
    %flag_mov 8, 4;
    %jmp/0 T_11.4, 8;
    %load/vec4 v0x55aafdde14b0_0;
    %jmp/1 T_11.5, 8;
T_11.4 ; End of true expr.
    %pushi/vec4 0, 0, 32;
    %jmp/0 T_11.5, 8;
 ; End of false expr.
    %blend;
T_11.5;
    %load/vec4 v0x55aafdde14b0_0;
    %pad/s 36;
    %pad/s 39;
    %muli 8, 0, 39;
    %pad/s 40;
    %load/vec4 v0x55aafdde0d70_0;
    %pad/s 40;
    %add;
    %ix/vec4/s 4;
    %store/vec4a v0x55aafdde0a40, 4, 0;
    %load/vec4 v0x55aafdde14b0_0;
    %load/vec4 v0x55aafdde0d70_0;
    %cmp/e;
    %flag_mov 8, 4;
    %jmp/0 T_11.6, 8;
    %load/vec4 v0x55aafdde14b0_0;
    %jmp/1 T_11.7, 8;
T_11.6 ; End of true expr.
    %pushi/vec4 0, 0, 32;
    %jmp/0 T_11.7, 8;
 ; End of false expr.
    %blend;
T_11.7;
    %load/vec4 v0x55aafdde14b0_0;
    %pad/s 36;
    %pad/s 39;
    %muli 8, 0, 39;
    %pad/s 40;
    %load/vec4 v0x55aafdde0d70_0;
    %pad/s 40;
    %add;
    %ix/vec4/s 4;
    %store/vec4a v0x55aafdde0b20, 4, 0;
    %pushi/vec4 0, 0, 32;
    %load/vec4 v0x55aafdde14b0_0;
    %pad/s 36;
    %pad/s 39;
    %muli 8, 0, 39;
    %pad/s 40;
    %load/vec4 v0x55aafdde0d70_0;
    %pad/s 40;
    %add;
    %ix/vec4/s 4;
    %store/vec4a v0x55aafdde0be0, 4, 0;
    %load/vec4 v0x55aafdde0d70_0;
    %addi 1, 0, 32;
    %store/vec4 v0x55aafdde0d70_0, 0, 32;
    %jmp T_11.2;
T_11.3 ;
    %load/vec4 v0x55aafdde14b0_0;
    %addi 1, 0, 32;
    %store/vec4 v0x55aafdde14b0_0, 0, 32;
    %jmp T_11.0;
T_11.1 ;
    %end;
    .thread T_11;
    .scope S_0x55aafdde0870;
T_12 ;
    %wait E_0x55aafddc26b0;
    %load/vec4 v0x55aafdde1590_0;
    %flag_set/vec4 8;
    %jmp/0xz  T_12.0, 8;
    %pushi/vec4 0, 0, 3;
    %assign/vec4 v0x55aafdde1000_0, 0;
    %pushi/vec4 0, 0, 3;
    %assign/vec4 v0x55aafdde10e0_0, 0;
    %pushi/vec4 0, 0, 3;
    %assign/vec4 v0x55aafdde1250_0, 0;
    %pushi/vec4 0, 0, 1;
    %assign/vec4 v0x55aafdde1330_0, 0;
    %pushi/vec4 0, 0, 1;
    %assign/vec4 v0x55aafdde13f0_0, 0;
    %pushi/vec4 0, 0, 1;
    %assign/vec4 v0x55aafdde0f40_0, 0;
    %pushi/vec4 0, 0, 32;
    %store/vec4 v0x55aafdde14b0_0, 0, 32;
T_12.2 ;
    %load/vec4 v0x55aafdde14b0_0;
    %cmpi/s 8, 0, 32;
    %jmp/0xz T_12.3, 5;
    %pushi/vec4 0, 0, 32;
    %store/vec4 v0x55aafdde0d70_0, 0, 32;
T_12.4 ;
    %load/vec4 v0x55aafdde0d70_0;
    %cmpi/s 8, 0, 32;
    %jmp/0xz T_12.5, 5;
    %pushi/vec4 0, 0, 32;
    %load/vec4 v0x55aafdde14b0_0;
    %pad/s 36;
    %pad/s 39;
    %muli 8, 0, 39;
    %pad/s 40;
    %load/vec4 v0x55aafdde0d70_0;
    %pad/s 40;
    %add;
    %ix/vec4/s 3;
    %ix/load 4, 0, 0; Constant delay
    %assign/vec4/a/d v0x55aafdde0be0, 0, 4;
    %load/vec4 v0x55aafdde0d70_0;
    %addi 1, 0, 32;
    %store/vec4 v0x55aafdde0d70_0, 0, 32;
    %jmp T_12.4;
T_12.5 ;
    %load/vec4 v0x55aafdde14b0_0;
    %addi 1, 0, 32;
    %store/vec4 v0x55aafdde14b0_0, 0, 32;
    %jmp T_12.2;
T_12.3 ;
    %jmp T_12.1;
T_12.0 ;
    %pushi/vec4 0, 0, 1;
    %assign/vec4 v0x55aafdde13f0_0, 0;
    %load/vec4 v0x55aafdde1780_0;
    %load/vec4 v0x55aafdde1330_0;
    %nor/r;
    %and;
    %flag_set/vec4 8;
    %jmp/0xz  T_12.6, 8;
    %pushi/vec4 1, 0, 1;
    %assign/vec4 v0x55aafdde1330_0, 0;
    %pushi/vec4 0, 0, 3;
    %assign/vec4 v0x55aafdde1000_0, 0;
    %pushi/vec4 0, 0, 3;
    %assign/vec4 v0x55aafdde10e0_0, 0;
    %pushi/vec4 0, 0, 3;
    %assign/vec4 v0x55aafdde1250_0, 0;
    %pushi/vec4 0, 0, 32;
    %store/vec4 v0x55aafdde14b0_0, 0, 32;
T_12.8 ;
    %load/vec4 v0x55aafdde14b0_0;
    %cmpi/s 8, 0, 32;
    %jmp/0xz T_12.9, 5;
    %pushi/vec4 0, 0, 32;
    %store/vec4 v0x55aafdde0d70_0, 0, 32;
T_12.10 ;
    %load/vec4 v0x55aafdde0d70_0;
    %cmpi/s 8, 0, 32;
    %jmp/0xz T_12.11, 5;
    %pushi/vec4 0, 0, 32;
    %load/vec4 v0x55aafdde14b0_0;
    %pad/s 36;
    %pad/s 39;
    %muli 8, 0, 39;
    %pad/s 40;
    %load/vec4 v0x55aafdde0d70_0;
    %pad/s 40;
    %add;
    %ix/vec4/s 3;
    %ix/load 4, 0, 0; Constant delay
    %assign/vec4/a/d v0x55aafdde0be0, 0, 4;
    %load/vec4 v0x55aafdde0d70_0;
    %addi 1, 0, 32;
    %store/vec4 v0x55aafdde0d70_0, 0, 32;
    %jmp T_12.10;
T_12.11 ;
    %load/vec4 v0x55aafdde14b0_0;
    %addi 1, 0, 32;
    %store/vec4 v0x55aafdde14b0_0, 0, 32;
    %jmp T_12.8;
T_12.9 ;
    %vpi_call/w 14 75 "$display", "\012=== MMUL 8x8 START ===" {0 0 0};
    %jmp T_12.7;
T_12.6 ;
    %load/vec4 v0x55aafdde1330_0;
    %flag_set/vec4 8;
    %jmp/0xz  T_12.12, 8;
    %load/vec4 v0x55aafdde1000_0;
    %pad/u 9;
    %pad/u 12;
    %muli 8, 0, 12;
    %pad/u 13;
    %load/vec4 v0x55aafdde10e0_0;
    %pad/u 5;
    %pad/u 13;
    %add;
    %ix/vec4 4;
    %load/vec4a v0x55aafdde0be0, 4;
    %load/vec4 v0x55aafdde1000_0;
    %pad/u 9;
    %pad/u 12;
    %muli 8, 0, 12;
    %pad/u 13;
    %load/vec4 v0x55aafdde1250_0;
    %pad/u 5;
    %pad/u 13;
    %add;
    %ix/vec4 4;
    %load/vec4a v0x55aafdde0a40, 4;
    %load/vec4 v0x55aafdde1250_0;
    %pad/u 9;
    %pad/u 12;
    %muli 8, 0, 12;
    %pad/u 13;
    %load/vec4 v0x55aafdde10e0_0;
    %pad/u 5;
    %pad/u 13;
    %add;
    %ix/vec4 4;
    %load/vec4a v0x55aafdde0b20, 4;
    %mul;
    %add;
    %load/vec4 v0x55aafdde1000_0;
    %pad/u 9;
    %pad/u 12;
    %muli 8, 0, 12;
    %pad/u 13;
    %load/vec4 v0x55aafdde10e0_0;
    %pad/u 5;
    %pad/u 13;
    %add;
    %ix/vec4 3;
    %ix/load 4, 0, 0; Constant delay
    %assign/vec4/a/d v0x55aafdde0be0, 0, 4;
    %load/vec4 v0x55aafdde1000_0;
    %pad/u 9;
    %pad/u 12;
    %muli 8, 0, 12;
    %pad/u 13;
    %load/vec4 v0x55aafdde1250_0;
    %pad/u 5;
    %pad/u 13;
    %add;
    %ix/vec4 4;
    %load/vec4a v0x55aafdde0a40, 4;
    %load/vec4 v0x55aafdde1250_0;
    %pad/u 9;
    %pad/u 12;
    %muli 8, 0, 12;
    %pad/u 13;
    %load/vec4 v0x55aafdde10e0_0;
    %pad/u 5;
    %pad/u 13;
    %add;
    %ix/vec4 4;
    %load/vec4a v0x55aafdde0b20, 4;
    %mul;
    %vpi_call/w 14 84 "$display", "MAC: C[%0d][%0d] += A[%0d][%0d] * B[%0d][%0d] = %0d", v0x55aafdde1000_0, v0x55aafdde10e0_0, v0x55aafdde1000_0, v0x55aafdde1250_0, v0x55aafdde1250_0, v0x55aafdde10e0_0, S<0,vec4,s32> {1 0 0};
    %load/vec4 v0x55aafdde1250_0;
    %pad/u 32;
    %cmpi/u 7, 0, 32;
    %jmp/0xz  T_12.14, 5;
    %load/vec4 v0x55aafdde1250_0;
    %addi 1, 0, 3;
    %assign/vec4 v0x55aafdde1250_0, 0;
    %jmp T_12.15;
T_12.14 ;
    %pushi/vec4 0, 0, 3;
    %assign/vec4 v0x55aafdde1250_0, 0;
    %load/vec4 v0x55aafdde10e0_0;
    %pad/u 32;
    %cmpi/u 7, 0, 32;
    %jmp/0xz  T_12.16, 5;
    %load/vec4 v0x55aafdde10e0_0;
    %addi 1, 0, 3;
    %assign/vec4 v0x55aafdde10e0_0, 0;
    %jmp T_12.17;
T_12.16 ;
    %pushi/vec4 0, 0, 3;
    %assign/vec4 v0x55aafdde10e0_0, 0;
    %load/vec4 v0x55aafdde1000_0;
    %pad/u 32;
    %cmpi/u 7, 0, 32;
    %jmp/0xz  T_12.18, 5;
    %load/vec4 v0x55aafdde1000_0;
    %addi 1, 0, 3;
    %assign/vec4 v0x55aafdde1000_0, 0;
    %jmp T_12.19;
T_12.18 ;
    %pushi/vec4 0, 0, 1;
    %assign/vec4 v0x55aafdde1330_0, 0;
    %pushi/vec4 1, 0, 1;
    %assign/vec4 v0x55aafdde0f40_0, 0;
T_12.19 ;
T_12.17 ;
T_12.15 ;
T_12.12 ;
T_12.7 ;
    %load/vec4 v0x55aafdde0f40_0;
    %flag_set/vec4 8;
    %jmp/0xz  T_12.20, 8;
    %pushi/vec4 0, 0, 1;
    %assign/vec4 v0x55aafdde0f40_0, 0;
    %pushi/vec4 1, 0, 1;
    %assign/vec4 v0x55aafdde13f0_0, 0;
    %vpi_call/w 14 113 "$display", "\012=================================" {0 0 0};
    %vpi_call/w 14 114 "$display", " MATRIX MULTIPLICATION COMPLETE " {0 0 0};
    %vpi_call/w 14 115 "$display", "=================================\012" {0 0 0};
    %vpi_call/w 14 118 "$display", "Matrix A:" {0 0 0};
    %pushi/vec4 0, 0, 32;
    %store/vec4 v0x55aafdde14b0_0, 0, 32;
T_12.22 ;
    %load/vec4 v0x55aafdde14b0_0;
    %cmpi/s 8, 0, 32;
    %jmp/0xz T_12.23, 5;
    %load/vec4 v0x55aafdde14b0_0;
    %pad/s 36;
    %pad/s 39;
    %muli 8, 0, 39;
    %ix/vec4/s 4;
    %load/vec4a v0x55aafdde0a40, 4;
    %load/vec4 v0x55aafdde14b0_0;
    %pad/s 36;
    %pad/s 39;
    %muli 8, 0, 39;
    %pad/s 40;
    %pushi/vec4 1, 0, 2;
    %pad/s 40;
    %add;
    %ix/vec4/s 4;
    %load/vec4a v0x55aafdde0a40, 4;
    %load/vec4 v0x55aafdde14b0_0;
    %pad/s 36;
    %pad/s 39;
    %muli 8, 0, 39;
    %pad/s 40;
    %pushi/vec4 2, 0, 3;
    %pad/s 40;
    %add;
    %ix/vec4/s 4;
    %load/vec4a v0x55aafdde0a40, 4;
    %load/vec4 v0x55aafdde14b0_0;
    %pad/s 36;
    %pad/s 39;
    %muli 8, 0, 39;
    %pad/s 40;
    %pushi/vec4 3, 0, 3;
    %pad/s 40;
    %add;
    %ix/vec4/s 4;
    %load/vec4a v0x55aafdde0a40, 4;
    %load/vec4 v0x55aafdde14b0_0;
    %pad/s 36;
    %pad/s 39;
    %muli 8, 0, 39;
    %pad/s 40;
    %pushi/vec4 4, 0, 4;
    %pad/s 40;
    %add;
    %ix/vec4/s 4;
    %load/vec4a v0x55aafdde0a40, 4;
    %load/vec4 v0x55aafdde14b0_0;
    %pad/s 36;
    %pad/s 39;
    %muli 8, 0, 39;
    %pad/s 40;
    %pushi/vec4 5, 0, 4;
    %pad/s 40;
    %add;
    %ix/vec4/s 4;
    %load/vec4a v0x55aafdde0a40, 4;
    %load/vec4 v0x55aafdde14b0_0;
    %pad/s 36;
    %pad/s 39;
    %muli 8, 0, 39;
    %pad/s 40;
    %pushi/vec4 6, 0, 4;
    %pad/s 40;
    %add;
    %ix/vec4/s 4;
    %load/vec4a v0x55aafdde0a40, 4;
    %load/vec4 v0x55aafdde14b0_0;
    %pad/s 36;
    %pad/s 39;
    %muli 8, 0, 39;
    %pad/s 40;
    %pushi/vec4 7, 0, 4;
    %pad/s 40;
    %add;
    %ix/vec4/s 4;
    %load/vec4a v0x55aafdde0a40, 4;
    %vpi_call/w 14 120 "$display", "%4d %4d %4d %4d %4d %4d %4d %4d", S<7,vec4,s32>, S<6,vec4,s32>, S<5,vec4,s32>, S<4,vec4,s32>, S<3,vec4,s32>, S<2,vec4,s32>, S<1,vec4,s32>, S<0,vec4,s32> {8 0 0};
    %load/vec4 v0x55aafdde14b0_0;
    %addi 1, 0, 32;
    %store/vec4 v0x55aafdde14b0_0, 0, 32;
    %jmp T_12.22;
T_12.23 ;
    %vpi_call/w 14 125 "$display", "\012Matrix B:" {0 0 0};
    %pushi/vec4 0, 0, 32;
    %store/vec4 v0x55aafdde14b0_0, 0, 32;
T_12.24 ;
    %load/vec4 v0x55aafdde14b0_0;
    %cmpi/s 8, 0, 32;
    %jmp/0xz T_12.25, 5;
    %load/vec4 v0x55aafdde14b0_0;
    %pad/s 36;
    %pad/s 39;
    %muli 8, 0, 39;
    %ix/vec4/s 4;
    %load/vec4a v0x55aafdde0b20, 4;
    %load/vec4 v0x55aafdde14b0_0;
    %pad/s 36;
    %pad/s 39;
    %muli 8, 0, 39;
    %pad/s 40;
    %pushi/vec4 1, 0, 2;
    %pad/s 40;
    %add;
    %ix/vec4/s 4;
    %load/vec4a v0x55aafdde0b20, 4;
    %load/vec4 v0x55aafdde14b0_0;
    %pad/s 36;
    %pad/s 39;
    %muli 8, 0, 39;
    %pad/s 40;
    %pushi/vec4 2, 0, 3;
    %pad/s 40;
    %add;
    %ix/vec4/s 4;
    %load/vec4a v0x55aafdde0b20, 4;
    %load/vec4 v0x55aafdde14b0_0;
    %pad/s 36;
    %pad/s 39;
    %muli 8, 0, 39;
    %pad/s 40;
    %pushi/vec4 3, 0, 3;
    %pad/s 40;
    %add;
    %ix/vec4/s 4;
    %load/vec4a v0x55aafdde0b20, 4;
    %load/vec4 v0x55aafdde14b0_0;
    %pad/s 36;
    %pad/s 39;
    %muli 8, 0, 39;
    %pad/s 40;
    %pushi/vec4 4, 0, 4;
    %pad/s 40;
    %add;
    %ix/vec4/s 4;
    %load/vec4a v0x55aafdde0b20, 4;
    %load/vec4 v0x55aafdde14b0_0;
    %pad/s 36;
    %pad/s 39;
    %muli 8, 0, 39;
    %pad/s 40;
    %pushi/vec4 5, 0, 4;
    %pad/s 40;
    %add;
    %ix/vec4/s 4;
    %load/vec4a v0x55aafdde0b20, 4;
    %load/vec4 v0x55aafdde14b0_0;
    %pad/s 36;
    %pad/s 39;
    %muli 8, 0, 39;
    %pad/s 40;
    %pushi/vec4 6, 0, 4;
    %pad/s 40;
    %add;
    %ix/vec4/s 4;
    %load/vec4a v0x55aafdde0b20, 4;
    %load/vec4 v0x55aafdde14b0_0;
    %pad/s 36;
    %pad/s 39;
    %muli 8, 0, 39;
    %pad/s 40;
    %pushi/vec4 7, 0, 4;
    %pad/s 40;
    %add;
    %ix/vec4/s 4;
    %load/vec4a v0x55aafdde0b20, 4;
    %vpi_call/w 14 127 "$display", "%4d %4d %4d %4d %4d %4d %4d %4d", S<7,vec4,s32>, S<6,vec4,s32>, S<5,vec4,s32>, S<4,vec4,s32>, S<3,vec4,s32>, S<2,vec4,s32>, S<1,vec4,s32>, S<0,vec4,s32> {8 0 0};
    %load/vec4 v0x55aafdde14b0_0;
    %addi 1, 0, 32;
    %store/vec4 v0x55aafdde14b0_0, 0, 32;
    %jmp T_12.24;
T_12.25 ;
    %vpi_call/w 14 132 "$display", "\012Matrix C = A x B:" {0 0 0};
    %pushi/vec4 0, 0, 32;
    %store/vec4 v0x55aafdde14b0_0, 0, 32;
T_12.26 ;
    %load/vec4 v0x55aafdde14b0_0;
    %cmpi/s 8, 0, 32;
    %jmp/0xz T_12.27, 5;
    %load/vec4 v0x55aafdde14b0_0;
    %pad/s 36;
    %pad/s 39;
    %muli 8, 0, 39;
    %ix/vec4/s 4;
    %load/vec4a v0x55aafdde0be0, 4;
    %load/vec4 v0x55aafdde14b0_0;
    %pad/s 36;
    %pad/s 39;
    %muli 8, 0, 39;
    %pad/s 40;
    %pushi/vec4 1, 0, 2;
    %pad/s 40;
    %add;
    %ix/vec4/s 4;
    %load/vec4a v0x55aafdde0be0, 4;
    %load/vec4 v0x55aafdde14b0_0;
    %pad/s 36;
    %pad/s 39;
    %muli 8, 0, 39;
    %pad/s 40;
    %pushi/vec4 2, 0, 3;
    %pad/s 40;
    %add;
    %ix/vec4/s 4;
    %load/vec4a v0x55aafdde0be0, 4;
    %load/vec4 v0x55aafdde14b0_0;
    %pad/s 36;
    %pad/s 39;
    %muli 8, 0, 39;
    %pad/s 40;
    %pushi/vec4 3, 0, 3;
    %pad/s 40;
    %add;
    %ix/vec4/s 4;
    %load/vec4a v0x55aafdde0be0, 4;
    %load/vec4 v0x55aafdde14b0_0;
    %pad/s 36;
    %pad/s 39;
    %muli 8, 0, 39;
    %pad/s 40;
    %pushi/vec4 4, 0, 4;
    %pad/s 40;
    %add;
    %ix/vec4/s 4;
    %load/vec4a v0x55aafdde0be0, 4;
    %load/vec4 v0x55aafdde14b0_0;
    %pad/s 36;
    %pad/s 39;
    %muli 8, 0, 39;
    %pad/s 40;
    %pushi/vec4 5, 0, 4;
    %pad/s 40;
    %add;
    %ix/vec4/s 4;
    %load/vec4a v0x55aafdde0be0, 4;
    %load/vec4 v0x55aafdde14b0_0;
    %pad/s 36;
    %pad/s 39;
    %muli 8, 0, 39;
    %pad/s 40;
    %pushi/vec4 6, 0, 4;
    %pad/s 40;
    %add;
    %ix/vec4/s 4;
    %load/vec4a v0x55aafdde0be0, 4;
    %load/vec4 v0x55aafdde14b0_0;
    %pad/s 36;
    %pad/s 39;
    %muli 8, 0, 39;
    %pad/s 40;
    %pushi/vec4 7, 0, 4;
    %pad/s 40;
    %add;
    %ix/vec4/s 4;
    %load/vec4a v0x55aafdde0be0, 4;
    %vpi_call/w 14 134 "$display", "%4d %4d %4d %4d %4d %4d %4d %4d", S<7,vec4,s32>, S<6,vec4,s32>, S<5,vec4,s32>, S<4,vec4,s32>, S<3,vec4,s32>, S<2,vec4,s32>, S<1,vec4,s32>, S<0,vec4,s32> {8 0 0};
    %load/vec4 v0x55aafdde14b0_0;
    %addi 1, 0, 32;
    %store/vec4 v0x55aafdde14b0_0, 0, 32;
    %jmp T_12.26;
T_12.27 ;
    %vpi_call/w 14 139 "$display", "\012Verification:" {0 0 0};
    %pushi/vec4 0, 0, 32;
    %store/vec4 v0x55aafdde14b0_0, 0, 32;
T_12.28 ;
    %load/vec4 v0x55aafdde14b0_0;
    %cmpi/s 8, 0, 32;
    %jmp/0xz T_12.29, 5;
    %load/vec4 v0x55aafdde14b0_0;
    %pad/s 36;
    %pad/s 39;
    %muli 8, 0, 39;
    %pad/s 40;
    %load/vec4 v0x55aafdde14b0_0;
    %pad/s 40;
    %add;
    %ix/vec4/s 4;
    %load/vec4a v0x55aafdde0be0, 4;
    %load/vec4 v0x55aafdde14b0_0;
    %load/vec4 v0x55aafdde14b0_0;
    %mul;
    %cmp/e;
    %jmp/0xz  T_12.30, 4;
    %load/vec4 v0x55aafdde14b0_0;
    %pad/s 36;
    %pad/s 39;
    %muli 8, 0, 39;
    %pad/s 40;
    %load/vec4 v0x55aafdde14b0_0;
    %pad/s 40;
    %add;
    %ix/vec4/s 4;
    %load/vec4a v0x55aafdde0be0, 4;
    %vpi_call/w 14 142 "$display", "PASS: C[%0d][%0d] = %0d", v0x55aafdde14b0_0, v0x55aafdde14b0_0, S<0,vec4,s32> {1 0 0};
    %jmp T_12.31;
T_12.30 ;
    %load/vec4 v0x55aafdde14b0_0;
    %pad/s 36;
    %pad/s 39;
    %muli 8, 0, 39;
    %pad/s 40;
    %load/vec4 v0x55aafdde14b0_0;
    %pad/s 40;
    %add;
    %ix/vec4/s 4;
    %load/vec4a v0x55aafdde0be0, 4;
    %load/vec4 v0x55aafdde14b0_0;
    %load/vec4 v0x55aafdde14b0_0;
    %mul;
    %vpi_call/w 14 145 "$display", "FAIL: C[%0d][%0d] = %0d (expected %0d)", v0x55aafdde14b0_0, v0x55aafdde14b0_0, S<1,vec4,s32>, S<0,vec4,s32> {2 0 0};
T_12.31 ;
    %load/vec4 v0x55aafdde14b0_0;
    %addi 1, 0, 32;
    %store/vec4 v0x55aafdde14b0_0, 0, 32;
    %jmp T_12.28;
T_12.29 ;
    %vpi_call/w 14 149 "$display", "\012AXB = C VERIFIED" {0 0 0};
    %vpi_call/w 14 150 "$display", "=================================\012" {0 0 0};
T_12.20 ;
T_12.1 ;
    %jmp T_12;
    .thread T_12;
    .scope S_0x55aafdddf960;
T_13 ;
    %wait E_0x55aafddc26b0;
    %load/vec4 v0x55aafdde0630_0;
    %flag_set/vec4 8;
    %jmp/0xz  T_13.0, 8;
    %pushi/vec4 0, 0, 32;
    %assign/vec4 v0x55aafdde0090_0, 0;
    %pushi/vec4 0, 0, 32;
    %assign/vec4 v0x55aafdddfd90_0, 0;
    %pushi/vec4 0, 0, 5;
    %assign/vec4 v0x55aafdde0400_0, 0;
    %pushi/vec4 0, 0, 1;
    %assign/vec4 v0x55aafdde0210_0, 0;
    %pushi/vec4 0, 0, 1;
    %assign/vec4 v0x55aafdde0590_0, 0;
    %jmp T_13.1;
T_13.0 ;
    %load/vec4 v0x55aafdddff10_0;
    %flag_set/vec4 8;
    %jmp/0xz  T_13.2, 8;
    %load/vec4 v0x55aafdddffb0_0;
    %assign/vec4 v0x55aafdde0090_0, 0;
    %load/vec4 v0x55aafdddfc80_0;
    %assign/vec4 v0x55aafdddfd90_0, 0;
    %load/vec4 v0x55aafdde02b0_0;
    %assign/vec4 v0x55aafdde0400_0, 0;
    %load/vec4 v0x55aafdde0170_0;
    %assign/vec4 v0x55aafdde0210_0, 0;
    %load/vec4 v0x55aafdde04c0_0;
    %assign/vec4 v0x55aafdde0590_0, 0;
    %vpi_call/w 13 32 "$display", "mem_wb: time=%0t mem_data_in=%08h alu_result_in=%08h rd_in=%0d mem_to_reg=%0d reg_write=%0d", $time, v0x55aafdddffb0_0, v0x55aafdddfc80_0, v0x55aafdde02b0_0, v0x55aafdde0170_0, v0x55aafdde04c0_0 {0 0 0};
T_13.2 ;
T_13.1 ;
    %jmp T_13;
    .thread T_13;
    .scope S_0x55aafddce1d0;
T_14 ;
    %wait E_0x55aafddc26b0;
    %load/vec4 v0x55aafdde7ae0_0;
    %flag_set/vec4 8;
    %jmp/0xz  T_14.0, 8;
    %pushi/vec4 0, 0, 32;
    %assign/vec4 v0x55aafdde7810_0, 0;
    %jmp T_14.1;
T_14.0 ;
    %load/vec4 v0x55aafdde51e0_0;
    %nor/r;
    %flag_set/vec4 8;
    %jmp/0xz  T_14.2, 8;
    %load/vec4 v0x55aafdde7810_0;
    %addi 4, 0, 32;
    %assign/vec4 v0x55aafdde7810_0, 0;
T_14.2 ;
T_14.1 ;
    %jmp T_14;
    .thread T_14;
    .scope S_0x55aafdda7e60;
T_15 ;
    %pushi/vec4 0, 0, 1;
    %store/vec4 v0x55aafdde7ea0_0, 0, 1;
T_15.0 ;
    %delay 5000, 0;
    %load/vec4 v0x55aafdde7ea0_0;
    %inv;
    %store/vec4 v0x55aafdde7ea0_0, 0, 1;
    %jmp T_15.0;
    %end;
    .thread T_15;
    .scope S_0x55aafdda7e60;
T_16 ;
    %pushi/vec4 1, 0, 1;
    %store/vec4 v0x55aafdde8160_0, 0, 1;
    %delay 40000, 0;
    %pushi/vec4 0, 0, 1;
    %store/vec4 v0x55aafdde8160_0, 0, 1;
    %end;
    .thread T_16;
    .scope S_0x55aafdda7e60;
T_17 ;
    %vpi_call/w 5 41 "$display", "===============================" {0 0 0};
    %vpi_call/w 5 42 "$display", " RISC-V + MMUL SIMULATION START " {0 0 0};
    %vpi_call/w 5 43 "$display", "===============================" {0 0 0};
T_17.0 ;
    %load/vec4 v0x55aafdde8160_0;
    %pad/u 32;
    %pushi/vec4 0, 0, 32;
    %cmp/e;
    %flag_get/vec4 4;
    %cmpi/ne 1, 0, 1;
    %jmp/0xz T_17.1, 6;
    %wait E_0x55aafddc12f0;
    %jmp T_17.0;
T_17.1 ;
T_17.2 ;
    %load/vec4 v0x55aafdde7f60_0;
    %pushi/vec4 1, 0, 1;
    %cmp/e;
    %flag_get/vec4 4;
    %cmpi/ne 1, 0, 1;
    %jmp/0xz T_17.3, 6;
    %wait E_0x55aafdcdf410;
    %jmp T_17.2;
T_17.3 ;
    %vpi_call/w 5 52 "$display", ">>> MMUL START detected at time %0t <<<", $time {0 0 0};
T_17.4 ;
    %load/vec4 v0x55aafdde8070_0;
    %pushi/vec4 1, 0, 1;
    %cmp/e;
    %flag_get/vec4 4;
    %cmpi/ne 1, 0, 1;
    %jmp/0xz T_17.5, 6;
    %wait E_0x55aafdcdf2d0;
    %jmp T_17.4;
T_17.5 ;
    %vpi_call/w 5 58 "$display", ">>> MMUL DONE detected at time %0t <<<", $time {0 0 0};
    %delay 50000, 0;
    %vpi_call/w 5 63 "$display", "===============================" {0 0 0};
    %vpi_call/w 5 64 "$display", " SIMULATION END (SUCCESS) " {0 0 0};
    %vpi_call/w 5 65 "$display", "===============================" {0 0 0};
    %vpi_call/w 5 67 "$finish" {0 0 0};
    %end;
    .thread T_17;
    .scope S_0x55aafdda7e60;
T_18 ;
    %delay 3705032704, 1;
    %vpi_call/w 5 75 "$display", "\342\235\214 ERROR: Simulation timeout - MMUL did not finish" {0 0 0};
    %vpi_call/w 5 76 "$finish" {0 0 0};
    %end;
    .thread T_18;
# The file index is used to find the file name in the following table.
:file_names 16;
    "N/A";
    "<interactive>";
    "-";
    "src/alu.v";
    "src/alu_control.v";
    "tb/riscv_pipeline_tb_cpu.v";
    "src/riscv_pipeline.v";
    "src/data_memory.v";
    "src/ex_mem.v";
    "src/id_ex.v";
    "src/if_id.v";
    "src/immediate_gen.v";
    "src/instr_mem.v";
    "src/mem_wb.v";
    "src/mmul_mem.v";
    "src/register_file.v";
