
 /----------------------------------------------------------------------------\
 |  yosys -- Yosys Open SYnthesis Suite                                       |
 |  Copyright (C) 2012 - 2026  Claire Xenia Wolf <claire@yosyshq.com>         |
 |  Distributed under an ISC-like license, type "license" to see terms        |
 \----------------------------------------------------------------------------/
 Yosys 0.64+351 (git sha1 c96d7bc99, Release, Clang /usr/bin/clang++ 18.1.8)

-- Running command `
read_verilog src/*.v
read_verilog -sv src/*.sv
hierarchy -check -top riscv_pipeline
proc
opt
fsm
opt
memory
opt
techmap
opt
stat
write_verilog results/riscv_pipeline_netlist.v
' --

1. Executing Verilog-2005 frontend: src/alu.v
Parsing Verilog input from `src/alu.v' to AST representation.
Generating RTLIL representation for module `\alu'.
Successfully finished Verilog frontend.

2. Executing Verilog-2005 frontend: src/alu_control.v
Parsing Verilog input from `src/alu_control.v' to AST representation.
Generating RTLIL representation for module `\alu_control'.
Successfully finished Verilog frontend.

3. Executing Verilog-2005 frontend: src/data_memory.v
Parsing Verilog input from `src/data_memory.v' to AST representation.
Generating RTLIL representation for module `\data_memory'.
Successfully finished Verilog frontend.

4. Executing Verilog-2005 frontend: src/ex_mem.v
Parsing Verilog input from `src/ex_mem.v' to AST representation.
Generating RTLIL representation for module `\ex_mem'.
Successfully finished Verilog frontend.

5. Executing Verilog-2005 frontend: src/id_ex.v
Parsing Verilog input from `src/id_ex.v' to AST representation.
Generating RTLIL representation for module `\id_ex'.
Successfully finished Verilog frontend.

6. Executing Verilog-2005 frontend: src/if_id.v
Parsing Verilog input from `src/if_id.v' to AST representation.
Generating RTLIL representation for module `\if_id'.
Successfully finished Verilog frontend.

7. Executing Verilog-2005 frontend: src/immediate_gen.v
Parsing Verilog input from `src/immediate_gen.v' to AST representation.
Generating RTLIL representation for module `\immediate_gen'.
Successfully finished Verilog frontend.

8. Executing Verilog-2005 frontend: src/instr_mem.v
Parsing Verilog input from `src/instr_mem.v' to AST representation.
Generating RTLIL representation for module `\instr_mem'.
Successfully finished Verilog frontend.

9. Executing Verilog-2005 frontend: src/mem_wb.v
Parsing Verilog input from `src/mem_wb.v' to AST representation.
Generating RTLIL representation for module `\mem_wb'.
Successfully finished Verilog frontend.

10. Executing Verilog-2005 frontend: src/mmul_mem.v
Parsing Verilog input from `src/mmul_mem.v' to AST representation.
Generating RTLIL representation for module `\mmul_mem'.
Warning: Replacing memory \C with list of registers. See src/mmul_mem.v:61, src/mmul_mem.v:41
Warning: Deep recursion in AST simplifier.
Does this design contain overly long or deeply nested expressions, or excessive recursion?
Successfully finished Verilog frontend.

11. Executing Verilog-2005 frontend: src/register_file.v
Parsing Verilog input from `src/register_file.v' to AST representation.
Generating RTLIL representation for module `\register_file'.
Warning: Replacing memory \regs with list of registers. See src/register_file.v:22
Successfully finished Verilog frontend.

12. Executing Verilog-2005 frontend: src/riscv_pipeline.v
Parsing Verilog input from `src/riscv_pipeline.v' to AST representation.
Generating RTLIL representation for module `\riscv_pipeline'.
Successfully finished Verilog frontend.

13. Executing Verilog-2005 frontend: src/forwarding_unit.sv
Parsing SystemVerilog input from `src/forwarding_unit.sv' to AST representation.
Generating RTLIL representation for module `\forwarding_unit'.
Successfully finished Verilog frontend.

14. Executing Verilog-2005 frontend: src/hazard_detection_unit.sv
Parsing SystemVerilog input from `src/hazard_detection_unit.sv' to AST representation.
Generating RTLIL representation for module `\hazard_detection_unit'.
Successfully finished Verilog frontend.

15. Executing HIERARCHY pass (managing design hierarchy).

15.1. Analyzing design hierarchy..
Top module:  \riscv_pipeline
Used module:     \hazard_detection_unit
Used module:     \forwarding_unit
Used module:     \mem_wb
Used module:     \mmul_mem
Used module:     \data_memory
Used module:     \ex_mem
Used module:     \id_ex
Used module:     \immediate_gen
Used module:     \register_file
Used module:     \if_id
Used module:     \instr_mem

15.2. Analyzing design hierarchy..
Top module:  \riscv_pipeline
Used module:     \hazard_detection_unit
Used module:     \forwarding_unit
Used module:     \mem_wb
Used module:     \mmul_mem
Used module:     \data_memory
Used module:     \ex_mem
Used module:     \id_ex
Used module:     \immediate_gen
Used module:     \register_file
Used module:     \if_id
Used module:     \instr_mem
Removing unused module `\alu_control'.
Removing unused module `\alu'.
Removed 2 unused modules.
Module riscv_pipeline directly or indirectly displays text -> setting "keep" attribute.
Module register_file directly or indirectly displays text -> setting "keep" attribute.
Module mmul_mem directly or indirectly displays text -> setting "keep" attribute.
Module mem_wb directly or indirectly displays text -> setting "keep" attribute.
Module if_id directly or indirectly displays text -> setting "keep" attribute.
Module hazard_detection_unit directly or indirectly displays text -> setting "keep" attribute.

16. Executing PROC pass (convert processes to netlists).

16.1. Executing PROC_CLEAN pass (remove empty switches from decision trees).
Cleaned up 0 empty switches.

16.2. Executing PROC_RMDEAD pass (remove dead branches from decision trees).
Marked 2 switch rules as full_case in process $proc$src/riscv_pipeline.v:394$761 in module riscv_pipeline.
Removed 1 dead cases from process $proc$src/register_file.v:32$685 in module register_file.
Marked 1 switch rules as full_case in process $proc$src/register_file.v:32$685 in module register_file.
Removed 1 dead cases from process $proc$src/register_file.v:31$682 in module register_file.
Marked 1 switch rules as full_case in process $proc$src/register_file.v:31$682 in module register_file.
Marked 3 switch rules as full_case in process $proc$src/register_file.v:20$668 in module register_file.
Marked 1 switch rules as full_case in process $proc$src/mmul_mem.v:164$406 in module mmul_mem.
Removed 1 dead cases from process $proc$src/mmul_mem.v:49$174 in module mmul_mem.
Marked 17 switch rules as full_case in process $proc$src/mmul_mem.v:49$174 in module mmul_mem.
Marked 1 switch rules as full_case in process $proc$src/mem_wb.v:17$32 in module mem_wb.
Marked 1 switch rules as full_case in process $proc$src/immediate_gen.v:8$30 in module immediate_gen.
Marked 2 switch rules as full_case in process $proc$src/if_id.v:12$27 in module if_id.
Marked 2 switch rules as full_case in process $proc$src/id_ex.v:37$26 in module id_ex.
Marked 1 switch rules as full_case in process $proc$src/ex_mem.v:20$25 in module ex_mem.
Marked 1 switch rules as full_case in process $proc$src/data_memory.v:22$23 in module data_memory.
Marked 1 switch rules as full_case in process $proc$src/data_memory.v:19$16 in module data_memory.
Marked 1 switch rules as full_case in process $proc$src/hazard_detection_unit.sv:18$795 in module hazard_detection_unit.
Marked 4 switch rules as full_case in process $proc$src/forwarding_unit.sv:15$766 in module forwarding_unit.
Removed a total of 3 dead cases.

16.3. Executing PROC_PRUNE pass (remove redundant assignments in processes).
Removed 22 redundant assignments.
Promoted 217 assignments to connections.

16.4. Executing PROC_INIT pass (extract init attributes).
Found init rule in `\mmul_mem.$proc$src/mmul_mem.v:36$535'.
  Set init value: \c = 8
  Set init value: \r = 8
  Set init value: \C[0] = 0
  Set init value: \C[1] = 0
  Set init value: \C[2] = 0
  Set init value: \C[3] = 0
  Set init value: \C[4] = 0
  Set init value: \C[5] = 0
  Set init value: \C[6] = 0
  Set init value: \C[7] = 0
  Set init value: \C[8] = 0
  Set init value: \C[9] = 0
  Set init value: \C[10] = 0
  Set init value: \C[11] = 0
  Set init value: \C[12] = 0
  Set init value: \C[13] = 0
  Set init value: \C[14] = 0
  Set init value: \C[15] = 0
  Set init value: \C[16] = 0
  Set init value: \C[17] = 0
  Set init value: \C[18] = 0
  Set init value: \C[19] = 0
  Set init value: \C[20] = 0
  Set init value: \C[21] = 0
  Set init value: \C[22] = 0
  Set init value: \C[23] = 0
  Set init value: \C[24] = 0
  Set init value: \C[25] = 0
  Set init value: \C[26] = 0
  Set init value: \C[27] = 0
  Set init value: \C[28] = 0
  Set init value: \C[29] = 0
  Set init value: \C[30] = 0
  Set init value: \C[31] = 0
  Set init value: \C[32] = 0
  Set init value: \C[33] = 0
  Set init value: \C[34] = 0
  Set init value: \C[35] = 0
  Set init value: \C[36] = 0
  Set init value: \C[37] = 0
  Set init value: \C[38] = 0
  Set init value: \C[39] = 0
  Set init value: \C[40] = 0
  Set init value: \C[41] = 0
  Set init value: \C[42] = 0
  Set init value: \C[43] = 0
  Set init value: \C[44] = 0
  Set init value: \C[45] = 0
  Set init value: \C[46] = 0
  Set init value: \C[47] = 0
  Set init value: \C[48] = 0
  Set init value: \C[49] = 0
  Set init value: \C[50] = 0
  Set init value: \C[51] = 0
  Set init value: \C[52] = 0
  Set init value: \C[53] = 0
  Set init value: \C[54] = 0
  Set init value: \C[55] = 0
  Set init value: \C[56] = 0
  Set init value: \C[57] = 0
  Set init value: \C[58] = 0
  Set init value: \C[59] = 0
  Set init value: \C[60] = 0
  Set init value: \C[61] = 0
  Set init value: \C[62] = 0
  Set init value: \C[63] = 0

16.5. Executing PROC_ARST pass (detect async resets in processes).
Found async reset \rst in `\riscv_pipeline.$proc$src/riscv_pipeline.v:394$761'.
Found async reset \rst in `\register_file.$proc$src/register_file.v:20$668'.
Found async reset \rst in `\mmul_mem.$proc$src/mmul_mem.v:49$174'.
Found async reset \rst in `\mem_wb.$proc$src/mem_wb.v:17$32'.
Found async reset \rst in `\if_id.$proc$src/if_id.v:12$27'.
Found async reset \rst in `\id_ex.$proc$src/id_ex.v:37$26'.
Found async reset \rst in `\ex_mem.$proc$src/ex_mem.v:20$25'.

16.6. Executing PROC_ROM pass (convert switches to ROMs).
Converted 0 switches.
<suppressed ~36 debug messages>

16.7. Executing PROC_MUX pass (convert decision trees to multiplexers).
Creating decoders for process `\riscv_pipeline.$proc$src/riscv_pipeline.v:394$761'.
     1/1: $0\pc_reg[31:0]
Creating decoders for process `\riscv_pipeline.$proc$src/riscv_pipeline.v:175$737'.
     1/1: $display$0x55556ac8e140:177$738_EN
Creating decoders for process `\register_file.$proc$src/register_file.v:32$685'.
     1/1: $1$mem2reg_rd$\regs$src/register_file.v:32$667_DATA[31:0]$687
Creating decoders for process `\register_file.$proc$src/register_file.v:31$682'.
     1/1: $1$mem2reg_rd$\regs$src/register_file.v:31$666_DATA[31:0]$684
Creating decoders for process `\register_file.$proc$src/register_file.v:20$668'.
     1/38: $2$mem2reg_wr$\regs$src/register_file.v:25$665_ADDR[4:0]$675
     2/38: $2$mem2reg_wr$\regs$src/register_file.v:25$665_DATA[31:0]$676
     3/38: $1$mem2reg_wr$\regs$src/register_file.v:25$665_DATA[31:0]$672
     4/38: $1$mem2reg_wr$\regs$src/register_file.v:25$665_ADDR[4:0]$671
     5/38: $1\i[31:0]
     6/38: $display$0x55556ac8e340:27$677_EN
     7/38: $0\regs[31][31:0]
     8/38: $0\regs[30][31:0]
     9/38: $0\regs[29][31:0]
    10/38: $0\regs[28][31:0]
    11/38: $0\regs[27][31:0]
    12/38: $0\regs[26][31:0]
    13/38: $0\regs[25][31:0]
    14/38: $0\regs[24][31:0]
    15/38: $0\regs[23][31:0]
    16/38: $0\regs[22][31:0]
    17/38: $0\regs[21][31:0]
    18/38: $0\regs[20][31:0]
    19/38: $0\regs[19][31:0]
    20/38: $0\regs[18][31:0]
    21/38: $0\regs[17][31:0]
    22/38: $0\regs[16][31:0]
    23/38: $0\regs[15][31:0]
    24/38: $0\regs[14][31:0]
    25/38: $0\regs[13][31:0]
    26/38: $0\regs[12][31:0]
    27/38: $0\regs[11][31:0]
    28/38: $0\regs[10][31:0]
    29/38: $0\regs[9][31:0]
    30/38: $0\regs[8][31:0]
    31/38: $0\regs[7][31:0]
    32/38: $0\regs[6][31:0]
    33/38: $0\regs[5][31:0]
    34/38: $0\regs[4][31:0]
    35/38: $0\regs[3][31:0]
    36/38: $0\regs[2][31:0]
    37/38: $0\regs[1][31:0]
    38/38: $0\regs[0][31:0]
Creating decoders for process `\mmul_mem.$proc$src/mmul_mem.v:36$535'.
Creating decoders for process `\mmul_mem.$proc$src/mmul_mem.v:164$406'.
     1/1: $1\rdata[31:0]
Creating decoders for process `\mmul_mem.$proc$src/mmul_mem.v:49$174'.
     1/140: $3\r[31:0]
     2/140: $4$mem2reg_rd$\C$src/mmul_mem.v:87$45_DATA[31:0]$196
     3/140: $3$mem2reg_wr$\C$src/mmul_mem.v:87$44_ADDR[5:0]$190
     4/140: $3$mem2reg_wr$\C$src/mmul_mem.v:87$44_DATA[31:0]$191
     5/140: $3$mem2reg_rd$\C$src/mmul_mem.v:87$45_DATA[31:0]$193
     6/140: $3$mem2reg_rd$\C$src/mmul_mem.v:87$45_ADDR[5:0]$192
     7/140: $2\r[31:0]
     8/140: $2\c[31:0]
     9/140: $2$mem2reg_rd$\C$src/mmul_mem.v:87$45_DATA[31:0]$188
    10/140: $2$mem2reg_rd$\C$src/mmul_mem.v:87$45_ADDR[5:0]$187
    11/140: $2$mem2reg_wr$\C$src/mmul_mem.v:87$44_DATA[31:0]$186
    12/140: $2$mem2reg_wr$\C$src/mmul_mem.v:87$44_ADDR[5:0]$185
    13/140: $1\r[31:0]
    14/140: $1$mem2reg_rd$\C$src/mmul_mem.v:87$45_DATA[31:0]$182
    15/140: $1$mem2reg_rd$\C$src/mmul_mem.v:87$45_ADDR[5:0]$181
    16/140: $1$mem2reg_wr$\C$src/mmul_mem.v:87$44_DATA[31:0]$180
    17/140: $1$mem2reg_wr$\C$src/mmul_mem.v:87$44_ADDR[5:0]$179
    18/140: $1\c[31:0]
    19/140: $0\mmul_done[0:0]
    20/140: $display$0x55556aced900:156$405_EN
    21/140: $display$0x55556aced900:155$404_EN
    22/140: $display$0x55556aced900:151$403_EN
    23/140: $display$0x55556aced900:148$402_EN
    24/140: $display$0x55556aced900:151$400_EN
    25/140: $display$0x55556aced900:148$399_EN
    26/140: $display$0x55556aced900:151$397_EN
    27/140: $display$0x55556aced900:148$396_EN
    28/140: $display$0x55556aced900:151$394_EN
    29/140: $display$0x55556aced900:148$393_EN
    30/140: $display$0x55556aced900:151$391_EN
    31/140: $display$0x55556aced900:148$390_EN
    32/140: $display$0x55556aced900:151$388_EN
    33/140: $display$0x55556aced900:148$387_EN
    34/140: $display$0x55556aced900:151$385_EN
    35/140: $display$0x55556aced900:148$384_EN
    36/140: $display$0x55556aced900:151$382_EN
    37/140: $display$0x55556aced900:148$381_EN
    38/140: $display$0x55556aced900:145$379_EN
    39/140: $display$0x55556aced900:140$378_EN
    40/140: $display$0x55556aced900:140$377_EN
    41/140: $display$0x55556aced900:140$376_EN
    42/140: $display$0x55556aced900:140$375_EN
    43/140: $display$0x55556aced900:140$374_EN
    44/140: $display$0x55556aced900:140$373_EN
    45/140: $display$0x55556aced900:140$372_EN
    46/140: $display$0x55556aced900:140$371_EN
    47/140: $display$0x55556aced900:138$370_EN
    48/140: $display$0x55556aced900:133$361_EN
    49/140: $display$0x55556aced900:133$352_EN
    50/140: $display$0x55556aced900:133$343_EN
    51/140: $display$0x55556aced900:133$334_EN
    52/140: $display$0x55556aced900:133$325_EN
    53/140: $display$0x55556aced900:133$316_EN
    54/140: $display$0x55556aced900:133$307_EN
    55/140: $display$0x55556aced900:133$298_EN
    56/140: $display$0x55556aced900:131$297_EN
    57/140: $display$0x55556aced900:126$288_EN
    58/140: $display$0x55556aced900:126$279_EN
    59/140: $display$0x55556aced900:126$270_EN
    60/140: $display$0x55556aced900:126$261_EN
    61/140: $display$0x55556aced900:126$252_EN
    62/140: $display$0x55556aced900:126$243_EN
    63/140: $display$0x55556aced900:126$234_EN
    64/140: $display$0x55556aced900:126$225_EN
    65/140: $display$0x55556aced900:124$224_EN
    66/140: $display$0x55556aced900:121$223_EN
    67/140: $display$0x55556aced900:120$222_EN
    68/140: $display$0x55556aced900:119$221_EN
    69/140: $display$0x55556aced900:89$207_EN
    70/140: $display$0x55556aced900:80$189_EN
    71/140: $0\C[63][31:0]
    72/140: $0\C[62][31:0]
    73/140: $0\C[61][31:0]
    74/140: $0\C[60][31:0]
    75/140: $0\C[59][31:0]
    76/140: $0\C[58][31:0]
    77/140: $0\C[57][31:0]
    78/140: $0\C[56][31:0]
    79/140: $0\C[55][31:0]
    80/140: $0\C[54][31:0]
    81/140: $0\C[53][31:0]
    82/140: $0\C[52][31:0]
    83/140: $0\C[51][31:0]
    84/140: $0\C[50][31:0]
    85/140: $0\C[49][31:0]
    86/140: $0\C[48][31:0]
    87/140: $0\C[47][31:0]
    88/140: $0\C[46][31:0]
    89/140: $0\C[45][31:0]
    90/140: $0\C[44][31:0]
    91/140: $0\C[43][31:0]
    92/140: $0\C[42][31:0]
    93/140: $0\C[41][31:0]
    94/140: $0\C[40][31:0]
    95/140: $0\C[39][31:0]
    96/140: $0\C[38][31:0]
    97/140: $0\C[37][31:0]
    98/140: $0\C[36][31:0]
    99/140: $0\C[35][31:0]
   100/140: $0\C[34][31:0]
   101/140: $0\C[33][31:0]
   102/140: $0\C[32][31:0]
   103/140: $0\C[31][31:0]
   104/140: $0\C[30][31:0]
   105/140: $0\C[29][31:0]
   106/140: $0\C[28][31:0]
   107/140: $0\C[27][31:0]
   108/140: $0\C[26][31:0]
   109/140: $0\C[25][31:0]
   110/140: $0\C[24][31:0]
   111/140: $0\C[23][31:0]
   112/140: $0\C[22][31:0]
   113/140: $0\C[21][31:0]
   114/140: $0\C[20][31:0]
   115/140: $0\C[19][31:0]
   116/140: $0\C[18][31:0]
   117/140: $0\C[17][31:0]
   118/140: $0\C[16][31:0]
   119/140: $0\C[15][31:0]
   120/140: $0\C[14][31:0]
   121/140: $0\C[13][31:0]
   122/140: $0\C[12][31:0]
   123/140: $0\C[11][31:0]
   124/140: $0\C[10][31:0]
   125/140: $0\C[9][31:0]
   126/140: $0\C[8][31:0]
   127/140: $0\C[7][31:0]
   128/140: $0\C[6][31:0]
   129/140: $0\C[5][31:0]
   130/140: $0\C[4][31:0]
   131/140: $0\C[3][31:0]
   132/140: $0\C[2][31:0]
   133/140: $0\C[1][31:0]
   134/140: $0\C[0][31:0]
   135/140: $0\finish_pending[0:0]
   136/140: $0\k[2:0]
   137/140: $0\j[2:0]
   138/140: $0\mmul_result_valid[0:0]
   139/140: $0\mmul_busy[0:0]
   140/140: $0\i[2:0]
Creating decoders for process `\mem_wb.$proc$src/mem_wb.v:17$32'.
     1/6: $display$0x55556accce00:32$33_EN
     2/6: $0\alu_result_out[31:0]
     3/6: $0\mem_data_out[31:0]
     4/6: $0\reg_write_out[0:0]
     5/6: $0\mem_to_reg_out[0:0]
     6/6: $0\rd_out[4:0]
Creating decoders for process `\immediate_gen.$proc$src/immediate_gen.v:8$30'.
     1/1: $1\imm_out[31:0]
Creating decoders for process `\if_id.$proc$src/if_id.v:12$27'.
     1/4: $display$0x55556acaa3d0:23$29_EN
     2/4: $display$0x55556acaa3d0:19$28_EN
     3/4: $0\instr_out[31:0]
     4/4: $0\pc_out[31:0]
Creating decoders for process `\id_ex.$proc$src/id_ex.v:37$26'.
     1/13: $0\reg_write_out[0:0]
     2/13: $0\mem_to_reg_out[0:0]
     3/13: $0\mem_write_out[0:0]
     4/13: $0\mem_read_out[0:0]
     5/13: $0\alu_src_out[0:0]
     6/13: $0\opcode_out[6:0]
     7/13: $0\rd_out[4:0]
     8/13: $0\rs2_addr_out[4:0]
     9/13: $0\rs1_addr_out[4:0]
    10/13: $0\imm_out[31:0]
    11/13: $0\rs2_out[31:0]
    12/13: $0\rs1_out[31:0]
    13/13: $0\pc_out[31:0]
Creating decoders for process `\ex_mem.$proc$src/ex_mem.v:20$25'.
     1/7: $0\reg_write_out[0:0]
     2/7: $0\mem_to_reg_out[0:0]
     3/7: $0\mem_write_out[0:0]
     4/7: $0\mem_read_out[0:0]
     5/7: $0\rd_out[4:0]
     6/7: $0\rs2_data_out[31:0]
     7/7: $0\alu_out[31:0]
Creating decoders for process `\data_memory.$proc$src/data_memory.v:22$23'.
     1/1: $1\read_data[31:0]
Creating decoders for process `\data_memory.$proc$src/data_memory.v:19$16'.
     1/3: $1$memwr$\mem$src/data_memory.v:20$15_EN[31:0]$22
     2/3: $1$memwr$\mem$src/data_memory.v:20$15_DATA[31:0]$21
     3/3: $1$memwr$\mem$src/data_memory.v:20$15_ADDR[9:0]$20
Creating decoders for process `\hazard_detection_unit.$proc$src/hazard_detection_unit.sv:18$795'.
     1/3: $1\idex_flush[0:0]
     2/3: $1\ifid_write[0:0]
     3/3: $1\pc_write[0:0]
Creating decoders for process `\forwarding_unit.$proc$src/forwarding_unit.sv:15$766'.
     1/4: $2\forward_b[1:0]
     2/4: $2\forward_a[1:0]
     3/4: $1\forward_b[1:0]
     4/4: $1\forward_a[1:0]

16.8. Executing PROC_DLATCH pass (convert process syncs to latches).
No latch inferred for signal `\register_file.$mem2reg_rd$\regs$src/register_file.v:32$667_DATA' from process `\register_file.$proc$src/register_file.v:32$685'.
No latch inferred for signal `\register_file.$mem2reg_rd$\regs$src/register_file.v:31$666_DATA' from process `\register_file.$proc$src/register_file.v:31$682'.
No latch inferred for signal `\mmul_mem.$memwr$\A$src/mmul_mem.v:39$46_EN' from process `\mmul_mem.$proc$src/mmul_mem.v:36$535'.
No latch inferred for signal `\mmul_mem.$memwr$\B$src/mmul_mem.v:40$47_EN' from process `\mmul_mem.$proc$src/mmul_mem.v:36$535'.
No latch inferred for signal `\mmul_mem.$memwr$\A$src/mmul_mem.v:39$48_EN' from process `\mmul_mem.$proc$src/mmul_mem.v:36$535'.
No latch inferred for signal `\mmul_mem.$memwr$\B$src/mmul_mem.v:40$49_EN' from process `\mmul_mem.$proc$src/mmul_mem.v:36$535'.
No latch inferred for signal `\mmul_mem.$memwr$\A$src/mmul_mem.v:39$50_EN' from process `\mmul_mem.$proc$src/mmul_mem.v:36$535'.
No latch inferred for signal `\mmul_mem.$memwr$\B$src/mmul_mem.v:40$51_EN' from process `\mmul_mem.$proc$src/mmul_mem.v:36$535'.
No latch inferred for signal `\mmul_mem.$memwr$\A$src/mmul_mem.v:39$52_EN' from process `\mmul_mem.$proc$src/mmul_mem.v:36$535'.
No latch inferred for signal `\mmul_mem.$memwr$\B$src/mmul_mem.v:40$53_EN' from process `\mmul_mem.$proc$src/mmul_mem.v:36$535'.
No latch inferred for signal `\mmul_mem.$memwr$\A$src/mmul_mem.v:39$54_EN' from process `\mmul_mem.$proc$src/mmul_mem.v:36$535'.
No latch inferred for signal `\mmul_mem.$memwr$\B$src/mmul_mem.v:40$55_EN' from process `\mmul_mem.$proc$src/mmul_mem.v:36$535'.
No latch inferred for signal `\mmul_mem.$memwr$\A$src/mmul_mem.v:39$56_EN' from process `\mmul_mem.$proc$src/mmul_mem.v:36$535'.
No latch inferred for signal `\mmul_mem.$memwr$\B$src/mmul_mem.v:40$57_EN' from process `\mmul_mem.$proc$src/mmul_mem.v:36$535'.
No latch inferred for signal `\mmul_mem.$memwr$\A$src/mmul_mem.v:39$58_EN' from process `\mmul_mem.$proc$src/mmul_mem.v:36$535'.
No latch inferred for signal `\mmul_mem.$memwr$\B$src/mmul_mem.v:40$59_EN' from process `\mmul_mem.$proc$src/mmul_mem.v:36$535'.
No latch inferred for signal `\mmul_mem.$memwr$\A$src/mmul_mem.v:39$60_EN' from process `\mmul_mem.$proc$src/mmul_mem.v:36$535'.
No latch inferred for signal `\mmul_mem.$memwr$\B$src/mmul_mem.v:40$61_EN' from process `\mmul_mem.$proc$src/mmul_mem.v:36$535'.
No latch inferred for signal `\mmul_mem.$memwr$\A$src/mmul_mem.v:39$62_EN' from process `\mmul_mem.$proc$src/mmul_mem.v:36$535'.
No latch inferred for signal `\mmul_mem.$memwr$\B$src/mmul_mem.v:40$63_EN' from process `\mmul_mem.$proc$src/mmul_mem.v:36$535'.
No latch inferred for signal `\mmul_mem.$memwr$\A$src/mmul_mem.v:39$64_EN' from process `\mmul_mem.$proc$src/mmul_mem.v:36$535'.
No latch inferred for signal `\mmul_mem.$memwr$\B$src/mmul_mem.v:40$65_EN' from process `\mmul_mem.$proc$src/mmul_mem.v:36$535'.
No latch inferred for signal `\mmul_mem.$memwr$\A$src/mmul_mem.v:39$66_EN' from process `\mmul_mem.$proc$src/mmul_mem.v:36$535'.
No latch inferred for signal `\mmul_mem.$memwr$\B$src/mmul_mem.v:40$67_EN' from process `\mmul_mem.$proc$src/mmul_mem.v:36$535'.
No latch inferred for signal `\mmul_mem.$memwr$\A$src/mmul_mem.v:39$68_EN' from process `\mmul_mem.$proc$src/mmul_mem.v:36$535'.
No latch inferred for signal `\mmul_mem.$memwr$\B$src/mmul_mem.v:40$69_EN' from process `\mmul_mem.$proc$src/mmul_mem.v:36$535'.
No latch inferred for signal `\mmul_mem.$memwr$\A$src/mmul_mem.v:39$70_EN' from process `\mmul_mem.$proc$src/mmul_mem.v:36$535'.
No latch inferred for signal `\mmul_mem.$memwr$\B$src/mmul_mem.v:40$71_EN' from process `\mmul_mem.$proc$src/mmul_mem.v:36$535'.
No latch inferred for signal `\mmul_mem.$memwr$\A$src/mmul_mem.v:39$72_EN' from process `\mmul_mem.$proc$src/mmul_mem.v:36$535'.
No latch inferred for signal `\mmul_mem.$memwr$\B$src/mmul_mem.v:40$73_EN' from process `\mmul_mem.$proc$src/mmul_mem.v:36$535'.
No latch inferred for signal `\mmul_mem.$memwr$\A$src/mmul_mem.v:39$74_EN' from process `\mmul_mem.$proc$src/mmul_mem.v:36$535'.
No latch inferred for signal `\mmul_mem.$memwr$\B$src/mmul_mem.v:40$75_EN' from process `\mmul_mem.$proc$src/mmul_mem.v:36$535'.
No latch inferred for signal `\mmul_mem.$memwr$\A$src/mmul_mem.v:39$76_EN' from process `\mmul_mem.$proc$src/mmul_mem.v:36$535'.
No latch inferred for signal `\mmul_mem.$memwr$\B$src/mmul_mem.v:40$77_EN' from process `\mmul_mem.$proc$src/mmul_mem.v:36$535'.
No latch inferred for signal `\mmul_mem.$memwr$\A$src/mmul_mem.v:39$78_EN' from process `\mmul_mem.$proc$src/mmul_mem.v:36$535'.
No latch inferred for signal `\mmul_mem.$memwr$\B$src/mmul_mem.v:40$79_EN' from process `\mmul_mem.$proc$src/mmul_mem.v:36$535'.
No latch inferred for signal `\mmul_mem.$memwr$\A$src/mmul_mem.v:39$80_EN' from process `\mmul_mem.$proc$src/mmul_mem.v:36$535'.
No latch inferred for signal `\mmul_mem.$memwr$\B$src/mmul_mem.v:40$81_EN' from process `\mmul_mem.$proc$src/mmul_mem.v:36$535'.
No latch inferred for signal `\mmul_mem.$memwr$\A$src/mmul_mem.v:39$82_EN' from process `\mmul_mem.$proc$src/mmul_mem.v:36$535'.
No latch inferred for signal `\mmul_mem.$memwr$\B$src/mmul_mem.v:40$83_EN' from process `\mmul_mem.$proc$src/mmul_mem.v:36$535'.
No latch inferred for signal `\mmul_mem.$memwr$\A$src/mmul_mem.v:39$84_EN' from process `\mmul_mem.$proc$src/mmul_mem.v:36$535'.
No latch inferred for signal `\mmul_mem.$memwr$\B$src/mmul_mem.v:40$85_EN' from process `\mmul_mem.$proc$src/mmul_mem.v:36$535'.
No latch inferred for signal `\mmul_mem.$memwr$\A$src/mmul_mem.v:39$86_EN' from process `\mmul_mem.$proc$src/mmul_mem.v:36$535'.
No latch inferred for signal `\mmul_mem.$memwr$\B$src/mmul_mem.v:40$87_EN' from process `\mmul_mem.$proc$src/mmul_mem.v:36$535'.
No latch inferred for signal `\mmul_mem.$memwr$\A$src/mmul_mem.v:39$88_EN' from process `\mmul_mem.$proc$src/mmul_mem.v:36$535'.
No latch inferred for signal `\mmul_mem.$memwr$\B$src/mmul_mem.v:40$89_EN' from process `\mmul_mem.$proc$src/mmul_mem.v:36$535'.
No latch inferred for signal `\mmul_mem.$memwr$\A$src/mmul_mem.v:39$90_EN' from process `\mmul_mem.$proc$src/mmul_mem.v:36$535'.
No latch inferred for signal `\mmul_mem.$memwr$\B$src/mmul_mem.v:40$91_EN' from process `\mmul_mem.$proc$src/mmul_mem.v:36$535'.
No latch inferred for signal `\mmul_mem.$memwr$\A$src/mmul_mem.v:39$92_EN' from process `\mmul_mem.$proc$src/mmul_mem.v:36$535'.
No latch inferred for signal `\mmul_mem.$memwr$\B$src/mmul_mem.v:40$93_EN' from process `\mmul_mem.$proc$src/mmul_mem.v:36$535'.
No latch inferred for signal `\mmul_mem.$memwr$\A$src/mmul_mem.v:39$94_EN' from process `\mmul_mem.$proc$src/mmul_mem.v:36$535'.
No latch inferred for signal `\mmul_mem.$memwr$\B$src/mmul_mem.v:40$95_EN' from process `\mmul_mem.$proc$src/mmul_mem.v:36$535'.
No latch inferred for signal `\mmul_mem.$memwr$\A$src/mmul_mem.v:39$96_EN' from process `\mmul_mem.$proc$src/mmul_mem.v:36$535'.
No latch inferred for signal `\mmul_mem.$memwr$\B$src/mmul_mem.v:40$97_EN' from process `\mmul_mem.$proc$src/mmul_mem.v:36$535'.
No latch inferred for signal `\mmul_mem.$memwr$\A$src/mmul_mem.v:39$98_EN' from process `\mmul_mem.$proc$src/mmul_mem.v:36$535'.
No latch inferred for signal `\mmul_mem.$memwr$\B$src/mmul_mem.v:40$99_EN' from process `\mmul_mem.$proc$src/mmul_mem.v:36$535'.
No latch inferred for signal `\mmul_mem.$memwr$\A$src/mmul_mem.v:39$100_EN' from process `\mmul_mem.$proc$src/mmul_mem.v:36$535'.
No latch inferred for signal `\mmul_mem.$memwr$\B$src/mmul_mem.v:40$101_EN' from process `\mmul_mem.$proc$src/mmul_mem.v:36$535'.
No latch inferred for signal `\mmul_mem.$memwr$\A$src/mmul_mem.v:39$102_EN' from process `\mmul_mem.$proc$src/mmul_mem.v:36$535'.
No latch inferred for signal `\mmul_mem.$memwr$\B$src/mmul_mem.v:40$103_EN' from process `\mmul_mem.$proc$src/mmul_mem.v:36$535'.
No latch inferred for signal `\mmul_mem.$memwr$\A$src/mmul_mem.v:39$104_EN' from process `\mmul_mem.$proc$src/mmul_mem.v:36$535'.
No latch inferred for signal `\mmul_mem.$memwr$\B$src/mmul_mem.v:40$105_EN' from process `\mmul_mem.$proc$src/mmul_mem.v:36$535'.
No latch inferred for signal `\mmul_mem.$memwr$\A$src/mmul_mem.v:39$106_EN' from process `\mmul_mem.$proc$src/mmul_mem.v:36$535'.
No latch inferred for signal `\mmul_mem.$memwr$\B$src/mmul_mem.v:40$107_EN' from process `\mmul_mem.$proc$src/mmul_mem.v:36$535'.
No latch inferred for signal `\mmul_mem.$memwr$\A$src/mmul_mem.v:39$108_EN' from process `\mmul_mem.$proc$src/mmul_mem.v:36$535'.
No latch inferred for signal `\mmul_mem.$memwr$\B$src/mmul_mem.v:40$109_EN' from process `\mmul_mem.$proc$src/mmul_mem.v:36$535'.
No latch inferred for signal `\mmul_mem.$memwr$\A$src/mmul_mem.v:39$110_EN' from process `\mmul_mem.$proc$src/mmul_mem.v:36$535'.
No latch inferred for signal `\mmul_mem.$memwr$\B$src/mmul_mem.v:40$111_EN' from process `\mmul_mem.$proc$src/mmul_mem.v:36$535'.
No latch inferred for signal `\mmul_mem.$memwr$\A$src/mmul_mem.v:39$112_EN' from process `\mmul_mem.$proc$src/mmul_mem.v:36$535'.
No latch inferred for signal `\mmul_mem.$memwr$\B$src/mmul_mem.v:40$113_EN' from process `\mmul_mem.$proc$src/mmul_mem.v:36$535'.
No latch inferred for signal `\mmul_mem.$memwr$\A$src/mmul_mem.v:39$114_EN' from process `\mmul_mem.$proc$src/mmul_mem.v:36$535'.
No latch inferred for signal `\mmul_mem.$memwr$\B$src/mmul_mem.v:40$115_EN' from process `\mmul_mem.$proc$src/mmul_mem.v:36$535'.
No latch inferred for signal `\mmul_mem.$memwr$\A$src/mmul_mem.v:39$116_EN' from process `\mmul_mem.$proc$src/mmul_mem.v:36$535'.
No latch inferred for signal `\mmul_mem.$memwr$\B$src/mmul_mem.v:40$117_EN' from process `\mmul_mem.$proc$src/mmul_mem.v:36$535'.
No latch inferred for signal `\mmul_mem.$memwr$\A$src/mmul_mem.v:39$118_EN' from process `\mmul_mem.$proc$src/mmul_mem.v:36$535'.
No latch inferred for signal `\mmul_mem.$memwr$\B$src/mmul_mem.v:40$119_EN' from process `\mmul_mem.$proc$src/mmul_mem.v:36$535'.
No latch inferred for signal `\mmul_mem.$memwr$\A$src/mmul_mem.v:39$120_EN' from process `\mmul_mem.$proc$src/mmul_mem.v:36$535'.
No latch inferred for signal `\mmul_mem.$memwr$\B$src/mmul_mem.v:40$121_EN' from process `\mmul_mem.$proc$src/mmul_mem.v:36$535'.
No latch inferred for signal `\mmul_mem.$memwr$\A$src/mmul_mem.v:39$122_EN' from process `\mmul_mem.$proc$src/mmul_mem.v:36$535'.
No latch inferred for signal `\mmul_mem.$memwr$\B$src/mmul_mem.v:40$123_EN' from process `\mmul_mem.$proc$src/mmul_mem.v:36$535'.
No latch inferred for signal `\mmul_mem.$memwr$\A$src/mmul_mem.v:39$124_EN' from process `\mmul_mem.$proc$src/mmul_mem.v:36$535'.
No latch inferred for signal `\mmul_mem.$memwr$\B$src/mmul_mem.v:40$125_EN' from process `\mmul_mem.$proc$src/mmul_mem.v:36$535'.
No latch inferred for signal `\mmul_mem.$memwr$\A$src/mmul_mem.v:39$126_EN' from process `\mmul_mem.$proc$src/mmul_mem.v:36$535'.
No latch inferred for signal `\mmul_mem.$memwr$\B$src/mmul_mem.v:40$127_EN' from process `\mmul_mem.$proc$src/mmul_mem.v:36$535'.
No latch inferred for signal `\mmul_mem.$memwr$\A$src/mmul_mem.v:39$128_EN' from process `\mmul_mem.$proc$src/mmul_mem.v:36$535'.
No latch inferred for signal `\mmul_mem.$memwr$\B$src/mmul_mem.v:40$129_EN' from process `\mmul_mem.$proc$src/mmul_mem.v:36$535'.
No latch inferred for signal `\mmul_mem.$memwr$\A$src/mmul_mem.v:39$130_EN' from process `\mmul_mem.$proc$src/mmul_mem.v:36$535'.
No latch inferred for signal `\mmul_mem.$memwr$\B$src/mmul_mem.v:40$131_EN' from process `\mmul_mem.$proc$src/mmul_mem.v:36$535'.
No latch inferred for signal `\mmul_mem.$memwr$\A$src/mmul_mem.v:39$132_EN' from process `\mmul_mem.$proc$src/mmul_mem.v:36$535'.
No latch inferred for signal `\mmul_mem.$memwr$\B$src/mmul_mem.v:40$133_EN' from process `\mmul_mem.$proc$src/mmul_mem.v:36$535'.
No latch inferred for signal `\mmul_mem.$memwr$\A$src/mmul_mem.v:39$134_EN' from process `\mmul_mem.$proc$src/mmul_mem.v:36$535'.
No latch inferred for signal `\mmul_mem.$memwr$\B$src/mmul_mem.v:40$135_EN' from process `\mmul_mem.$proc$src/mmul_mem.v:36$535'.
No latch inferred for signal `\mmul_mem.$memwr$\A$src/mmul_mem.v:39$136_EN' from process `\mmul_mem.$proc$src/mmul_mem.v:36$535'.
No latch inferred for signal `\mmul_mem.$memwr$\B$src/mmul_mem.v:40$137_EN' from process `\mmul_mem.$proc$src/mmul_mem.v:36$535'.
No latch inferred for signal `\mmul_mem.$memwr$\A$src/mmul_mem.v:39$138_EN' from process `\mmul_mem.$proc$src/mmul_mem.v:36$535'.
No latch inferred for signal `\mmul_mem.$memwr$\B$src/mmul_mem.v:40$139_EN' from process `\mmul_mem.$proc$src/mmul_mem.v:36$535'.
No latch inferred for signal `\mmul_mem.$memwr$\A$src/mmul_mem.v:39$140_EN' from process `\mmul_mem.$proc$src/mmul_mem.v:36$535'.
No latch inferred for signal `\mmul_mem.$memwr$\B$src/mmul_mem.v:40$141_EN' from process `\mmul_mem.$proc$src/mmul_mem.v:36$535'.
No latch inferred for signal `\mmul_mem.$memwr$\A$src/mmul_mem.v:39$142_EN' from process `\mmul_mem.$proc$src/mmul_mem.v:36$535'.
No latch inferred for signal `\mmul_mem.$memwr$\B$src/mmul_mem.v:40$143_EN' from process `\mmul_mem.$proc$src/mmul_mem.v:36$535'.
No latch inferred for signal `\mmul_mem.$memwr$\A$src/mmul_mem.v:39$144_EN' from process `\mmul_mem.$proc$src/mmul_mem.v:36$535'.
No latch inferred for signal `\mmul_mem.$memwr$\B$src/mmul_mem.v:40$145_EN' from process `\mmul_mem.$proc$src/mmul_mem.v:36$535'.
No latch inferred for signal `\mmul_mem.$memwr$\A$src/mmul_mem.v:39$146_EN' from process `\mmul_mem.$proc$src/mmul_mem.v:36$535'.
No latch inferred for signal `\mmul_mem.$memwr$\B$src/mmul_mem.v:40$147_EN' from process `\mmul_mem.$proc$src/mmul_mem.v:36$535'.
No latch inferred for signal `\mmul_mem.$memwr$\A$src/mmul_mem.v:39$148_EN' from process `\mmul_mem.$proc$src/mmul_mem.v:36$535'.
No latch inferred for signal `\mmul_mem.$memwr$\B$src/mmul_mem.v:40$149_EN' from process `\mmul_mem.$proc$src/mmul_mem.v:36$535'.
No latch inferred for signal `\mmul_mem.$memwr$\A$src/mmul_mem.v:39$150_EN' from process `\mmul_mem.$proc$src/mmul_mem.v:36$535'.
No latch inferred for signal `\mmul_mem.$memwr$\B$src/mmul_mem.v:40$151_EN' from process `\mmul_mem.$proc$src/mmul_mem.v:36$535'.
No latch inferred for signal `\mmul_mem.$memwr$\A$src/mmul_mem.v:39$152_EN' from process `\mmul_mem.$proc$src/mmul_mem.v:36$535'.
No latch inferred for signal `\mmul_mem.$memwr$\B$src/mmul_mem.v:40$153_EN' from process `\mmul_mem.$proc$src/mmul_mem.v:36$535'.
No latch inferred for signal `\mmul_mem.$memwr$\A$src/mmul_mem.v:39$154_EN' from process `\mmul_mem.$proc$src/mmul_mem.v:36$535'.
No latch inferred for signal `\mmul_mem.$memwr$\B$src/mmul_mem.v:40$155_EN' from process `\mmul_mem.$proc$src/mmul_mem.v:36$535'.
No latch inferred for signal `\mmul_mem.$memwr$\A$src/mmul_mem.v:39$156_EN' from process `\mmul_mem.$proc$src/mmul_mem.v:36$535'.
No latch inferred for signal `\mmul_mem.$memwr$\B$src/mmul_mem.v:40$157_EN' from process `\mmul_mem.$proc$src/mmul_mem.v:36$535'.
No latch inferred for signal `\mmul_mem.$memwr$\A$src/mmul_mem.v:39$158_EN' from process `\mmul_mem.$proc$src/mmul_mem.v:36$535'.
No latch inferred for signal `\mmul_mem.$memwr$\B$src/mmul_mem.v:40$159_EN' from process `\mmul_mem.$proc$src/mmul_mem.v:36$535'.
No latch inferred for signal `\mmul_mem.$memwr$\A$src/mmul_mem.v:39$160_EN' from process `\mmul_mem.$proc$src/mmul_mem.v:36$535'.
No latch inferred for signal `\mmul_mem.$memwr$\B$src/mmul_mem.v:40$161_EN' from process `\mmul_mem.$proc$src/mmul_mem.v:36$535'.
No latch inferred for signal `\mmul_mem.$memwr$\A$src/mmul_mem.v:39$162_EN' from process `\mmul_mem.$proc$src/mmul_mem.v:36$535'.
No latch inferred for signal `\mmul_mem.$memwr$\B$src/mmul_mem.v:40$163_EN' from process `\mmul_mem.$proc$src/mmul_mem.v:36$535'.
No latch inferred for signal `\mmul_mem.$memwr$\A$src/mmul_mem.v:39$164_EN' from process `\mmul_mem.$proc$src/mmul_mem.v:36$535'.
No latch inferred for signal `\mmul_mem.$memwr$\B$src/mmul_mem.v:40$165_EN' from process `\mmul_mem.$proc$src/mmul_mem.v:36$535'.
No latch inferred for signal `\mmul_mem.$memwr$\A$src/mmul_mem.v:39$166_EN' from process `\mmul_mem.$proc$src/mmul_mem.v:36$535'.
No latch inferred for signal `\mmul_mem.$memwr$\B$src/mmul_mem.v:40$167_EN' from process `\mmul_mem.$proc$src/mmul_mem.v:36$535'.
No latch inferred for signal `\mmul_mem.$memwr$\A$src/mmul_mem.v:39$168_EN' from process `\mmul_mem.$proc$src/mmul_mem.v:36$535'.
No latch inferred for signal `\mmul_mem.$memwr$\B$src/mmul_mem.v:40$169_EN' from process `\mmul_mem.$proc$src/mmul_mem.v:36$535'.
No latch inferred for signal `\mmul_mem.$memwr$\A$src/mmul_mem.v:39$170_EN' from process `\mmul_mem.$proc$src/mmul_mem.v:36$535'.
No latch inferred for signal `\mmul_mem.$memwr$\B$src/mmul_mem.v:40$171_EN' from process `\mmul_mem.$proc$src/mmul_mem.v:36$535'.
No latch inferred for signal `\mmul_mem.$memwr$\A$src/mmul_mem.v:39$172_EN' from process `\mmul_mem.$proc$src/mmul_mem.v:36$535'.
No latch inferred for signal `\mmul_mem.$memwr$\B$src/mmul_mem.v:40$173_EN' from process `\mmul_mem.$proc$src/mmul_mem.v:36$535'.
No latch inferred for signal `\mmul_mem.\rdata' from process `\mmul_mem.$proc$src/mmul_mem.v:164$406'.
No latch inferred for signal `\immediate_gen.\imm_out' from process `\immediate_gen.$proc$src/immediate_gen.v:8$30'.
No latch inferred for signal `\data_memory.\read_data' from process `\data_memory.$proc$src/data_memory.v:22$23'.
No latch inferred for signal `\hazard_detection_unit.\pc_write' from process `\hazard_detection_unit.$proc$src/hazard_detection_unit.sv:18$795'.
No latch inferred for signal `\hazard_detection_unit.\ifid_write' from process `\hazard_detection_unit.$proc$src/hazard_detection_unit.sv:18$795'.
No latch inferred for signal `\hazard_detection_unit.\idex_flush' from process `\hazard_detection_unit.$proc$src/hazard_detection_unit.sv:18$795'.
No latch inferred for signal `\forwarding_unit.\forward_a' from process `\forwarding_unit.$proc$src/forwarding_unit.sv:15$766'.
No latch inferred for signal `\forwarding_unit.\forward_b' from process `\forwarding_unit.$proc$src/forwarding_unit.sv:15$766'.

16.9. Executing PROC_DFF pass (convert process syncs to FFs).
Creating register for signal `\riscv_pipeline.\pc_reg' using process `\riscv_pipeline.$proc$src/riscv_pipeline.v:394$761'.
  created $adff cell `$procdff$4587' with positive edge clock and positive level reset.
Creating register for signal `\register_file.\i' using process `\register_file.$proc$src/register_file.v:20$668'.
  created $adff cell `$procdff$4590' with positive edge clock and positive level reset.
Creating register for signal `\register_file.\regs[0]' using process `\register_file.$proc$src/register_file.v:20$668'.
  created $adff cell `$procdff$4593' with positive edge clock and positive level reset.
Creating register for signal `\register_file.\regs[1]' using process `\register_file.$proc$src/register_file.v:20$668'.
  created $adff cell `$procdff$4596' with positive edge clock and positive level reset.
Creating register for signal `\register_file.\regs[2]' using process `\register_file.$proc$src/register_file.v:20$668'.
  created $adff cell `$procdff$4599' with positive edge clock and positive level reset.
Creating register for signal `\register_file.\regs[3]' using process `\register_file.$proc$src/register_file.v:20$668'.
  created $adff cell `$procdff$4602' with positive edge clock and positive level reset.
Creating register for signal `\register_file.\regs[4]' using process `\register_file.$proc$src/register_file.v:20$668'.
  created $adff cell `$procdff$4605' with positive edge clock and positive level reset.
Creating register for signal `\register_file.\regs[5]' using process `\register_file.$proc$src/register_file.v:20$668'.
  created $adff cell `$procdff$4608' with positive edge clock and positive level reset.
Creating register for signal `\register_file.\regs[6]' using process `\register_file.$proc$src/register_file.v:20$668'.
  created $adff cell `$procdff$4611' with positive edge clock and positive level reset.
Creating register for signal `\register_file.\regs[7]' using process `\register_file.$proc$src/register_file.v:20$668'.
  created $adff cell `$procdff$4614' with positive edge clock and positive level reset.
Creating register for signal `\register_file.\regs[8]' using process `\register_file.$proc$src/register_file.v:20$668'.
  created $adff cell `$procdff$4617' with positive edge clock and positive level reset.
Creating register for signal `\register_file.\regs[9]' using process `\register_file.$proc$src/register_file.v:20$668'.
  created $adff cell `$procdff$4620' with positive edge clock and positive level reset.
Creating register for signal `\register_file.\regs[10]' using process `\register_file.$proc$src/register_file.v:20$668'.
  created $adff cell `$procdff$4623' with positive edge clock and positive level reset.
Creating register for signal `\register_file.\regs[11]' using process `\register_file.$proc$src/register_file.v:20$668'.
  created $adff cell `$procdff$4626' with positive edge clock and positive level reset.
Creating register for signal `\register_file.\regs[12]' using process `\register_file.$proc$src/register_file.v:20$668'.
  created $adff cell `$procdff$4629' with positive edge clock and positive level reset.
Creating register for signal `\register_file.\regs[13]' using process `\register_file.$proc$src/register_file.v:20$668'.
  created $adff cell `$procdff$4632' with positive edge clock and positive level reset.
Creating register for signal `\register_file.\regs[14]' using process `\register_file.$proc$src/register_file.v:20$668'.
  created $adff cell `$procdff$4635' with positive edge clock and positive level reset.
Creating register for signal `\register_file.\regs[15]' using process `\register_file.$proc$src/register_file.v:20$668'.
  created $adff cell `$procdff$4638' with positive edge clock and positive level reset.
Creating register for signal `\register_file.\regs[16]' using process `\register_file.$proc$src/register_file.v:20$668'.
  created $adff cell `$procdff$4641' with positive edge clock and positive level reset.
Creating register for signal `\register_file.\regs[17]' using process `\register_file.$proc$src/register_file.v:20$668'.
  created $adff cell `$procdff$4644' with positive edge clock and positive level reset.
Creating register for signal `\register_file.\regs[18]' using process `\register_file.$proc$src/register_file.v:20$668'.
  created $adff cell `$procdff$4647' with positive edge clock and positive level reset.
Creating register for signal `\register_file.\regs[19]' using process `\register_file.$proc$src/register_file.v:20$668'.
  created $adff cell `$procdff$4650' with positive edge clock and positive level reset.
Creating register for signal `\register_file.\regs[20]' using process `\register_file.$proc$src/register_file.v:20$668'.
  created $adff cell `$procdff$4653' with positive edge clock and positive level reset.
Creating register for signal `\register_file.\regs[21]' using process `\register_file.$proc$src/register_file.v:20$668'.
  created $adff cell `$procdff$4656' with positive edge clock and positive level reset.
Creating register for signal `\register_file.\regs[22]' using process `\register_file.$proc$src/register_file.v:20$668'.
  created $adff cell `$procdff$4659' with positive edge clock and positive level reset.
Creating register for signal `\register_file.\regs[23]' using process `\register_file.$proc$src/register_file.v:20$668'.
  created $adff cell `$procdff$4662' with positive edge clock and positive level reset.
Creating register for signal `\register_file.\regs[24]' using process `\register_file.$proc$src/register_file.v:20$668'.
  created $adff cell `$procdff$4665' with positive edge clock and positive level reset.
Creating register for signal `\register_file.\regs[25]' using process `\register_file.$proc$src/register_file.v:20$668'.
  created $adff cell `$procdff$4668' with positive edge clock and positive level reset.
Creating register for signal `\register_file.\regs[26]' using process `\register_file.$proc$src/register_file.v:20$668'.
  created $adff cell `$procdff$4671' with positive edge clock and positive level reset.
Creating register for signal `\register_file.\regs[27]' using process `\register_file.$proc$src/register_file.v:20$668'.
  created $adff cell `$procdff$4674' with positive edge clock and positive level reset.
Creating register for signal `\register_file.\regs[28]' using process `\register_file.$proc$src/register_file.v:20$668'.
  created $adff cell `$procdff$4677' with positive edge clock and positive level reset.
Creating register for signal `\register_file.\regs[29]' using process `\register_file.$proc$src/register_file.v:20$668'.
  created $adff cell `$procdff$4680' with positive edge clock and positive level reset.
Creating register for signal `\register_file.\regs[30]' using process `\register_file.$proc$src/register_file.v:20$668'.
  created $adff cell `$procdff$4683' with positive edge clock and positive level reset.
Creating register for signal `\register_file.\regs[31]' using process `\register_file.$proc$src/register_file.v:20$668'.
  created $adff cell `$procdff$4686' with positive edge clock and positive level reset.
Creating register for signal `\register_file.$mem2reg_wr$\regs$src/register_file.v:25$665_ADDR' using process `\register_file.$proc$src/register_file.v:20$668'.
  created $adff cell `$procdff$4689' with positive edge clock and positive level reset.
Creating register for signal `\register_file.$mem2reg_wr$\regs$src/register_file.v:25$665_DATA' using process `\register_file.$proc$src/register_file.v:20$668'.
  created $adff cell `$procdff$4692' with positive edge clock and positive level reset.
Creating register for signal `\mmul_mem.\c' using process `\mmul_mem.$proc$src/mmul_mem.v:49$174'.
  created $adff cell `$procdff$4695' with positive edge clock and positive level reset.
Creating register for signal `\mmul_mem.\i' using process `\mmul_mem.$proc$src/mmul_mem.v:49$174'.
  created $adff cell `$procdff$4698' with positive edge clock and positive level reset.
Creating register for signal `\mmul_mem.\mmul_busy' using process `\mmul_mem.$proc$src/mmul_mem.v:49$174'.
  created $adff cell `$procdff$4701' with positive edge clock and positive level reset.
Creating register for signal `\mmul_mem.\mmul_done' using process `\mmul_mem.$proc$src/mmul_mem.v:49$174'.
  created $adff cell `$procdff$4704' with positive edge clock and positive level reset.
Creating register for signal `\mmul_mem.\mmul_result_valid' using process `\mmul_mem.$proc$src/mmul_mem.v:49$174'.
  created $adff cell `$procdff$4707' with positive edge clock and positive level reset.
Creating register for signal `\mmul_mem.\r' using process `\mmul_mem.$proc$src/mmul_mem.v:49$174'.
  created $adff cell `$procdff$4710' with positive edge clock and positive level reset.
Creating register for signal `\mmul_mem.\j' using process `\mmul_mem.$proc$src/mmul_mem.v:49$174'.
  created $adff cell `$procdff$4713' with positive edge clock and positive level reset.
Creating register for signal `\mmul_mem.\k' using process `\mmul_mem.$proc$src/mmul_mem.v:49$174'.
  created $adff cell `$procdff$4716' with positive edge clock and positive level reset.
Creating register for signal `\mmul_mem.\finish_pending' using process `\mmul_mem.$proc$src/mmul_mem.v:49$174'.
  created $adff cell `$procdff$4719' with positive edge clock and positive level reset.
Creating register for signal `\mmul_mem.\C[0]' using process `\mmul_mem.$proc$src/mmul_mem.v:49$174'.
  created $adff cell `$procdff$4722' with positive edge clock and positive level reset.
Creating register for signal `\mmul_mem.\C[1]' using process `\mmul_mem.$proc$src/mmul_mem.v:49$174'.
  created $adff cell `$procdff$4725' with positive edge clock and positive level reset.
Creating register for signal `\mmul_mem.\C[2]' using process `\mmul_mem.$proc$src/mmul_mem.v:49$174'.
  created $adff cell `$procdff$4728' with positive edge clock and positive level reset.
Creating register for signal `\mmul_mem.\C[3]' using process `\mmul_mem.$proc$src/mmul_mem.v:49$174'.
  created $adff cell `$procdff$4731' with positive edge clock and positive level reset.
Creating register for signal `\mmul_mem.\C[4]' using process `\mmul_mem.$proc$src/mmul_mem.v:49$174'.
  created $adff cell `$procdff$4734' with positive edge clock and positive level reset.
Creating register for signal `\mmul_mem.\C[5]' using process `\mmul_mem.$proc$src/mmul_mem.v:49$174'.
  created $adff cell `$procdff$4737' with positive edge clock and positive level reset.
Creating register for signal `\mmul_mem.\C[6]' using process `\mmul_mem.$proc$src/mmul_mem.v:49$174'.
  created $adff cell `$procdff$4740' with positive edge clock and positive level reset.
Creating register for signal `\mmul_mem.\C[7]' using process `\mmul_mem.$proc$src/mmul_mem.v:49$174'.
  created $adff cell `$procdff$4743' with positive edge clock and positive level reset.
Creating register for signal `\mmul_mem.\C[8]' using process `\mmul_mem.$proc$src/mmul_mem.v:49$174'.
  created $adff cell `$procdff$4746' with positive edge clock and positive level reset.
Creating register for signal `\mmul_mem.\C[9]' using process `\mmul_mem.$proc$src/mmul_mem.v:49$174'.
  created $adff cell `$procdff$4749' with positive edge clock and positive level reset.
Creating register for signal `\mmul_mem.\C[10]' using process `\mmul_mem.$proc$src/mmul_mem.v:49$174'.
  created $adff cell `$procdff$4752' with positive edge clock and positive level reset.
Creating register for signal `\mmul_mem.\C[11]' using process `\mmul_mem.$proc$src/mmul_mem.v:49$174'.
  created $adff cell `$procdff$4755' with positive edge clock and positive level reset.
Creating register for signal `\mmul_mem.\C[12]' using process `\mmul_mem.$proc$src/mmul_mem.v:49$174'.
  created $adff cell `$procdff$4758' with positive edge clock and positive level reset.
Creating register for signal `\mmul_mem.\C[13]' using process `\mmul_mem.$proc$src/mmul_mem.v:49$174'.
  created $adff cell `$procdff$4761' with positive edge clock and positive level reset.
Creating register for signal `\mmul_mem.\C[14]' using process `\mmul_mem.$proc$src/mmul_mem.v:49$174'.
  created $adff cell `$procdff$4764' with positive edge clock and positive level reset.
Creating register for signal `\mmul_mem.\C[15]' using process `\mmul_mem.$proc$src/mmul_mem.v:49$174'.
  created $adff cell `$procdff$4767' with positive edge clock and positive level reset.
Creating register for signal `\mmul_mem.\C[16]' using process `\mmul_mem.$proc$src/mmul_mem.v:49$174'.
  created $adff cell `$procdff$4770' with positive edge clock and positive level reset.
Creating register for signal `\mmul_mem.\C[17]' using process `\mmul_mem.$proc$src/mmul_mem.v:49$174'.
  created $adff cell `$procdff$4773' with positive edge clock and positive level reset.
Creating register for signal `\mmul_mem.\C[18]' using process `\mmul_mem.$proc$src/mmul_mem.v:49$174'.
  created $adff cell `$procdff$4776' with positive edge clock and positive level reset.
Creating register for signal `\mmul_mem.\C[19]' using process `\mmul_mem.$proc$src/mmul_mem.v:49$174'.
  created $adff cell `$procdff$4779' with positive edge clock and positive level reset.
Creating register for signal `\mmul_mem.\C[20]' using process `\mmul_mem.$proc$src/mmul_mem.v:49$174'.
  created $adff cell `$procdff$4782' with positive edge clock and positive level reset.
Creating register for signal `\mmul_mem.\C[21]' using process `\mmul_mem.$proc$src/mmul_mem.v:49$174'.
  created $adff cell `$procdff$4785' with positive edge clock and positive level reset.
Creating register for signal `\mmul_mem.\C[22]' using process `\mmul_mem.$proc$src/mmul_mem.v:49$174'.
  created $adff cell `$procdff$4788' with positive edge clock and positive level reset.
Creating register for signal `\mmul_mem.\C[23]' using process `\mmul_mem.$proc$src/mmul_mem.v:49$174'.
  created $adff cell `$procdff$4791' with positive edge clock and positive level reset.
Creating register for signal `\mmul_mem.\C[24]' using process `\mmul_mem.$proc$src/mmul_mem.v:49$174'.
  created $adff cell `$procdff$4794' with positive edge clock and positive level reset.
Creating register for signal `\mmul_mem.\C[25]' using process `\mmul_mem.$proc$src/mmul_mem.v:49$174'.
  created $adff cell `$procdff$4797' with positive edge clock and positive level reset.
Creating register for signal `\mmul_mem.\C[26]' using process `\mmul_mem.$proc$src/mmul_mem.v:49$174'.
  created $adff cell `$procdff$4800' with positive edge clock and positive level reset.
Creating register for signal `\mmul_mem.\C[27]' using process `\mmul_mem.$proc$src/mmul_mem.v:49$174'.
  created $adff cell `$procdff$4803' with positive edge clock and positive level reset.
Creating register for signal `\mmul_mem.\C[28]' using process `\mmul_mem.$proc$src/mmul_mem.v:49$174'.
  created $adff cell `$procdff$4806' with positive edge clock and positive level reset.
Creating register for signal `\mmul_mem.\C[29]' using process `\mmul_mem.$proc$src/mmul_mem.v:49$174'.
  created $adff cell `$procdff$4809' with positive edge clock and positive level reset.
Creating register for signal `\mmul_mem.\C[30]' using process `\mmul_mem.$proc$src/mmul_mem.v:49$174'.
  created $adff cell `$procdff$4812' with positive edge clock and positive level reset.
Creating register for signal `\mmul_mem.\C[31]' using process `\mmul_mem.$proc$src/mmul_mem.v:49$174'.
  created $adff cell `$procdff$4815' with positive edge clock and positive level reset.
Creating register for signal `\mmul_mem.\C[32]' using process `\mmul_mem.$proc$src/mmul_mem.v:49$174'.
  created $adff cell `$procdff$4818' with positive edge clock and positive level reset.
Creating register for signal `\mmul_mem.\C[33]' using process `\mmul_mem.$proc$src/mmul_mem.v:49$174'.
  created $adff cell `$procdff$4821' with positive edge clock and positive level reset.
Creating register for signal `\mmul_mem.\C[34]' using process `\mmul_mem.$proc$src/mmul_mem.v:49$174'.
  created $adff cell `$procdff$4824' with positive edge clock and positive level reset.
Creating register for signal `\mmul_mem.\C[35]' using process `\mmul_mem.$proc$src/mmul_mem.v:49$174'.
  created $adff cell `$procdff$4827' with positive edge clock and positive level reset.
Creating register for signal `\mmul_mem.\C[36]' using process `\mmul_mem.$proc$src/mmul_mem.v:49$174'.
  created $adff cell `$procdff$4830' with positive edge clock and positive level reset.
Creating register for signal `\mmul_mem.\C[37]' using process `\mmul_mem.$proc$src/mmul_mem.v:49$174'.
  created $adff cell `$procdff$4833' with positive edge clock and positive level reset.
Creating register for signal `\mmul_mem.\C[38]' using process `\mmul_mem.$proc$src/mmul_mem.v:49$174'.
  created $adff cell `$procdff$4836' with positive edge clock and positive level reset.
Creating register for signal `\mmul_mem.\C[39]' using process `\mmul_mem.$proc$src/mmul_mem.v:49$174'.
  created $adff cell `$procdff$4839' with positive edge clock and positive level reset.
Creating register for signal `\mmul_mem.\C[40]' using process `\mmul_mem.$proc$src/mmul_mem.v:49$174'.
  created $adff cell `$procdff$4842' with positive edge clock and positive level reset.
Creating register for signal `\mmul_mem.\C[41]' using process `\mmul_mem.$proc$src/mmul_mem.v:49$174'.
  created $adff cell `$procdff$4845' with positive edge clock and positive level reset.
Creating register for signal `\mmul_mem.\C[42]' using process `\mmul_mem.$proc$src/mmul_mem.v:49$174'.
  created $adff cell `$procdff$4848' with positive edge clock and positive level reset.
Creating register for signal `\mmul_mem.\C[43]' using process `\mmul_mem.$proc$src/mmul_mem.v:49$174'.
  created $adff cell `$procdff$4851' with positive edge clock and positive level reset.
Creating register for signal `\mmul_mem.\C[44]' using process `\mmul_mem.$proc$src/mmul_mem.v:49$174'.
  created $adff cell `$procdff$4854' with positive edge clock and positive level reset.
Creating register for signal `\mmul_mem.\C[45]' using process `\mmul_mem.$proc$src/mmul_mem.v:49$174'.
  created $adff cell `$procdff$4857' with positive edge clock and positive level reset.
Creating register for signal `\mmul_mem.\C[46]' using process `\mmul_mem.$proc$src/mmul_mem.v:49$174'.
  created $adff cell `$procdff$4860' with positive edge clock and positive level reset.
Creating register for signal `\mmul_mem.\C[47]' using process `\mmul_mem.$proc$src/mmul_mem.v:49$174'.
  created $adff cell `$procdff$4863' with positive edge clock and positive level reset.
Creating register for signal `\mmul_mem.\C[48]' using process `\mmul_mem.$proc$src/mmul_mem.v:49$174'.
  created $adff cell `$procdff$4866' with positive edge clock and positive level reset.
Creating register for signal `\mmul_mem.\C[49]' using process `\mmul_mem.$proc$src/mmul_mem.v:49$174'.
  created $adff cell `$procdff$4869' with positive edge clock and positive level reset.
Creating register for signal `\mmul_mem.\C[50]' using process `\mmul_mem.$proc$src/mmul_mem.v:49$174'.
  created $adff cell `$procdff$4872' with positive edge clock and positive level reset.
Creating register for signal `\mmul_mem.\C[51]' using process `\mmul_mem.$proc$src/mmul_mem.v:49$174'.
  created $adff cell `$procdff$4875' with positive edge clock and positive level reset.
Creating register for signal `\mmul_mem.\C[52]' using process `\mmul_mem.$proc$src/mmul_mem.v:49$174'.
  created $adff cell `$procdff$4878' with positive edge clock and positive level reset.
Creating register for signal `\mmul_mem.\C[53]' using process `\mmul_mem.$proc$src/mmul_mem.v:49$174'.
  created $adff cell `$procdff$4881' with positive edge clock and positive level reset.
Creating register for signal `\mmul_mem.\C[54]' using process `\mmul_mem.$proc$src/mmul_mem.v:49$174'.
  created $adff cell `$procdff$4884' with positive edge clock and positive level reset.
Creating register for signal `\mmul_mem.\C[55]' using process `\mmul_mem.$proc$src/mmul_mem.v:49$174'.
  created $adff cell `$procdff$4887' with positive edge clock and positive level reset.
Creating register for signal `\mmul_mem.\C[56]' using process `\mmul_mem.$proc$src/mmul_mem.v:49$174'.
  created $adff cell `$procdff$4890' with positive edge clock and positive level reset.
Creating register for signal `\mmul_mem.\C[57]' using process `\mmul_mem.$proc$src/mmul_mem.v:49$174'.
  created $adff cell `$procdff$4893' with positive edge clock and positive level reset.
Creating register for signal `\mmul_mem.\C[58]' using process `\mmul_mem.$proc$src/mmul_mem.v:49$174'.
  created $adff cell `$procdff$4896' with positive edge clock and positive level reset.
Creating register for signal `\mmul_mem.\C[59]' using process `\mmul_mem.$proc$src/mmul_mem.v:49$174'.
  created $adff cell `$procdff$4899' with positive edge clock and positive level reset.
Creating register for signal `\mmul_mem.\C[60]' using process `\mmul_mem.$proc$src/mmul_mem.v:49$174'.
  created $adff cell `$procdff$4902' with positive edge clock and positive level reset.
Creating register for signal `\mmul_mem.\C[61]' using process `\mmul_mem.$proc$src/mmul_mem.v:49$174'.
  created $adff cell `$procdff$4905' with positive edge clock and positive level reset.
Creating register for signal `\mmul_mem.\C[62]' using process `\mmul_mem.$proc$src/mmul_mem.v:49$174'.
  created $adff cell `$procdff$4908' with positive edge clock and positive level reset.
Creating register for signal `\mmul_mem.\C[63]' using process `\mmul_mem.$proc$src/mmul_mem.v:49$174'.
  created $adff cell `$procdff$4911' with positive edge clock and positive level reset.
Creating register for signal `\mmul_mem.$mem2reg_wr$\C$src/mmul_mem.v:87$44_ADDR' using process `\mmul_mem.$proc$src/mmul_mem.v:49$174'.
  created $adff cell `$procdff$4914' with positive edge clock and positive level reset.
Creating register for signal `\mmul_mem.$mem2reg_wr$\C$src/mmul_mem.v:87$44_DATA' using process `\mmul_mem.$proc$src/mmul_mem.v:49$174'.
  created $adff cell `$procdff$4917' with positive edge clock and positive level reset.
Creating register for signal `\mmul_mem.$mem2reg_rd$\C$src/mmul_mem.v:87$45_ADDR' using process `\mmul_mem.$proc$src/mmul_mem.v:49$174'.
  created $adff cell `$procdff$4920' with positive edge clock and positive level reset.
Creating register for signal `\mmul_mem.$mem2reg_rd$\C$src/mmul_mem.v:87$45_DATA' using process `\mmul_mem.$proc$src/mmul_mem.v:49$174'.
  created $adff cell `$procdff$4923' with positive edge clock and positive level reset.
Creating register for signal `\mem_wb.\rd_out' using process `\mem_wb.$proc$src/mem_wb.v:17$32'.
  created $adff cell `$procdff$4926' with positive edge clock and positive level reset.
Creating register for signal `\mem_wb.\mem_to_reg_out' using process `\mem_wb.$proc$src/mem_wb.v:17$32'.
  created $adff cell `$procdff$4929' with positive edge clock and positive level reset.
Creating register for signal `\mem_wb.\reg_write_out' using process `\mem_wb.$proc$src/mem_wb.v:17$32'.
  created $adff cell `$procdff$4932' with positive edge clock and positive level reset.
Creating register for signal `\mem_wb.\mem_data_out' using process `\mem_wb.$proc$src/mem_wb.v:17$32'.
  created $adff cell `$procdff$4935' with positive edge clock and positive level reset.
Creating register for signal `\mem_wb.\alu_result_out' using process `\mem_wb.$proc$src/mem_wb.v:17$32'.
  created $adff cell `$procdff$4938' with positive edge clock and positive level reset.
Creating register for signal `\if_id.\pc_out' using process `\if_id.$proc$src/if_id.v:12$27'.
  created $adff cell `$procdff$4941' with positive edge clock and positive level reset.
Creating register for signal `\if_id.\instr_out' using process `\if_id.$proc$src/if_id.v:12$27'.
  created $adff cell `$procdff$4944' with positive edge clock and positive level reset.
Creating register for signal `\id_ex.\rd_out' using process `\id_ex.$proc$src/id_ex.v:37$26'.
  created $adff cell `$procdff$4947' with positive edge clock and positive level reset.
Creating register for signal `\id_ex.\mem_read_out' using process `\id_ex.$proc$src/id_ex.v:37$26'.
  created $adff cell `$procdff$4950' with positive edge clock and positive level reset.
Creating register for signal `\id_ex.\mem_write_out' using process `\id_ex.$proc$src/id_ex.v:37$26'.
  created $adff cell `$procdff$4953' with positive edge clock and positive level reset.
Creating register for signal `\id_ex.\mem_to_reg_out' using process `\id_ex.$proc$src/id_ex.v:37$26'.
  created $adff cell `$procdff$4956' with positive edge clock and positive level reset.
Creating register for signal `\id_ex.\reg_write_out' using process `\id_ex.$proc$src/id_ex.v:37$26'.
  created $adff cell `$procdff$4959' with positive edge clock and positive level reset.
Creating register for signal `\id_ex.\pc_out' using process `\id_ex.$proc$src/id_ex.v:37$26'.
  created $adff cell `$procdff$4962' with positive edge clock and positive level reset.
Creating register for signal `\id_ex.\rs1_out' using process `\id_ex.$proc$src/id_ex.v:37$26'.
  created $adff cell `$procdff$4965' with positive edge clock and positive level reset.
Creating register for signal `\id_ex.\rs2_out' using process `\id_ex.$proc$src/id_ex.v:37$26'.
  created $adff cell `$procdff$4968' with positive edge clock and positive level reset.
Creating register for signal `\id_ex.\imm_out' using process `\id_ex.$proc$src/id_ex.v:37$26'.
  created $adff cell `$procdff$4971' with positive edge clock and positive level reset.
Creating register for signal `\id_ex.\rs1_addr_out' using process `\id_ex.$proc$src/id_ex.v:37$26'.
  created $adff cell `$procdff$4974' with positive edge clock and positive level reset.
Creating register for signal `\id_ex.\rs2_addr_out' using process `\id_ex.$proc$src/id_ex.v:37$26'.
  created $adff cell `$procdff$4977' with positive edge clock and positive level reset.
Creating register for signal `\id_ex.\opcode_out' using process `\id_ex.$proc$src/id_ex.v:37$26'.
  created $adff cell `$procdff$4980' with positive edge clock and positive level reset.
Creating register for signal `\id_ex.\alu_src_out' using process `\id_ex.$proc$src/id_ex.v:37$26'.
  created $adff cell `$procdff$4983' with positive edge clock and positive level reset.
Creating register for signal `\ex_mem.\alu_out' using process `\ex_mem.$proc$src/ex_mem.v:20$25'.
  created $adff cell `$procdff$4986' with positive edge clock and positive level reset.
Creating register for signal `\ex_mem.\rs2_data_out' using process `\ex_mem.$proc$src/ex_mem.v:20$25'.
  created $adff cell `$procdff$4989' with positive edge clock and positive level reset.
Creating register for signal `\ex_mem.\rd_out' using process `\ex_mem.$proc$src/ex_mem.v:20$25'.
  created $adff cell `$procdff$4992' with positive edge clock and positive level reset.
Creating register for signal `\ex_mem.\mem_read_out' using process `\ex_mem.$proc$src/ex_mem.v:20$25'.
  created $adff cell `$procdff$4995' with positive edge clock and positive level reset.
Creating register for signal `\ex_mem.\mem_write_out' using process `\ex_mem.$proc$src/ex_mem.v:20$25'.
  created $adff cell `$procdff$4998' with positive edge clock and positive level reset.
Creating register for signal `\ex_mem.\mem_to_reg_out' using process `\ex_mem.$proc$src/ex_mem.v:20$25'.
  created $adff cell `$procdff$5001' with positive edge clock and positive level reset.
Creating register for signal `\ex_mem.\reg_write_out' using process `\ex_mem.$proc$src/ex_mem.v:20$25'.
  created $adff cell `$procdff$5004' with positive edge clock and positive level reset.
Creating register for signal `\data_memory.$memwr$\mem$src/data_memory.v:20$15_ADDR' using process `\data_memory.$proc$src/data_memory.v:19$16'.
  created $dff cell `$procdff$5005' with positive edge clock.
Creating register for signal `\data_memory.$memwr$\mem$src/data_memory.v:20$15_DATA' using process `\data_memory.$proc$src/data_memory.v:19$16'.
  created $dff cell `$procdff$5006' with positive edge clock.
Creating register for signal `\data_memory.$memwr$\mem$src/data_memory.v:20$15_EN' using process `\data_memory.$proc$src/data_memory.v:19$16'.
  created $dff cell `$procdff$5007' with positive edge clock.

16.10. Executing PROC_MEMWR pass (convert process memory writes to cells).

16.11. Executing PROC_CLEAN pass (remove empty switches from decision trees).
Found and cleaned up 2 empty switches in `\riscv_pipeline.$proc$src/riscv_pipeline.v:394$761'.
Removing empty process `riscv_pipeline.$proc$src/riscv_pipeline.v:394$761'.
Found and cleaned up 1 empty switch in `\riscv_pipeline.$proc$src/riscv_pipeline.v:175$737'.
Removing empty process `riscv_pipeline.$proc$src/riscv_pipeline.v:175$737'.
Found and cleaned up 1 empty switch in `\register_file.$proc$src/register_file.v:32$685'.
Removing empty process `register_file.$proc$src/register_file.v:32$685'.
Found and cleaned up 1 empty switch in `\register_file.$proc$src/register_file.v:31$682'.
Removing empty process `register_file.$proc$src/register_file.v:31$682'.
Found and cleaned up 2 empty switches in `\register_file.$proc$src/register_file.v:20$668'.
Removing empty process `register_file.$proc$src/register_file.v:20$668'.
Removing empty process `mmul_mem.$proc$src/mmul_mem.v:36$535'.
Found and cleaned up 1 empty switch in `\mmul_mem.$proc$src/mmul_mem.v:164$406'.
Removing empty process `mmul_mem.$proc$src/mmul_mem.v:164$406'.
Found and cleaned up 16 empty switches in `\mmul_mem.$proc$src/mmul_mem.v:49$174'.
Removing empty process `mmul_mem.$proc$src/mmul_mem.v:49$174'.
Found and cleaned up 1 empty switch in `\mem_wb.$proc$src/mem_wb.v:17$32'.
Removing empty process `mem_wb.$proc$src/mem_wb.v:17$32'.
Found and cleaned up 1 empty switch in `\immediate_gen.$proc$src/immediate_gen.v:8$30'.
Removing empty process `immediate_gen.$proc$src/immediate_gen.v:8$30'.
Found and cleaned up 2 empty switches in `\if_id.$proc$src/if_id.v:12$27'.
Removing empty process `if_id.$proc$src/if_id.v:12$27'.
Found and cleaned up 1 empty switch in `\id_ex.$proc$src/id_ex.v:37$26'.
Removing empty process `id_ex.$proc$src/id_ex.v:37$26'.
Removing empty process `ex_mem.$proc$src/ex_mem.v:20$25'.
Found and cleaned up 1 empty switch in `\data_memory.$proc$src/data_memory.v:22$23'.
Removing empty process `data_memory.$proc$src/data_memory.v:22$23'.
Found and cleaned up 1 empty switch in `\data_memory.$proc$src/data_memory.v:19$16'.
Removing empty process `data_memory.$proc$src/data_memory.v:19$16'.
Found and cleaned up 1 empty switch in `\hazard_detection_unit.$proc$src/hazard_detection_unit.sv:18$795'.
Removing empty process `hazard_detection_unit.$proc$src/hazard_detection_unit.sv:18$795'.
Found and cleaned up 4 empty switches in `\forwarding_unit.$proc$src/forwarding_unit.sv:15$766'.
Removing empty process `forwarding_unit.$proc$src/forwarding_unit.sv:15$766'.
Cleaned up 36 empty switches.

16.12. Executing OPT_EXPR pass (perform const folding).
Optimizing module riscv_pipeline.
<suppressed ~7 debug messages>
Optimizing module register_file.
<suppressed ~41 debug messages>
Optimizing module mmul_mem.
<suppressed ~80 debug messages>
Optimizing module mem_wb.
<suppressed ~5 debug messages>
Optimizing module instr_mem.
Optimizing module immediate_gen.
Optimizing module if_id.
<suppressed ~2 debug messages>
Optimizing module id_ex.
<suppressed ~13 debug messages>
Optimizing module ex_mem.
<suppressed ~7 debug messages>
Optimizing module data_memory.
Optimizing module hazard_detection_unit.
<suppressed ~2 debug messages>
Optimizing module forwarding_unit.
<suppressed ~6 debug messages>

17. Executing OPT pass (performing simple optimizations).

17.1. Executing OPT_EXPR pass (perform const folding).
Optimizing module riscv_pipeline.
Optimizing module register_file.
Optimizing module mmul_mem.
<suppressed ~12 debug messages>
Optimizing module mem_wb.
Optimizing module instr_mem.
Optimizing module immediate_gen.
Optimizing module if_id.
Optimizing module id_ex.
Optimizing module ex_mem.
Optimizing module data_memory.
Optimizing module hazard_detection_unit.
Optimizing module forwarding_unit.

17.2. Executing OPT_MERGE pass (detect identical cells).
Finding identical cells in module `\riscv_pipeline'.
Computing hashes of 91 cells of `\riscv_pipeline'.
Finding duplicate cells in `\riscv_pipeline'.
Computing hashes of 79 cells of `\riscv_pipeline'.
Finding duplicate cells in `\riscv_pipeline'.
Computing hashes of 76 cells of `\riscv_pipeline'.
Finding duplicate cells in `\riscv_pipeline'.
<suppressed ~45 debug messages>
Finding identical cells in module `\register_file'.
Computing hashes of 207 cells of `\register_file'.
Finding duplicate cells in `\register_file'.
Computing hashes of 205 cells of `\register_file'.
Finding duplicate cells in `\register_file'.
<suppressed ~6 debug messages>
Finding identical cells in module `\mmul_mem'.
Computing hashes of 848 cells of `\mmul_mem'.
Finding duplicate cells in `\mmul_mem'.
Computing hashes of 843 cells of `\mmul_mem'.
Finding duplicate cells in `\mmul_mem'.
Computing hashes of 777 cells of `\mmul_mem'.
Finding duplicate cells in `\mmul_mem'.
<suppressed ~213 debug messages>
Finding identical cells in module `\mem_wb'.
Computing hashes of 12 cells of `\mem_wb'.
Finding duplicate cells in `\mem_wb'.
Finding identical cells in module `\instr_mem'.
Computing hashes of 1 cells of `\instr_mem'.
Finding duplicate cells in `\instr_mem'.
Finding identical cells in module `\immediate_gen'.
Computing hashes of 7 cells of `\immediate_gen'.
Finding duplicate cells in `\immediate_gen'.
Finding identical cells in module `\if_id'.
Computing hashes of 11 cells of `\if_id'.
Finding duplicate cells in `\if_id'.
Finding identical cells in module `\id_ex'.
Computing hashes of 26 cells of `\id_ex'.
Finding duplicate cells in `\id_ex'.
Finding identical cells in module `\ex_mem'.
Computing hashes of 7 cells of `\ex_mem'.
Finding duplicate cells in `\ex_mem'.
Finding identical cells in module `\data_memory'.
Computing hashes of 9 cells of `\data_memory'.
Finding duplicate cells in `\data_memory'.
Finding identical cells in module `\hazard_detection_unit'.
Computing hashes of 16 cells of `\hazard_detection_unit'.
Finding duplicate cells in `\hazard_detection_unit'.
Computing hashes of 13 cells of `\hazard_detection_unit'.
Finding duplicate cells in `\hazard_detection_unit'.
Computing hashes of 11 cells of `\hazard_detection_unit'.
Finding duplicate cells in `\hazard_detection_unit'.
Computing hashes of 10 cells of `\hazard_detection_unit'.
Finding duplicate cells in `\hazard_detection_unit'.
<suppressed ~18 debug messages>
Finding identical cells in module `\forwarding_unit'.
Computing hashes of 32 cells of `\forwarding_unit'.
Finding duplicate cells in `\forwarding_unit'.
Computing hashes of 26 cells of `\forwarding_unit'.
Finding duplicate cells in `\forwarding_unit'.
Computing hashes of 22 cells of `\forwarding_unit'.
Finding duplicate cells in `\forwarding_unit'.
Computing hashes of 20 cells of `\forwarding_unit'.
Finding duplicate cells in `\forwarding_unit'.
<suppressed ~36 debug messages>
Removed a total of 106 cells.

17.3. Executing OPT_MUXTREE pass (detect dead branches in mux trees).
Running muxtree optimizer on module \riscv_pipeline..
  Creating internal representation of mux trees.
  Evaluating internal representation of mux trees.
  Analyzing evaluation results.
Running muxtree optimizer on module \register_file..
  Creating internal representation of mux trees.
  Evaluating internal representation of mux trees.
  Analyzing evaluation results.
    dead port 1/2 on $mux $procmux$886.
    dead port 2/2 on $mux $procmux$886.
    dead port 1/2 on $mux $procmux$883.
    dead port 2/2 on $mux $procmux$883.
    dead port 32/33 on $pmux $procmux$849.
    dead port 32/33 on $pmux $procmux$816.
Running muxtree optimizer on module \mmul_mem..
  Creating internal representation of mux trees.
  Evaluating internal representation of mux trees.
      Replacing known input bits on port A of cell $procmux$4457: \mmul_busy -> 1'0
      Replacing known input bits on port B of cell $procmux$4455: \mmul_busy -> 1'1
      Replacing known input bits on port B of cell $procmux$4452: \mmul_busy -> 1'1
      Replacing known input bits on port B of cell $procmux$4449: \mmul_busy -> 1'1
      Replacing known input bits on port B of cell $procmux$4415: \finish_pending -> 1'0
      Replacing known input bits on port A of cell $procmux$4412: \finish_pending -> 1'0
      Replacing known input bits on port B of cell $procmux$4410: \finish_pending -> 1'0
      Replacing known input bits on port B of cell $procmux$4407: \finish_pending -> 1'0
      Replacing known input bits on port B of cell $procmux$4404: \finish_pending -> 1'0
  Analyzing evaluation results.
    dead port 1/2 on $mux $procmux$1665.
    dead port 2/2 on $mux $procmux$1665.
    dead port 1/2 on $mux $procmux$1662.
    dead port 2/2 on $mux $procmux$1662.
    dead port 1/2 on $mux $procmux$1659.
    dead port 2/2 on $mux $procmux$1659.
    dead port 1/2 on $mux $procmux$1656.
    dead port 2/2 on $mux $procmux$1656.
    dead port 1/2 on $mux $procmux$1647.
    dead port 2/2 on $mux $procmux$1647.
    dead port 1/2 on $mux $procmux$1644.
    dead port 2/2 on $mux $procmux$1644.
    dead port 1/2 on $mux $procmux$1641.
    dead port 2/2 on $mux $procmux$1641.
    dead port 1/2 on $mux $procmux$1638.
    dead port 2/2 on $mux $procmux$1638.
    dead port 1/2 on $mux $procmux$1635.
    dead port 2/2 on $mux $procmux$1635.
    dead port 1/2 on $mux $procmux$1632.
    dead port 2/2 on $mux $procmux$1632.
    dead port 1/2 on $mux $procmux$1629.
    dead port 2/2 on $mux $procmux$1629.
    dead port 1/2 on $mux $procmux$1626.
    dead port 2/2 on $mux $procmux$1626.
Running muxtree optimizer on module \mem_wb..
  Creating internal representation of mux trees.
  Evaluating internal representation of mux trees.
  Analyzing evaluation results.
Running muxtree optimizer on module \instr_mem..
  Creating internal representation of mux trees.
  No muxes found in this module.
Running muxtree optimizer on module \immediate_gen..
  Creating internal representation of mux trees.
  Evaluating internal representation of mux trees.
  Analyzing evaluation results.
Running muxtree optimizer on module \if_id..
  Creating internal representation of mux trees.
  Evaluating internal representation of mux trees.
  Analyzing evaluation results.
Running muxtree optimizer on module \id_ex..
  Creating internal representation of mux trees.
  Evaluating internal representation of mux trees.
  Analyzing evaluation results.
Running muxtree optimizer on module \ex_mem..
  Creating internal representation of mux trees.
  No muxes found in this module.
Running muxtree optimizer on module \data_memory..
  Creating internal representation of mux trees.
  Evaluating internal representation of mux trees.
  Analyzing evaluation results.
Running muxtree optimizer on module \hazard_detection_unit..
  Creating internal representation of mux trees.
  Evaluating internal representation of mux trees.
  Analyzing evaluation results.
Running muxtree optimizer on module \forwarding_unit..
  Creating internal representation of mux trees.
  Evaluating internal representation of mux trees.
  Analyzing evaluation results.
Removed 30 multiplexer ports.
<suppressed ~618 debug messages>

17.4. Executing OPT_REDUCE pass (consolidate $*mux and $reduce_* inputs).
  Optimizing cells in module \riscv_pipeline.
  Optimizing cells in module \register_file.
  Optimizing cells in module \mmul_mem.
  Optimizing cells in module \mem_wb.
  Optimizing cells in module \instr_mem.
  Optimizing cells in module \immediate_gen.
  Optimizing cells in module \if_id.
  Optimizing cells in module \id_ex.
  Optimizing cells in module \ex_mem.
  Optimizing cells in module \data_memory.
    Consolidated identical input bits for $mux cell $procmux$4556:
      Old ports: A=0, B=32'11111111111111111111111111111111, Y=$procmux$4556_Y
      New ports: A=1'0, B=1'1, Y=$procmux$4556_Y [0]
      New connections: $procmux$4556_Y [31:1] = { $procmux$4556_Y [0] $procmux$4556_Y [0] $procmux$4556_Y [0] $procmux$4556_Y [0] $procmux$4556_Y [0] $procmux$4556_Y [0] $procmux$4556_Y [0] $procmux$4556_Y [0] $procmux$4556_Y [0] $procmux$4556_Y [0] $procmux$4556_Y [0] $procmux$4556_Y [0] $procmux$4556_Y [0] $procmux$4556_Y [0] $procmux$4556_Y [0] $procmux$4556_Y [0] $procmux$4556_Y [0] $procmux$4556_Y [0] $procmux$4556_Y [0] $procmux$4556_Y [0] $procmux$4556_Y [0] $procmux$4556_Y [0] $procmux$4556_Y [0] $procmux$4556_Y [0] $procmux$4556_Y [0] $procmux$4556_Y [0] $procmux$4556_Y [0] $procmux$4556_Y [0] $procmux$4556_Y [0] $procmux$4556_Y [0] $procmux$4556_Y [0] }
  Optimizing cells in module \data_memory.
  Optimizing cells in module \hazard_detection_unit.
  Optimizing cells in module \forwarding_unit.
Performed a total of 1 changes.

17.5. Executing OPT_MERGE pass (detect identical cells).
Finding identical cells in module `\riscv_pipeline'.
Computing hashes of 76 cells of `\riscv_pipeline'.
Finding duplicate cells in `\riscv_pipeline'.
Finding identical cells in module `\register_file'.
Computing hashes of 203 cells of `\register_file'.
Finding duplicate cells in `\register_file'.
Finding identical cells in module `\mmul_mem'.
Computing hashes of 765 cells of `\mmul_mem'.
Finding duplicate cells in `\mmul_mem'.
Computing hashes of 732 cells of `\mmul_mem'.
Finding duplicate cells in `\mmul_mem'.
<suppressed ~99 debug messages>
Finding identical cells in module `\mem_wb'.
Computing hashes of 12 cells of `\mem_wb'.
Finding duplicate cells in `\mem_wb'.
Finding identical cells in module `\instr_mem'.
Computing hashes of 1 cells of `\instr_mem'.
Finding duplicate cells in `\instr_mem'.
Finding identical cells in module `\immediate_gen'.
Computing hashes of 7 cells of `\immediate_gen'.
Finding duplicate cells in `\immediate_gen'.
Finding identical cells in module `\if_id'.
Computing hashes of 11 cells of `\if_id'.
Finding duplicate cells in `\if_id'.
Finding identical cells in module `\id_ex'.
Computing hashes of 26 cells of `\id_ex'.
Finding duplicate cells in `\id_ex'.
Finding identical cells in module `\ex_mem'.
Computing hashes of 7 cells of `\ex_mem'.
Finding duplicate cells in `\ex_mem'.
Finding identical cells in module `\data_memory'.
Computing hashes of 9 cells of `\data_memory'.
Finding duplicate cells in `\data_memory'.
Finding identical cells in module `\hazard_detection_unit'.
Computing hashes of 10 cells of `\hazard_detection_unit'.
Finding duplicate cells in `\hazard_detection_unit'.
Computing hashes of 9 cells of `\hazard_detection_unit'.
Finding duplicate cells in `\hazard_detection_unit'.
<suppressed ~3 debug messages>
Finding identical cells in module `\forwarding_unit'.
Computing hashes of 20 cells of `\forwarding_unit'.
Finding duplicate cells in `\forwarding_unit'.
Removed a total of 34 cells.

17.6. Executing OPT_DFF pass (perform DFF optimizations).
Adding EN signal on $procdff$4587 ($adff) from module riscv_pipeline (D = $procmux$812_Y, Q = \pc_reg).
Adding EN signal on $procdff$4638 ($adff) from module register_file (D = \we_data, Q = \regs[15]).
Adding EN signal on $procdff$4680 ($adff) from module register_file (D = \we_data, Q = \regs[29]).
Adding EN signal on $procdff$4635 ($adff) from module register_file (D = \we_data, Q = \regs[14]).
Adding EN signal on $procdff$4665 ($adff) from module register_file (D = \we_data, Q = \regs[24]).
Adding EN signal on $procdff$4641 ($adff) from module register_file (D = \we_data, Q = \regs[16]).
Handling D = Q on $procdff$4590 ($adff) from module register_file (removing D path).
Adding EN signal on $procdff$4668 ($adff) from module register_file (D = \we_data, Q = \regs[25]).
Adding EN signal on $procdff$4593 ($adff) from module register_file (D = \we_data, Q = \regs[0]).
Adding EN signal on $procdff$4644 ($adff) from module register_file (D = \we_data, Q = \regs[17]).
Adding EN signal on $procdff$4596 ($adff) from module register_file (D = \we_data, Q = \regs[1]).
Adding EN signal on $procdff$4599 ($adff) from module register_file (D = \we_data, Q = \regs[2]).
Adding EN signal on $procdff$4647 ($adff) from module register_file (D = \we_data, Q = \regs[18]).
Adding EN signal on $procdff$4602 ($adff) from module register_file (D = \we_data, Q = \regs[3]).
Adding EN signal on $procdff$4671 ($adff) from module register_file (D = \we_data, Q = \regs[26]).
Adding EN signal on $procdff$4605 ($adff) from module register_file (D = \we_data, Q = \regs[4]).
Adding EN signal on $procdff$4650 ($adff) from module register_file (D = \we_data, Q = \regs[19]).
Adding EN signal on $procdff$4608 ($adff) from module register_file (D = \we_data, Q = \regs[5]).
Adding EN signal on $procdff$4683 ($adff) from module register_file (D = \we_data, Q = \regs[30]).
Adding EN signal on $procdff$4611 ($adff) from module register_file (D = \we_data, Q = \regs[6]).
Adding EN signal on $procdff$4653 ($adff) from module register_file (D = \we_data, Q = \regs[20]).
Adding EN signal on $procdff$4614 ($adff) from module register_file (D = \we_data, Q = \regs[7]).
Adding EN signal on $procdff$4674 ($adff) from module register_file (D = \we_data, Q = \regs[27]).
Adding EN signal on $procdff$4617 ($adff) from module register_file (D = \we_data, Q = \regs[8]).
Adding EN signal on $procdff$4656 ($adff) from module register_file (D = \we_data, Q = \regs[21]).
Adding EN signal on $procdff$4620 ($adff) from module register_file (D = \we_data, Q = \regs[9]).
Adding EN signal on $procdff$4623 ($adff) from module register_file (D = \we_data, Q = \regs[10]).
Adding EN signal on $procdff$4659 ($adff) from module register_file (D = \we_data, Q = \regs[22]).
Adding EN signal on $procdff$4626 ($adff) from module register_file (D = \we_data, Q = \regs[11]).
Adding EN signal on $procdff$4677 ($adff) from module register_file (D = \we_data, Q = \regs[28]).
Adding EN signal on $procdff$4629 ($adff) from module register_file (D = \we_data, Q = \regs[12]).
Adding EN signal on $procdff$4662 ($adff) from module register_file (D = \we_data, Q = \regs[23]).
Adding EN signal on $procdff$4632 ($adff) from module register_file (D = \we_data, Q = \regs[13]).
Adding EN signal on $procdff$4686 ($adff) from module register_file (D = \we_data, Q = \regs[31]).
Setting constant 0-bit at position 0 on $procdff$4590 ($dlatch) from module register_file.
Setting constant 0-bit at position 1 on $procdff$4590 ($dlatch) from module register_file.
Setting constant 0-bit at position 2 on $procdff$4590 ($dlatch) from module register_file.
Setting constant 0-bit at position 3 on $procdff$4590 ($dlatch) from module register_file.
Setting constant 0-bit at position 4 on $procdff$4590 ($dlatch) from module register_file.
Setting constant 1-bit at position 5 on $procdff$4590 ($dlatch) from module register_file.
Setting constant 0-bit at position 6 on $procdff$4590 ($dlatch) from module register_file.
Setting constant 0-bit at position 7 on $procdff$4590 ($dlatch) from module register_file.
Setting constant 0-bit at position 8 on $procdff$4590 ($dlatch) from module register_file.
Setting constant 0-bit at position 9 on $procdff$4590 ($dlatch) from module register_file.
Setting constant 0-bit at position 10 on $procdff$4590 ($dlatch) from module register_file.
Setting constant 0-bit at position 11 on $procdff$4590 ($dlatch) from module register_file.
Setting constant 0-bit at position 12 on $procdff$4590 ($dlatch) from module register_file.
Setting constant 0-bit at position 13 on $procdff$4590 ($dlatch) from module register_file.
Setting constant 0-bit at position 14 on $procdff$4590 ($dlatch) from module register_file.
Setting constant 0-bit at position 15 on $procdff$4590 ($dlatch) from module register_file.
Setting constant 0-bit at position 16 on $procdff$4590 ($dlatch) from module register_file.
Setting constant 0-bit at position 17 on $procdff$4590 ($dlatch) from module register_file.
Setting constant 0-bit at position 18 on $procdff$4590 ($dlatch) from module register_file.
Setting constant 0-bit at position 19 on $procdff$4590 ($dlatch) from module register_file.
Setting constant 0-bit at position 20 on $procdff$4590 ($dlatch) from module register_file.
Setting constant 0-bit at position 21 on $procdff$4590 ($dlatch) from module register_file.
Setting constant 0-bit at position 22 on $procdff$4590 ($dlatch) from module register_file.
Setting constant 0-bit at position 23 on $procdff$4590 ($dlatch) from module register_file.
Setting constant 0-bit at position 24 on $procdff$4590 ($dlatch) from module register_file.
Setting constant 0-bit at position 25 on $procdff$4590 ($dlatch) from module register_file.
Setting constant 0-bit at position 26 on $procdff$4590 ($dlatch) from module register_file.
Setting constant 0-bit at position 27 on $procdff$4590 ($dlatch) from module register_file.
Setting constant 0-bit at position 28 on $procdff$4590 ($dlatch) from module register_file.
Setting constant 0-bit at position 29 on $procdff$4590 ($dlatch) from module register_file.
Setting constant 0-bit at position 30 on $procdff$4590 ($dlatch) from module register_file.
Setting constant 0-bit at position 31 on $procdff$4590 ($dlatch) from module register_file.
Setting constant 1-bit at position 0 on $procdff$4689 ($adff) from module register_file.
Setting constant 1-bit at position 1 on $procdff$4689 ($adff) from module register_file.
Setting constant 1-bit at position 2 on $procdff$4689 ($adff) from module register_file.
Setting constant 1-bit at position 3 on $procdff$4689 ($adff) from module register_file.
Setting constant 1-bit at position 4 on $procdff$4689 ($adff) from module register_file.
Setting constant 1-bit at position 0 on $procdff$4692 ($adff) from module register_file.
Setting constant 1-bit at position 1 on $procdff$4692 ($adff) from module register_file.
Setting constant 1-bit at position 2 on $procdff$4692 ($adff) from module register_file.
Setting constant 1-bit at position 3 on $procdff$4692 ($adff) from module register_file.
Setting constant 1-bit at position 4 on $procdff$4692 ($adff) from module register_file.
Setting constant 1-bit at position 5 on $procdff$4692 ($adff) from module register_file.
Setting constant 1-bit at position 6 on $procdff$4692 ($adff) from module register_file.
Setting constant 1-bit at position 7 on $procdff$4692 ($adff) from module register_file.
Setting constant 1-bit at position 8 on $procdff$4692 ($adff) from module register_file.
Setting constant 1-bit at position 9 on $procdff$4692 ($adff) from module register_file.
Setting constant 1-bit at position 10 on $procdff$4692 ($adff) from module register_file.
Setting constant 1-bit at position 11 on $procdff$4692 ($adff) from module register_file.
Setting constant 1-bit at position 12 on $procdff$4692 ($adff) from module register_file.
Setting constant 1-bit at position 13 on $procdff$4692 ($adff) from module register_file.
Setting constant 1-bit at position 14 on $procdff$4692 ($adff) from module register_file.
Setting constant 1-bit at position 15 on $procdff$4692 ($adff) from module register_file.
Setting constant 1-bit at position 16 on $procdff$4692 ($adff) from module register_file.
Setting constant 1-bit at position 17 on $procdff$4692 ($adff) from module register_file.
Setting constant 1-bit at position 18 on $procdff$4692 ($adff) from module register_file.
Setting constant 1-bit at position 19 on $procdff$4692 ($adff) from module register_file.
Setting constant 1-bit at position 20 on $procdff$4692 ($adff) from module register_file.
Setting constant 1-bit at position 21 on $procdff$4692 ($adff) from module register_file.
Setting constant 1-bit at position 22 on $procdff$4692 ($adff) from module register_file.
Setting constant 1-bit at position 23 on $procdff$4692 ($adff) from module register_file.
Setting constant 1-bit at position 24 on $procdff$4692 ($adff) from module register_file.
Setting constant 1-bit at position 25 on $procdff$4692 ($adff) from module register_file.
Setting constant 1-bit at position 26 on $procdff$4692 ($adff) from module register_file.
Setting constant 1-bit at position 27 on $procdff$4692 ($adff) from module register_file.
Setting constant 1-bit at position 28 on $procdff$4692 ($adff) from module register_file.
Setting constant 1-bit at position 29 on $procdff$4692 ($adff) from module register_file.
Setting constant 1-bit at position 30 on $procdff$4692 ($adff) from module register_file.
Setting constant 1-bit at position 31 on $procdff$4692 ($adff) from module register_file.
Adding EN signal on $procdff$4866 ($adff) from module mmul_mem (D = $procmux$2120_Y, Q = \C[48]).
Adding EN signal on $procdff$4908 ($adff) from module mmul_mem (D = $procmux$1889_Y, Q = \C[62]).
Adding EN signal on $procdff$4809 ($adff) from module mmul_mem (D = $procmux$2747_Y, Q = \C[29]).
Adding EN signal on $procdff$4806 ($adff) from module mmul_mem (D = $procmux$2790_Y, Q = \C[28]).
Adding EN signal on $procdff$4794 ($adff) from module mmul_mem (D = $procmux$2972_Y, Q = \C[24]).
Adding EN signal on $procdff$4695 ($adff) from module mmul_mem (D = 8, Q = \c).
Adding EN signal on $procdff$4860 ($adff) from module mmul_mem (D = $procmux$2169_Y, Q = \C[46]).
Adding EN signal on $procdff$4797 ($adff) from module mmul_mem (D = $procmux$2925_Y, Q = \C[25]).
Adding EN signal on $procdff$4803 ($adff) from module mmul_mem (D = $procmux$2834_Y, Q = \C[27]).
Adding EN signal on $procdff$4863 ($adff) from module mmul_mem (D = $procmux$2144_Y, Q = \C[47]).
Adding EN signal on $procdff$4800 ($adff) from module mmul_mem (D = $procmux$2879_Y, Q = \C[26]).
Adding EN signal on $procdff$4896 ($adff) from module mmul_mem (D = $procmux$1935_Y, Q = \C[58]).
Adding EN signal on $procdff$4698 ($adff) from module mmul_mem (D = $procmux$4475_Y, Q = \i).
Adding EN signal on $procdff$4812 ($adff) from module mmul_mem (D = $procmux$2705_Y, Q = \C[30]).
Adding EN signal on $procdff$4869 ($adff) from module mmul_mem (D = $procmux$2097_Y, Q = \C[49]).
Adding EN signal on $procdff$4815 ($adff) from module mmul_mem (D = $procmux$2664_Y, Q = \C[31]).
Adding EN signal on $procdff$4707 ($adff) from module mmul_mem (D = $procmux$4445_Y, Q = \mmul_result_valid).
Adding EN signal on $procdff$4911 ($adff) from module mmul_mem (D = $procmux$1880_Y, Q = \C[63]).
Adding EN signal on $procdff$4710 ($adff) from module mmul_mem (D = $procmux$1552_Y, Q = \r).
Adding EN signal on $procdff$4818 ($adff) from module mmul_mem (D = $procmux$2624_Y, Q = \C[32]).
Adding EN signal on $procdff$4713 ($adff) from module mmul_mem (D = $procmux$4439_Y, Q = \j).
Adding EN signal on $procdff$4872 ($adff) from module mmul_mem (D = $procmux$2075_Y, Q = \C[50]).
Adding EN signal on $procdff$4716 ($adff) from module mmul_mem (D = $procmux$4427_Y, Q = \k).
Adding EN signal on $procdff$4821 ($adff) from module mmul_mem (D = $procmux$2585_Y, Q = \C[33]).
Adding EN signal on $procdff$4899 ($adff) from module mmul_mem (D = $procmux$1922_Y, Q = \C[59]).
Adding EN signal on $procdff$4722 ($adff) from module mmul_mem (D = $procmux$4400_Y, Q = \C[0]).
Adding EN signal on $procdff$4824 ($adff) from module mmul_mem (D = $procmux$2547_Y, Q = \C[34]).
Adding EN signal on $procdff$4725 ($adff) from module mmul_mem (D = $procmux$4329_Y, Q = \C[1]).
Adding EN signal on $procdff$4875 ($adff) from module mmul_mem (D = $procmux$2054_Y, Q = \C[51]).
Adding EN signal on $procdff$4728 ($adff) from module mmul_mem (D = $procmux$4259_Y, Q = \C[2]).
Adding EN signal on $procdff$4827 ($adff) from module mmul_mem (D = $procmux$2510_Y, Q = \C[35]).
Adding EN signal on $procdff$4731 ($adff) from module mmul_mem (D = $procmux$4190_Y, Q = \C[3]).
Adding EN signal on $procdff$4734 ($adff) from module mmul_mem (D = $procmux$4122_Y, Q = \C[4]).
Adding EN signal on $procdff$4830 ($adff) from module mmul_mem (D = $procmux$2474_Y, Q = \C[36]).
Adding EN signal on $procdff$4737 ($adff) from module mmul_mem (D = $procmux$4055_Y, Q = \C[5]).
Adding EN signal on $procdff$4878 ($adff) from module mmul_mem (D = $procmux$2034_Y, Q = \C[52]).
Adding EN signal on $procdff$4740 ($adff) from module mmul_mem (D = $procmux$3989_Y, Q = \C[6]).
Adding EN signal on $procdff$4833 ($adff) from module mmul_mem (D = $procmux$2439_Y, Q = \C[37]).
Adding EN signal on $procdff$4743 ($adff) from module mmul_mem (D = $procmux$3924_Y, Q = \C[7]).
Adding EN signal on $procdff$4902 ($adff) from module mmul_mem (D = $procmux$1910_Y, Q = \C[60]).
Adding EN signal on $procdff$4746 ($adff) from module mmul_mem (D = $procmux$3860_Y, Q = \C[8]).
Adding EN signal on $procdff$4836 ($adff) from module mmul_mem (D = $procmux$2405_Y, Q = \C[38]).
Adding EN signal on $procdff$4749 ($adff) from module mmul_mem (D = $procmux$3797_Y, Q = \C[9]).
Adding EN signal on $procdff$4881 ($adff) from module mmul_mem (D = $procmux$2015_Y, Q = \C[53]).
Adding EN signal on $procdff$4752 ($adff) from module mmul_mem (D = $procmux$3735_Y, Q = \C[10]).
Adding EN signal on $procdff$4839 ($adff) from module mmul_mem (D = $procmux$2372_Y, Q = \C[39]).
Adding EN signal on $procdff$4755 ($adff) from module mmul_mem (D = $procmux$3674_Y, Q = \C[11]).
Adding EN signal on $procdff$4893 ($adff) from module mmul_mem (D = $procmux$1949_Y, Q = \C[57]).
Adding EN signal on $procdff$4758 ($adff) from module mmul_mem (D = $procmux$3614_Y, Q = \C[12]).
Adding EN signal on $procdff$4842 ($adff) from module mmul_mem (D = $procmux$2340_Y, Q = \C[40]).
Adding EN signal on $procdff$4761 ($adff) from module mmul_mem (D = $procmux$3555_Y, Q = \C[13]).
Adding EN signal on $procdff$4884 ($adff) from module mmul_mem (D = $procmux$1997_Y, Q = \C[54]).
Adding EN signal on $procdff$4764 ($adff) from module mmul_mem (D = $procmux$3497_Y, Q = \C[14]).
Adding EN signal on $procdff$4845 ($adff) from module mmul_mem (D = $procmux$2309_Y, Q = \C[41]).
Adding EN signal on $procdff$4767 ($adff) from module mmul_mem (D = $procmux$3440_Y, Q = \C[15]).
Adding EN signal on $procdff$4905 ($adff) from module mmul_mem (D = $procmux$1899_Y, Q = \C[61]).
Adding EN signal on $procdff$4770 ($adff) from module mmul_mem (D = $procmux$3384_Y, Q = \C[16]).
Adding EN signal on $procdff$4848 ($adff) from module mmul_mem (D = $procmux$2279_Y, Q = \C[42]).
Adding EN signal on $procdff$4773 ($adff) from module mmul_mem (D = $procmux$3329_Y, Q = \C[17]).
Adding EN signal on $procdff$4887 ($adff) from module mmul_mem (D = $procmux$1980_Y, Q = \C[55]).
Adding EN signal on $procdff$4776 ($adff) from module mmul_mem (D = $procmux$3275_Y, Q = \C[18]).
Adding EN signal on $procdff$4851 ($adff) from module mmul_mem (D = $procmux$2250_Y, Q = \C[43]).
Adding EN signal on $procdff$4779 ($adff) from module mmul_mem (D = $procmux$3222_Y, Q = \C[19]).
Adding EN signal on $procdff$4782 ($adff) from module mmul_mem (D = $procmux$3170_Y, Q = \C[20]).
Adding EN signal on $procdff$4854 ($adff) from module mmul_mem (D = $procmux$2222_Y, Q = \C[44]).
Adding EN signal on $procdff$4785 ($adff) from module mmul_mem (D = $procmux$3119_Y, Q = \C[21]).
Adding EN signal on $procdff$4890 ($adff) from module mmul_mem (D = $procmux$1964_Y, Q = \C[56]).
Adding EN signal on $procdff$4788 ($adff) from module mmul_mem (D = $procmux$3069_Y, Q = \C[22]).
Adding EN signal on $procdff$4857 ($adff) from module mmul_mem (D = $procmux$2195_Y, Q = \C[45]).
Adding EN signal on $procdff$4791 ($adff) from module mmul_mem (D = $procmux$3020_Y, Q = \C[23]).
Setting constant 1-bit at position 0 on $procdff$4920 ($adff) from module mmul_mem.
Setting constant 1-bit at position 1 on $procdff$4920 ($adff) from module mmul_mem.
Setting constant 1-bit at position 2 on $procdff$4920 ($adff) from module mmul_mem.
Setting constant 1-bit at position 3 on $procdff$4920 ($adff) from module mmul_mem.
Setting constant 1-bit at position 4 on $procdff$4920 ($adff) from module mmul_mem.
Setting constant 1-bit at position 5 on $procdff$4920 ($adff) from module mmul_mem.
Setting constant 1-bit at position 0 on $procdff$4923 ($adff) from module mmul_mem.
Setting constant 1-bit at position 1 on $procdff$4923 ($adff) from module mmul_mem.
Setting constant 1-bit at position 2 on $procdff$4923 ($adff) from module mmul_mem.
Setting constant 1-bit at position 3 on $procdff$4923 ($adff) from module mmul_mem.
Setting constant 1-bit at position 4 on $procdff$4923 ($adff) from module mmul_mem.
Setting constant 1-bit at position 5 on $procdff$4923 ($adff) from module mmul_mem.
Setting constant 1-bit at position 6 on $procdff$4923 ($adff) from module mmul_mem.
Setting constant 1-bit at position 7 on $procdff$4923 ($adff) from module mmul_mem.
Setting constant 1-bit at position 8 on $procdff$4923 ($adff) from module mmul_mem.
Setting constant 1-bit at position 9 on $procdff$4923 ($adff) from module mmul_mem.
Setting constant 1-bit at position 10 on $procdff$4923 ($adff) from module mmul_mem.
Setting constant 1-bit at position 11 on $procdff$4923 ($adff) from module mmul_mem.
Setting constant 1-bit at position 12 on $procdff$4923 ($adff) from module mmul_mem.
Setting constant 1-bit at position 13 on $procdff$4923 ($adff) from module mmul_mem.
Setting constant 1-bit at position 14 on $procdff$4923 ($adff) from module mmul_mem.
Setting constant 1-bit at position 15 on $procdff$4923 ($adff) from module mmul_mem.
Setting constant 1-bit at position 16 on $procdff$4923 ($adff) from module mmul_mem.
Setting constant 1-bit at position 17 on $procdff$4923 ($adff) from module mmul_mem.
Setting constant 1-bit at position 18 on $procdff$4923 ($adff) from module mmul_mem.
Setting constant 1-bit at position 19 on $procdff$4923 ($adff) from module mmul_mem.
Setting constant 1-bit at position 20 on $procdff$4923 ($adff) from module mmul_mem.
Setting constant 1-bit at position 21 on $procdff$4923 ($adff) from module mmul_mem.
Setting constant 1-bit at position 22 on $procdff$4923 ($adff) from module mmul_mem.
Setting constant 1-bit at position 23 on $procdff$4923 ($adff) from module mmul_mem.
Setting constant 1-bit at position 24 on $procdff$4923 ($adff) from module mmul_mem.
Setting constant 1-bit at position 25 on $procdff$4923 ($adff) from module mmul_mem.
Setting constant 1-bit at position 26 on $procdff$4923 ($adff) from module mmul_mem.
Setting constant 1-bit at position 27 on $procdff$4923 ($adff) from module mmul_mem.
Setting constant 1-bit at position 28 on $procdff$4923 ($adff) from module mmul_mem.
Setting constant 1-bit at position 29 on $procdff$4923 ($adff) from module mmul_mem.
Setting constant 1-bit at position 30 on $procdff$4923 ($adff) from module mmul_mem.
Setting constant 1-bit at position 31 on $procdff$4923 ($adff) from module mmul_mem.
Setting constant 0-bit at position 0 on $auto$ff.cc:337:slice$5143 ($adffe) from module mmul_mem.
Setting constant 0-bit at position 1 on $auto$ff.cc:337:slice$5143 ($adffe) from module mmul_mem.
Setting constant 0-bit at position 2 on $auto$ff.cc:337:slice$5143 ($adffe) from module mmul_mem.
Setting constant 1-bit at position 3 on $auto$ff.cc:337:slice$5143 ($adffe) from module mmul_mem.
Setting constant 0-bit at position 4 on $auto$ff.cc:337:slice$5143 ($adffe) from module mmul_mem.
Setting constant 0-bit at position 5 on $auto$ff.cc:337:slice$5143 ($adffe) from module mmul_mem.
Setting constant 0-bit at position 6 on $auto$ff.cc:337:slice$5143 ($adffe) from module mmul_mem.
Setting constant 0-bit at position 7 on $auto$ff.cc:337:slice$5143 ($adffe) from module mmul_mem.
Setting constant 0-bit at position 8 on $auto$ff.cc:337:slice$5143 ($adffe) from module mmul_mem.
Setting constant 0-bit at position 9 on $auto$ff.cc:337:slice$5143 ($adffe) from module mmul_mem.
Setting constant 0-bit at position 10 on $auto$ff.cc:337:slice$5143 ($adffe) from module mmul_mem.
Setting constant 0-bit at position 11 on $auto$ff.cc:337:slice$5143 ($adffe) from module mmul_mem.
Setting constant 0-bit at position 12 on $auto$ff.cc:337:slice$5143 ($adffe) from module mmul_mem.
Setting constant 0-bit at position 13 on $auto$ff.cc:337:slice$5143 ($adffe) from module mmul_mem.
Setting constant 0-bit at position 14 on $auto$ff.cc:337:slice$5143 ($adffe) from module mmul_mem.
Setting constant 0-bit at position 15 on $auto$ff.cc:337:slice$5143 ($adffe) from module mmul_mem.
Setting constant 0-bit at position 16 on $auto$ff.cc:337:slice$5143 ($adffe) from module mmul_mem.
Setting constant 0-bit at position 17 on $auto$ff.cc:337:slice$5143 ($adffe) from module mmul_mem.
Setting constant 0-bit at position 18 on $auto$ff.cc:337:slice$5143 ($adffe) from module mmul_mem.
Setting constant 0-bit at position 19 on $auto$ff.cc:337:slice$5143 ($adffe) from module mmul_mem.
Setting constant 0-bit at position 20 on $auto$ff.cc:337:slice$5143 ($adffe) from module mmul_mem.
Setting constant 0-bit at position 21 on $auto$ff.cc:337:slice$5143 ($adffe) from module mmul_mem.
Setting constant 0-bit at position 22 on $auto$ff.cc:337:slice$5143 ($adffe) from module mmul_mem.
Setting constant 0-bit at position 23 on $auto$ff.cc:337:slice$5143 ($adffe) from module mmul_mem.
Setting constant 0-bit at position 24 on $auto$ff.cc:337:slice$5143 ($adffe) from module mmul_mem.
Setting constant 0-bit at position 25 on $auto$ff.cc:337:slice$5143 ($adffe) from module mmul_mem.
Setting constant 0-bit at position 26 on $auto$ff.cc:337:slice$5143 ($adffe) from module mmul_mem.
Setting constant 0-bit at position 27 on $auto$ff.cc:337:slice$5143 ($adffe) from module mmul_mem.
Setting constant 0-bit at position 28 on $auto$ff.cc:337:slice$5143 ($adffe) from module mmul_mem.
Setting constant 0-bit at position 29 on $auto$ff.cc:337:slice$5143 ($adffe) from module mmul_mem.
Setting constant 0-bit at position 30 on $auto$ff.cc:337:slice$5143 ($adffe) from module mmul_mem.
Setting constant 0-bit at position 31 on $auto$ff.cc:337:slice$5143 ($adffe) from module mmul_mem.
Adding EN signal on $procdff$4932 ($adff) from module mem_wb (D = \reg_write_in, Q = \reg_write_out).
Adding EN signal on $procdff$4926 ($adff) from module mem_wb (D = \rd_in, Q = \rd_out).
Adding EN signal on $procdff$4938 ($adff) from module mem_wb (D = \alu_result_in, Q = \alu_result_out).
Adding EN signal on $procdff$4929 ($adff) from module mem_wb (D = \mem_to_reg_in, Q = \mem_to_reg_out).
Adding EN signal on $procdff$4935 ($adff) from module mem_wb (D = \mem_data_in, Q = \mem_data_out).
Adding EN signal on $procdff$4944 ($adff) from module if_id (D = $procmux$4506_Y, Q = \instr_out).
Adding EN signal on $procdff$4941 ($adff) from module if_id (D = $procmux$4511_Y, Q = \pc_out).

17.7. Executing OPT_CLEAN pass (remove unused cells and wires).
Finding unused cells or wires in module \riscv_pipeline..
Finding unused cells or wires in module \register_file..
Finding unused cells or wires in module \mmul_mem..
Finding unused cells or wires in module \mem_wb..
Finding unused cells or wires in module \instr_mem..
Finding unused cells or wires in module \immediate_gen..
Finding unused cells or wires in module \if_id..
Finding unused cells or wires in module \id_ex..
Finding unused cells or wires in module \ex_mem..
Finding unused cells or wires in module \data_memory..
Finding unused cells or wires in module \hazard_detection_unit..
Finding unused cells or wires in module \forwarding_unit..
Removed 80 unused cells and 1300 unused wires.
<suppressed ~96 debug messages>

17.8. Executing OPT_EXPR pass (perform const folding).
Optimizing module riscv_pipeline.
<suppressed ~1 debug messages>
Optimizing module register_file.
Optimizing module mmul_mem.
<suppressed ~133 debug messages>
Optimizing module mem_wb.
Optimizing module instr_mem.
Optimizing module immediate_gen.
Optimizing module if_id.
<suppressed ~2 debug messages>
Optimizing module id_ex.
Optimizing module ex_mem.
Optimizing module data_memory.
Optimizing module hazard_detection_unit.
Optimizing module forwarding_unit.

17.9. Rerunning OPT passes. (Maybe there is more to do..)

17.10. Executing OPT_MUXTREE pass (detect dead branches in mux trees).
Running muxtree optimizer on module \riscv_pipeline..
  Creating internal representation of mux trees.
  Evaluating internal representation of mux trees.
  Analyzing evaluation results.
Running muxtree optimizer on module \register_file..
  Creating internal representation of mux trees.
  Evaluating internal representation of mux trees.
  Analyzing evaluation results.
Running muxtree optimizer on module \mmul_mem..
  Creating internal representation of mux trees.
  Evaluating internal representation of mux trees.
  Analyzing evaluation results.
Running muxtree optimizer on module \mem_wb..
  Creating internal representation of mux trees.
  Evaluating internal representation of mux trees.
  Analyzing evaluation results.
Running muxtree optimizer on module \instr_mem..
  Creating internal representation of mux trees.
  No muxes found in this module.
Running muxtree optimizer on module \immediate_gen..
  Creating internal representation of mux trees.
  Evaluating internal representation of mux trees.
  Analyzing evaluation results.
Running muxtree optimizer on module \if_id..
  Creating internal representation of mux trees.
  Evaluating internal representation of mux trees.
  Analyzing evaluation results.
Running muxtree optimizer on module \id_ex..
  Creating internal representation of mux trees.
  Evaluating internal representation of mux trees.
  Analyzing evaluation results.
Running muxtree optimizer on module \ex_mem..
  Creating internal representation of mux trees.
  No muxes found in this module.
Running muxtree optimizer on module \data_memory..
  Creating internal representation of mux trees.
  Evaluating internal representation of mux trees.
  Analyzing evaluation results.
Running muxtree optimizer on module \hazard_detection_unit..
  Creating internal representation of mux trees.
  Evaluating internal representation of mux trees.
  Analyzing evaluation results.
Running muxtree optimizer on module \forwarding_unit..
  Creating internal representation of mux trees.
  Evaluating internal representation of mux trees.
  Analyzing evaluation results.
Removed 0 multiplexer ports.
<suppressed ~439 debug messages>

17.11. Executing OPT_REDUCE pass (consolidate $*mux and $reduce_* inputs).
  Optimizing cells in module \riscv_pipeline.
  Optimizing cells in module \register_file.
  Optimizing cells in module \mmul_mem.
  Optimizing cells in module \mem_wb.
  Optimizing cells in module \instr_mem.
  Optimizing cells in module \immediate_gen.
  Optimizing cells in module \if_id.
  Optimizing cells in module \id_ex.
  Optimizing cells in module \ex_mem.
  Optimizing cells in module \data_memory.
  Optimizing cells in module \hazard_detection_unit.
  Optimizing cells in module \forwarding_unit.
Performed a total of 0 changes.

17.12. Executing OPT_MERGE pass (detect identical cells).
Finding identical cells in module `\riscv_pipeline'.
Computing hashes of 77 cells of `\riscv_pipeline'.
Finding duplicate cells in `\riscv_pipeline'.
Finding identical cells in module `\register_file'.
Computing hashes of 165 cells of `\register_file'.
Finding duplicate cells in `\register_file'.
Finding identical cells in module `\mmul_mem'.
Computing hashes of 927 cells of `\mmul_mem'.
Finding duplicate cells in `\mmul_mem'.
Computing hashes of 860 cells of `\mmul_mem'.
Finding duplicate cells in `\mmul_mem'.
<suppressed ~201 debug messages>
Finding identical cells in module `\mem_wb'.
Computing hashes of 7 cells of `\mem_wb'.
Finding duplicate cells in `\mem_wb'.
Finding identical cells in module `\instr_mem'.
Computing hashes of 1 cells of `\instr_mem'.
Finding duplicate cells in `\instr_mem'.
Finding identical cells in module `\immediate_gen'.
Computing hashes of 7 cells of `\immediate_gen'.
Finding duplicate cells in `\immediate_gen'.
Finding identical cells in module `\if_id'.
Computing hashes of 13 cells of `\if_id'.
Finding duplicate cells in `\if_id'.
Computing hashes of 12 cells of `\if_id'.
Finding duplicate cells in `\if_id'.
<suppressed ~3 debug messages>
Finding identical cells in module `\id_ex'.
Computing hashes of 26 cells of `\id_ex'.
Finding duplicate cells in `\id_ex'.
Finding identical cells in module `\ex_mem'.
Computing hashes of 7 cells of `\ex_mem'.
Finding duplicate cells in `\ex_mem'.
Finding identical cells in module `\data_memory'.
Computing hashes of 6 cells of `\data_memory'.
Finding duplicate cells in `\data_memory'.
Finding identical cells in module `\hazard_detection_unit'.
Computing hashes of 9 cells of `\hazard_detection_unit'.
Finding duplicate cells in `\hazard_detection_unit'.
Finding identical cells in module `\forwarding_unit'.
Computing hashes of 20 cells of `\forwarding_unit'.
Finding duplicate cells in `\forwarding_unit'.
Removed a total of 68 cells.

17.13. Executing OPT_DFF pass (perform DFF optimizations).

17.14. Executing OPT_CLEAN pass (remove unused cells and wires).
Finding unused cells or wires in module \riscv_pipeline..
Finding unused cells or wires in module \register_file..
Finding unused cells or wires in module \mmul_mem..
Finding unused cells or wires in module \mem_wb..
Finding unused cells or wires in module \instr_mem..
Finding unused cells or wires in module \immediate_gen..
Finding unused cells or wires in module \if_id..
Finding unused cells or wires in module \id_ex..
Finding unused cells or wires in module \ex_mem..
Finding unused cells or wires in module \data_memory..
Finding unused cells or wires in module \hazard_detection_unit..
Finding unused cells or wires in module \forwarding_unit..
Removed 0 unused cells and 68 unused wires.
<suppressed ~2 debug messages>

17.15. Executing OPT_EXPR pass (perform const folding).
Optimizing module riscv_pipeline.
Optimizing module register_file.
Optimizing module mmul_mem.
Optimizing module mem_wb.
Optimizing module instr_mem.
Optimizing module immediate_gen.
Optimizing module if_id.
Optimizing module id_ex.
Optimizing module ex_mem.
Optimizing module data_memory.
Optimizing module hazard_detection_unit.
Optimizing module forwarding_unit.

17.16. Rerunning OPT passes. (Maybe there is more to do..)

17.17. Executing OPT_MUXTREE pass (detect dead branches in mux trees).
Running muxtree optimizer on module \riscv_pipeline..
  Creating internal representation of mux trees.
  Evaluating internal representation of mux trees.
  Analyzing evaluation results.
Running muxtree optimizer on module \register_file..
  Creating internal representation of mux trees.
  Evaluating internal representation of mux trees.
  Analyzing evaluation results.
Running muxtree optimizer on module \mmul_mem..
  Creating internal representation of mux trees.
  Evaluating internal representation of mux trees.
  Analyzing evaluation results.
Running muxtree optimizer on module \mem_wb..
  Creating internal representation of mux trees.
  Evaluating internal representation of mux trees.
  Analyzing evaluation results.
Running muxtree optimizer on module \instr_mem..
  Creating internal representation of mux trees.
  No muxes found in this module.
Running muxtree optimizer on module \immediate_gen..
  Creating internal representation of mux trees.
  Evaluating internal representation of mux trees.
  Analyzing evaluation results.
Running muxtree optimizer on module \if_id..
  Creating internal representation of mux trees.
  Evaluating internal representation of mux trees.
  Analyzing evaluation results.
Running muxtree optimizer on module \id_ex..
  Creating internal representation of mux trees.
  Evaluating internal representation of mux trees.
  Analyzing evaluation results.
Running muxtree optimizer on module \ex_mem..
  Creating internal representation of mux trees.
  No muxes found in this module.
Running muxtree optimizer on module \data_memory..
  Creating internal representation of mux trees.
  Evaluating internal representation of mux trees.
  Analyzing evaluation results.
Running muxtree optimizer on module \hazard_detection_unit..
  Creating internal representation of mux trees.
  Evaluating internal representation of mux trees.
  Analyzing evaluation results.
Running muxtree optimizer on module \forwarding_unit..
  Creating internal representation of mux trees.
  Evaluating internal representation of mux trees.
  Analyzing evaluation results.
Removed 0 multiplexer ports.
<suppressed ~439 debug messages>

17.18. Executing OPT_REDUCE pass (consolidate $*mux and $reduce_* inputs).
  Optimizing cells in module \riscv_pipeline.
  Optimizing cells in module \register_file.
  Optimizing cells in module \mmul_mem.
  Optimizing cells in module \mem_wb.
  Optimizing cells in module \instr_mem.
  Optimizing cells in module \immediate_gen.
  Optimizing cells in module \if_id.
  Optimizing cells in module \id_ex.
  Optimizing cells in module \ex_mem.
  Optimizing cells in module \data_memory.
  Optimizing cells in module \hazard_detection_unit.
  Optimizing cells in module \forwarding_unit.
Performed a total of 0 changes.

17.19. Executing OPT_MERGE pass (detect identical cells).
Finding identical cells in module `\riscv_pipeline'.
Computing hashes of 77 cells of `\riscv_pipeline'.
Finding duplicate cells in `\riscv_pipeline'.
Finding identical cells in module `\register_file'.
Computing hashes of 165 cells of `\register_file'.
Finding duplicate cells in `\register_file'.
Finding identical cells in module `\mmul_mem'.
Computing hashes of 860 cells of `\mmul_mem'.
Finding duplicate cells in `\mmul_mem'.
Finding identical cells in module `\mem_wb'.
Computing hashes of 7 cells of `\mem_wb'.
Finding duplicate cells in `\mem_wb'.
Finding identical cells in module `\instr_mem'.
Computing hashes of 1 cells of `\instr_mem'.
Finding duplicate cells in `\instr_mem'.
Finding identical cells in module `\immediate_gen'.
Computing hashes of 7 cells of `\immediate_gen'.
Finding duplicate cells in `\immediate_gen'.
Finding identical cells in module `\if_id'.
Computing hashes of 12 cells of `\if_id'.
Finding duplicate cells in `\if_id'.
Finding identical cells in module `\id_ex'.
Computing hashes of 26 cells of `\id_ex'.
Finding duplicate cells in `\id_ex'.
Finding identical cells in module `\ex_mem'.
Computing hashes of 7 cells of `\ex_mem'.
Finding duplicate cells in `\ex_mem'.
Finding identical cells in module `\data_memory'.
Computing hashes of 6 cells of `\data_memory'.
Finding duplicate cells in `\data_memory'.
Finding identical cells in module `\hazard_detection_unit'.
Computing hashes of 9 cells of `\hazard_detection_unit'.
Finding duplicate cells in `\hazard_detection_unit'.
Finding identical cells in module `\forwarding_unit'.
Computing hashes of 20 cells of `\forwarding_unit'.
Finding duplicate cells in `\forwarding_unit'.
Removed a total of 0 cells.

17.20. Executing OPT_DFF pass (perform DFF optimizations).

17.21. Executing OPT_CLEAN pass (remove unused cells and wires).
Finding unused cells or wires in module \riscv_pipeline..
Finding unused cells or wires in module \register_file..
Finding unused cells or wires in module \mmul_mem..
Finding unused cells or wires in module \mem_wb..
Finding unused cells or wires in module \instr_mem..
Finding unused cells or wires in module \immediate_gen..
Finding unused cells or wires in module \if_id..
Finding unused cells or wires in module \id_ex..
Finding unused cells or wires in module \ex_mem..
Finding unused cells or wires in module \data_memory..
Finding unused cells or wires in module \hazard_detection_unit..
Finding unused cells or wires in module \forwarding_unit..

17.22. Executing OPT_EXPR pass (perform const folding).
Optimizing module riscv_pipeline.
Optimizing module register_file.
Optimizing module mmul_mem.
Optimizing module mem_wb.
Optimizing module instr_mem.
Optimizing module immediate_gen.
Optimizing module if_id.
Optimizing module id_ex.
Optimizing module ex_mem.
Optimizing module data_memory.
Optimizing module hazard_detection_unit.
Optimizing module forwarding_unit.

17.23. Finished fast OPT passes. (There is nothing left to do.)

18. Executing FSM pass (extract and optimize FSM).

18.1. Executing FSM_DETECT pass (finding FSMs in design).

18.2. Executing FSM_EXTRACT pass (extracting FSM from design).

18.3. Executing FSM_OPT pass (simple optimizations of FSMs).

18.4. Executing OPT_CLEAN pass (remove unused cells and wires).
Finding unused cells or wires in module \riscv_pipeline..
Finding unused cells or wires in module \register_file..
Finding unused cells or wires in module \mmul_mem..
Finding unused cells or wires in module \mem_wb..
Finding unused cells or wires in module \instr_mem..
Finding unused cells or wires in module \immediate_gen..
Finding unused cells or wires in module \if_id..
Finding unused cells or wires in module \id_ex..
Finding unused cells or wires in module \ex_mem..
Finding unused cells or wires in module \data_memory..
Finding unused cells or wires in module \hazard_detection_unit..
Finding unused cells or wires in module \forwarding_unit..

18.5. Executing FSM_OPT pass (simple optimizations of FSMs).

18.6. Executing FSM_RECODE pass (re-assigning FSM state encoding).

18.7. Executing FSM_INFO pass (dumping all available information on FSM cells).

18.8. Executing FSM_MAP pass (mapping FSMs to basic logic).

19. Executing OPT pass (performing simple optimizations).

19.1. Executing OPT_EXPR pass (perform const folding).
Optimizing module riscv_pipeline.
Optimizing module register_file.
Optimizing module mmul_mem.
Optimizing module mem_wb.
Optimizing module instr_mem.
Optimizing module immediate_gen.
Optimizing module if_id.
Optimizing module id_ex.
Optimizing module ex_mem.
Optimizing module data_memory.
Optimizing module hazard_detection_unit.
Optimizing module forwarding_unit.

19.2. Executing OPT_MERGE pass (detect identical cells).
Finding identical cells in module `\riscv_pipeline'.
Computing hashes of 77 cells of `\riscv_pipeline'.
Finding duplicate cells in `\riscv_pipeline'.
Finding identical cells in module `\register_file'.
Computing hashes of 165 cells of `\register_file'.
Finding duplicate cells in `\register_file'.
Finding identical cells in module `\mmul_mem'.
Computing hashes of 860 cells of `\mmul_mem'.
Finding duplicate cells in `\mmul_mem'.
Finding identical cells in module `\mem_wb'.
Computing hashes of 7 cells of `\mem_wb'.
Finding duplicate cells in `\mem_wb'.
Finding identical cells in module `\instr_mem'.
Computing hashes of 1 cells of `\instr_mem'.
Finding duplicate cells in `\instr_mem'.
Finding identical cells in module `\immediate_gen'.
Computing hashes of 7 cells of `\immediate_gen'.
Finding duplicate cells in `\immediate_gen'.
Finding identical cells in module `\if_id'.
Computing hashes of 12 cells of `\if_id'.
Finding duplicate cells in `\if_id'.
Finding identical cells in module `\id_ex'.
Computing hashes of 26 cells of `\id_ex'.
Finding duplicate cells in `\id_ex'.
Finding identical cells in module `\ex_mem'.
Computing hashes of 7 cells of `\ex_mem'.
Finding duplicate cells in `\ex_mem'.
Finding identical cells in module `\data_memory'.
Computing hashes of 6 cells of `\data_memory'.
Finding duplicate cells in `\data_memory'.
Finding identical cells in module `\hazard_detection_unit'.
Computing hashes of 9 cells of `\hazard_detection_unit'.
Finding duplicate cells in `\hazard_detection_unit'.
Finding identical cells in module `\forwarding_unit'.
Computing hashes of 20 cells of `\forwarding_unit'.
Finding duplicate cells in `\forwarding_unit'.
Removed a total of 0 cells.

19.3. Executing OPT_MUXTREE pass (detect dead branches in mux trees).
Running muxtree optimizer on module \riscv_pipeline..
  Creating internal representation of mux trees.
  Evaluating internal representation of mux trees.
  Analyzing evaluation results.
Running muxtree optimizer on module \register_file..
  Creating internal representation of mux trees.
  Evaluating internal representation of mux trees.
  Analyzing evaluation results.
Running muxtree optimizer on module \mmul_mem..
  Creating internal representation of mux trees.
  Evaluating internal representation of mux trees.
  Analyzing evaluation results.
Running muxtree optimizer on module \mem_wb..
  Creating internal representation of mux trees.
  Evaluating internal representation of mux trees.
  Analyzing evaluation results.
Running muxtree optimizer on module \instr_mem..
  Creating internal representation of mux trees.
  No muxes found in this module.
Running muxtree optimizer on module \immediate_gen..
  Creating internal representation of mux trees.
  Evaluating internal representation of mux trees.
  Analyzing evaluation results.
Running muxtree optimizer on module \if_id..
  Creating internal representation of mux trees.
  Evaluating internal representation of mux trees.
  Analyzing evaluation results.
Running muxtree optimizer on module \id_ex..
  Creating internal representation of mux trees.
  Evaluating internal representation of mux trees.
  Analyzing evaluation results.
Running muxtree optimizer on module \ex_mem..
  Creating internal representation of mux trees.
  No muxes found in this module.
Running muxtree optimizer on module \data_memory..
  Creating internal representation of mux trees.
  Evaluating internal representation of mux trees.
  Analyzing evaluation results.
Running muxtree optimizer on module \hazard_detection_unit..
  Creating internal representation of mux trees.
  Evaluating internal representation of mux trees.
  Analyzing evaluation results.
Running muxtree optimizer on module \forwarding_unit..
  Creating internal representation of mux trees.
  Evaluating internal representation of mux trees.
  Analyzing evaluation results.
Removed 0 multiplexer ports.
<suppressed ~439 debug messages>

19.4. Executing OPT_REDUCE pass (consolidate $*mux and $reduce_* inputs).
  Optimizing cells in module \riscv_pipeline.
  Optimizing cells in module \register_file.
  Optimizing cells in module \mmul_mem.
  Optimizing cells in module \mem_wb.
  Optimizing cells in module \instr_mem.
  Optimizing cells in module \immediate_gen.
  Optimizing cells in module \if_id.
  Optimizing cells in module \id_ex.
  Optimizing cells in module \ex_mem.
  Optimizing cells in module \data_memory.
  Optimizing cells in module \hazard_detection_unit.
  Optimizing cells in module \forwarding_unit.
Performed a total of 0 changes.

19.5. Executing OPT_MERGE pass (detect identical cells).
Finding identical cells in module `\riscv_pipeline'.
Computing hashes of 77 cells of `\riscv_pipeline'.
Finding duplicate cells in `\riscv_pipeline'.
Finding identical cells in module `\register_file'.
Computing hashes of 165 cells of `\register_file'.
Finding duplicate cells in `\register_file'.
Finding identical cells in module `\mmul_mem'.
Computing hashes of 860 cells of `\mmul_mem'.
Finding duplicate cells in `\mmul_mem'.
Finding identical cells in module `\mem_wb'.
Computing hashes of 7 cells of `\mem_wb'.
Finding duplicate cells in `\mem_wb'.
Finding identical cells in module `\instr_mem'.
Computing hashes of 1 cells of `\instr_mem'.
Finding duplicate cells in `\instr_mem'.
Finding identical cells in module `\immediate_gen'.
Computing hashes of 7 cells of `\immediate_gen'.
Finding duplicate cells in `\immediate_gen'.
Finding identical cells in module `\if_id'.
Computing hashes of 12 cells of `\if_id'.
Finding duplicate cells in `\if_id'.
Finding identical cells in module `\id_ex'.
Computing hashes of 26 cells of `\id_ex'.
Finding duplicate cells in `\id_ex'.
Finding identical cells in module `\ex_mem'.
Computing hashes of 7 cells of `\ex_mem'.
Finding duplicate cells in `\ex_mem'.
Finding identical cells in module `\data_memory'.
Computing hashes of 6 cells of `\data_memory'.
Finding duplicate cells in `\data_memory'.
Finding identical cells in module `\hazard_detection_unit'.
Computing hashes of 9 cells of `\hazard_detection_unit'.
Finding duplicate cells in `\hazard_detection_unit'.
Finding identical cells in module `\forwarding_unit'.
Computing hashes of 20 cells of `\forwarding_unit'.
Finding duplicate cells in `\forwarding_unit'.
Removed a total of 0 cells.

19.6. Executing OPT_DFF pass (perform DFF optimizations).

19.7. Executing OPT_CLEAN pass (remove unused cells and wires).
Finding unused cells or wires in module \riscv_pipeline..
Finding unused cells or wires in module \register_file..
Finding unused cells or wires in module \mmul_mem..
Finding unused cells or wires in module \mem_wb..
Finding unused cells or wires in module \instr_mem..
Finding unused cells or wires in module \immediate_gen..
Finding unused cells or wires in module \if_id..
Finding unused cells or wires in module \id_ex..
Finding unused cells or wires in module \ex_mem..
Finding unused cells or wires in module \data_memory..
Finding unused cells or wires in module \hazard_detection_unit..
Finding unused cells or wires in module \forwarding_unit..

19.8. Executing OPT_EXPR pass (perform const folding).
Optimizing module riscv_pipeline.
Optimizing module register_file.
Optimizing module mmul_mem.
Optimizing module mem_wb.
Optimizing module instr_mem.
Optimizing module immediate_gen.
Optimizing module if_id.
Optimizing module id_ex.
Optimizing module ex_mem.
Optimizing module data_memory.
Optimizing module hazard_detection_unit.
Optimizing module forwarding_unit.

19.9. Finished fast OPT passes. (There is nothing left to do.)

20. Executing MEMORY pass.

20.1. Executing OPT_MEM pass (optimize memories).
mmul_mem.B: removing const-0 lane 3
mmul_mem.B: removing const-0 lane 4
mmul_mem.B: removing const-0 lane 5
mmul_mem.B: removing const-0 lane 6
mmul_mem.B: removing const-0 lane 7
mmul_mem.B: removing const-0 lane 8
mmul_mem.B: removing const-0 lane 9
mmul_mem.B: removing const-0 lane 10
mmul_mem.B: removing const-0 lane 11
mmul_mem.B: removing const-0 lane 12
mmul_mem.B: removing const-0 lane 13
mmul_mem.B: removing const-0 lane 14
mmul_mem.B: removing const-0 lane 15
mmul_mem.B: removing const-0 lane 16
mmul_mem.B: removing const-0 lane 17
mmul_mem.B: removing const-0 lane 18
mmul_mem.B: removing const-0 lane 19
mmul_mem.B: removing const-0 lane 20
mmul_mem.B: removing const-0 lane 21
mmul_mem.B: removing const-0 lane 22
mmul_mem.B: removing const-0 lane 23
mmul_mem.B: removing const-0 lane 24
mmul_mem.B: removing const-0 lane 25
mmul_mem.B: removing const-0 lane 26
mmul_mem.B: removing const-0 lane 27
mmul_mem.B: removing const-0 lane 28
mmul_mem.B: removing const-0 lane 29
mmul_mem.B: removing const-0 lane 30
mmul_mem.B: removing const-0 lane 31
mmul_mem.A: removing const-0 lane 3
mmul_mem.A: removing const-0 lane 4
mmul_mem.A: removing const-0 lane 5
mmul_mem.A: removing const-0 lane 6
mmul_mem.A: removing const-0 lane 7
mmul_mem.A: removing const-0 lane 8
mmul_mem.A: removing const-0 lane 9
mmul_mem.A: removing const-0 lane 10
mmul_mem.A: removing const-0 lane 11
mmul_mem.A: removing const-0 lane 12
mmul_mem.A: removing const-0 lane 13
mmul_mem.A: removing const-0 lane 14
mmul_mem.A: removing const-0 lane 15
mmul_mem.A: removing const-0 lane 16
mmul_mem.A: removing const-0 lane 17
mmul_mem.A: removing const-0 lane 18
mmul_mem.A: removing const-0 lane 19
mmul_mem.A: removing const-0 lane 20
mmul_mem.A: removing const-0 lane 21
mmul_mem.A: removing const-0 lane 22
mmul_mem.A: removing const-0 lane 23
mmul_mem.A: removing const-0 lane 24
mmul_mem.A: removing const-0 lane 25
mmul_mem.A: removing const-0 lane 26
mmul_mem.A: removing const-0 lane 27
mmul_mem.A: removing const-0 lane 28
mmul_mem.A: removing const-0 lane 29
mmul_mem.A: removing const-0 lane 30
mmul_mem.A: removing const-0 lane 31
instr_mem.mem: removing const-x lane 0
instr_mem.mem: removing const-x lane 1
instr_mem.mem: removing const-x lane 2
instr_mem.mem: removing const-x lane 3
instr_mem.mem: removing const-x lane 4
instr_mem.mem: removing const-x lane 5
instr_mem.mem: removing const-x lane 6
instr_mem.mem: removing const-x lane 7
instr_mem.mem: removing const-x lane 8
instr_mem.mem: removing const-x lane 9
instr_mem.mem: removing const-x lane 10
instr_mem.mem: removing const-x lane 11
instr_mem.mem: removing const-x lane 12
instr_mem.mem: removing const-x lane 13
instr_mem.mem: removing const-x lane 14
instr_mem.mem: removing const-x lane 15
instr_mem.mem: removing const-x lane 16
instr_mem.mem: removing const-x lane 17
instr_mem.mem: removing const-x lane 18
instr_mem.mem: removing const-x lane 19
instr_mem.mem: removing const-x lane 20
instr_mem.mem: removing const-x lane 21
instr_mem.mem: removing const-x lane 22
instr_mem.mem: removing const-x lane 23
instr_mem.mem: removing const-x lane 24
instr_mem.mem: removing const-x lane 25
instr_mem.mem: removing const-x lane 26
instr_mem.mem: removing const-x lane 27
instr_mem.mem: removing const-x lane 28
instr_mem.mem: removing const-x lane 29
instr_mem.mem: removing const-x lane 30
instr_mem.mem: removing const-x lane 31
Performed a total of 3 transformations.

20.2. Executing OPT_MEM_PRIORITY pass (removing unnecessary memory write priority relations).
Performed a total of 0 transformations.

20.3. Executing OPT_MEM_FEEDBACK pass (finding memory read-to-write feedback paths).
  Analyzing data_memory.mem write port 0.

20.4. Executing MEMORY_BMUX2ROM pass (converting muxes to ROMs).

20.5. Executing MEMORY_DFF pass (merging $dff cells to $memrd).
Checking read port `\B'[0] in module `\mmul_mem': no output FF found.
Checking read port `\B'[1] in module `\mmul_mem': no output FF found.
Checking read port `\B'[2] in module `\mmul_mem': no output FF found.
Checking read port `\B'[3] in module `\mmul_mem': no output FF found.
Checking read port `\B'[4] in module `\mmul_mem': no output FF found.
Checking read port `\B'[5] in module `\mmul_mem': no output FF found.
Checking read port `\B'[6] in module `\mmul_mem': no output FF found.
Checking read port `\B'[7] in module `\mmul_mem': no output FF found.
Checking read port `\B'[8] in module `\mmul_mem': no output FF found.
Checking read port `\B'[9] in module `\mmul_mem': no output FF found.
Checking read port `\B'[10] in module `\mmul_mem': no output FF found.
Checking read port `\B'[11] in module `\mmul_mem': no output FF found.
Checking read port `\B'[12] in module `\mmul_mem': no output FF found.
Checking read port `\B'[13] in module `\mmul_mem': no output FF found.
Checking read port `\B'[14] in module `\mmul_mem': no output FF found.
Checking read port `\B'[15] in module `\mmul_mem': no output FF found.
Checking read port `\B'[16] in module `\mmul_mem': no output FF found.
Checking read port `\B'[17] in module `\mmul_mem': no output FF found.
Checking read port `\B'[18] in module `\mmul_mem': no output FF found.
Checking read port `\B'[19] in module `\mmul_mem': no output FF found.
Checking read port `\B'[20] in module `\mmul_mem': no output FF found.
Checking read port `\B'[21] in module `\mmul_mem': no output FF found.
Checking read port `\B'[22] in module `\mmul_mem': no output FF found.
Checking read port `\B'[23] in module `\mmul_mem': no output FF found.
Checking read port `\B'[24] in module `\mmul_mem': no output FF found.
Checking read port `\B'[25] in module `\mmul_mem': no output FF found.
Checking read port `\B'[26] in module `\mmul_mem': no output FF found.
Checking read port `\B'[27] in module `\mmul_mem': no output FF found.
Checking read port `\B'[28] in module `\mmul_mem': no output FF found.
Checking read port `\B'[29] in module `\mmul_mem': no output FF found.
Checking read port `\B'[30] in module `\mmul_mem': no output FF found.
Checking read port `\B'[31] in module `\mmul_mem': no output FF found.
Checking read port `\B'[32] in module `\mmul_mem': no output FF found.
Checking read port `\B'[33] in module `\mmul_mem': no output FF found.
Checking read port `\B'[34] in module `\mmul_mem': no output FF found.
Checking read port `\B'[35] in module `\mmul_mem': no output FF found.
Checking read port `\B'[36] in module `\mmul_mem': no output FF found.
Checking read port `\B'[37] in module `\mmul_mem': no output FF found.
Checking read port `\B'[38] in module `\mmul_mem': no output FF found.
Checking read port `\B'[39] in module `\mmul_mem': no output FF found.
Checking read port `\B'[40] in module `\mmul_mem': no output FF found.
Checking read port `\B'[41] in module `\mmul_mem': no output FF found.
Checking read port `\B'[42] in module `\mmul_mem': no output FF found.
Checking read port `\B'[43] in module `\mmul_mem': no output FF found.
Checking read port `\B'[44] in module `\mmul_mem': no output FF found.
Checking read port `\B'[45] in module `\mmul_mem': no output FF found.
Checking read port `\B'[46] in module `\mmul_mem': no output FF found.
Checking read port `\B'[47] in module `\mmul_mem': no output FF found.
Checking read port `\B'[48] in module `\mmul_mem': no output FF found.
Checking read port `\B'[49] in module `\mmul_mem': no output FF found.
Checking read port `\B'[50] in module `\mmul_mem': no output FF found.
Checking read port `\B'[51] in module `\mmul_mem': no output FF found.
Checking read port `\B'[52] in module `\mmul_mem': no output FF found.
Checking read port `\B'[53] in module `\mmul_mem': no output FF found.
Checking read port `\B'[54] in module `\mmul_mem': no output FF found.
Checking read port `\B'[55] in module `\mmul_mem': no output FF found.
Checking read port `\B'[56] in module `\mmul_mem': no output FF found.
Checking read port `\B'[57] in module `\mmul_mem': no output FF found.
Checking read port `\B'[58] in module `\mmul_mem': no output FF found.
Checking read port `\B'[59] in module `\mmul_mem': no output FF found.
Checking read port `\B'[60] in module `\mmul_mem': no output FF found.
Checking read port `\B'[61] in module `\mmul_mem': no output FF found.
Checking read port `\B'[62] in module `\mmul_mem': no output FF found.
Checking read port `\B'[63] in module `\mmul_mem': no output FF found.
Checking read port `\B'[64] in module `\mmul_mem': no output FF found.
Checking read port `\A'[0] in module `\mmul_mem': no output FF found.
Checking read port `\A'[1] in module `\mmul_mem': no output FF found.
Checking read port `\A'[2] in module `\mmul_mem': no output FF found.
Checking read port `\A'[3] in module `\mmul_mem': no output FF found.
Checking read port `\A'[4] in module `\mmul_mem': no output FF found.
Checking read port `\A'[5] in module `\mmul_mem': no output FF found.
Checking read port `\A'[6] in module `\mmul_mem': no output FF found.
Checking read port `\A'[7] in module `\mmul_mem': no output FF found.
Checking read port `\A'[8] in module `\mmul_mem': no output FF found.
Checking read port `\A'[9] in module `\mmul_mem': no output FF found.
Checking read port `\A'[10] in module `\mmul_mem': no output FF found.
Checking read port `\A'[11] in module `\mmul_mem': no output FF found.
Checking read port `\A'[12] in module `\mmul_mem': no output FF found.
Checking read port `\A'[13] in module `\mmul_mem': no output FF found.
Checking read port `\A'[14] in module `\mmul_mem': no output FF found.
Checking read port `\A'[15] in module `\mmul_mem': no output FF found.
Checking read port `\A'[16] in module `\mmul_mem': no output FF found.
Checking read port `\A'[17] in module `\mmul_mem': no output FF found.
Checking read port `\A'[18] in module `\mmul_mem': no output FF found.
Checking read port `\A'[19] in module `\mmul_mem': no output FF found.
Checking read port `\A'[20] in module `\mmul_mem': no output FF found.
Checking read port `\A'[21] in module `\mmul_mem': no output FF found.
Checking read port `\A'[22] in module `\mmul_mem': no output FF found.
Checking read port `\A'[23] in module `\mmul_mem': no output FF found.
Checking read port `\A'[24] in module `\mmul_mem': no output FF found.
Checking read port `\A'[25] in module `\mmul_mem': no output FF found.
Checking read port `\A'[26] in module `\mmul_mem': no output FF found.
Checking read port `\A'[27] in module `\mmul_mem': no output FF found.
Checking read port `\A'[28] in module `\mmul_mem': no output FF found.
Checking read port `\A'[29] in module `\mmul_mem': no output FF found.
Checking read port `\A'[30] in module `\mmul_mem': no output FF found.
Checking read port `\A'[31] in module `\mmul_mem': no output FF found.
Checking read port `\A'[32] in module `\mmul_mem': no output FF found.
Checking read port `\A'[33] in module `\mmul_mem': no output FF found.
Checking read port `\A'[34] in module `\mmul_mem': no output FF found.
Checking read port `\A'[35] in module `\mmul_mem': no output FF found.
Checking read port `\A'[36] in module `\mmul_mem': no output FF found.
Checking read port `\A'[37] in module `\mmul_mem': no output FF found.
Checking read port `\A'[38] in module `\mmul_mem': no output FF found.
Checking read port `\A'[39] in module `\mmul_mem': no output FF found.
Checking read port `\A'[40] in module `\mmul_mem': no output FF found.
Checking read port `\A'[41] in module `\mmul_mem': no output FF found.
Checking read port `\A'[42] in module `\mmul_mem': no output FF found.
Checking read port `\A'[43] in module `\mmul_mem': no output FF found.
Checking read port `\A'[44] in module `\mmul_mem': no output FF found.
Checking read port `\A'[45] in module `\mmul_mem': no output FF found.
Checking read port `\A'[46] in module `\mmul_mem': no output FF found.
Checking read port `\A'[47] in module `\mmul_mem': no output FF found.
Checking read port `\A'[48] in module `\mmul_mem': no output FF found.
Checking read port `\A'[49] in module `\mmul_mem': no output FF found.
Checking read port `\A'[50] in module `\mmul_mem': no output FF found.
Checking read port `\A'[51] in module `\mmul_mem': no output FF found.
Checking read port `\A'[52] in module `\mmul_mem': no output FF found.
Checking read port `\A'[53] in module `\mmul_mem': no output FF found.
Checking read port `\A'[54] in module `\mmul_mem': no output FF found.
Checking read port `\A'[55] in module `\mmul_mem': no output FF found.
Checking read port `\A'[56] in module `\mmul_mem': no output FF found.
Checking read port `\A'[57] in module `\mmul_mem': no output FF found.
Checking read port `\A'[58] in module `\mmul_mem': no output FF found.
Checking read port `\A'[59] in module `\mmul_mem': no output FF found.
Checking read port `\A'[60] in module `\mmul_mem': no output FF found.
Checking read port `\A'[61] in module `\mmul_mem': no output FF found.
Checking read port `\A'[62] in module `\mmul_mem': no output FF found.
Checking read port `\A'[63] in module `\mmul_mem': no output FF found.
Checking read port `\A'[64] in module `\mmul_mem': no output FF found.
Checking read port address `\B'[0] in module `\mmul_mem': no address FF found.
Checking read port address `\B'[1] in module `\mmul_mem': no address FF found.
Checking read port address `\B'[2] in module `\mmul_mem': no address FF found.
Checking read port address `\B'[3] in module `\mmul_mem': no address FF found.
Checking read port address `\B'[4] in module `\mmul_mem': no address FF found.
Checking read port address `\B'[5] in module `\mmul_mem': no address FF found.
Checking read port address `\B'[6] in module `\mmul_mem': no address FF found.
Checking read port address `\B'[7] in module `\mmul_mem': no address FF found.
Checking read port address `\B'[8] in module `\mmul_mem': no address FF found.
Checking read port address `\B'[9] in module `\mmul_mem': no address FF found.
Checking read port address `\B'[10] in module `\mmul_mem': no address FF found.
Checking read port address `\B'[11] in module `\mmul_mem': no address FF found.
Checking read port address `\B'[12] in module `\mmul_mem': no address FF found.
Checking read port address `\B'[13] in module `\mmul_mem': no address FF found.
Checking read port address `\B'[14] in module `\mmul_mem': no address FF found.
Checking read port address `\B'[15] in module `\mmul_mem': no address FF found.
Checking read port address `\B'[16] in module `\mmul_mem': no address FF found.
Checking read port address `\B'[17] in module `\mmul_mem': no address FF found.
Checking read port address `\B'[18] in module `\mmul_mem': no address FF found.
Checking read port address `\B'[19] in module `\mmul_mem': no address FF found.
Checking read port address `\B'[20] in module `\mmul_mem': no address FF found.
Checking read port address `\B'[21] in module `\mmul_mem': no address FF found.
Checking read port address `\B'[22] in module `\mmul_mem': no address FF found.
Checking read port address `\B'[23] in module `\mmul_mem': no address FF found.
Checking read port address `\B'[24] in module `\mmul_mem': no address FF found.
Checking read port address `\B'[25] in module `\mmul_mem': no address FF found.
Checking read port address `\B'[26] in module `\mmul_mem': no address FF found.
Checking read port address `\B'[27] in module `\mmul_mem': no address FF found.
Checking read port address `\B'[28] in module `\mmul_mem': no address FF found.
Checking read port address `\B'[29] in module `\mmul_mem': no address FF found.
Checking read port address `\B'[30] in module `\mmul_mem': no address FF found.
Checking read port address `\B'[31] in module `\mmul_mem': no address FF found.
Checking read port address `\B'[32] in module `\mmul_mem': no address FF found.
Checking read port address `\B'[33] in module `\mmul_mem': no address FF found.
Checking read port address `\B'[34] in module `\mmul_mem': no address FF found.
Checking read port address `\B'[35] in module `\mmul_mem': no address FF found.
Checking read port address `\B'[36] in module `\mmul_mem': no address FF found.
Checking read port address `\B'[37] in module `\mmul_mem': no address FF found.
Checking read port address `\B'[38] in module `\mmul_mem': no address FF found.
Checking read port address `\B'[39] in module `\mmul_mem': no address FF found.
Checking read port address `\B'[40] in module `\mmul_mem': no address FF found.
Checking read port address `\B'[41] in module `\mmul_mem': no address FF found.
Checking read port address `\B'[42] in module `\mmul_mem': no address FF found.
Checking read port address `\B'[43] in module `\mmul_mem': no address FF found.
Checking read port address `\B'[44] in module `\mmul_mem': no address FF found.
Checking read port address `\B'[45] in module `\mmul_mem': no address FF found.
Checking read port address `\B'[46] in module `\mmul_mem': no address FF found.
Checking read port address `\B'[47] in module `\mmul_mem': no address FF found.
Checking read port address `\B'[48] in module `\mmul_mem': no address FF found.
Checking read port address `\B'[49] in module `\mmul_mem': no address FF found.
Checking read port address `\B'[50] in module `\mmul_mem': no address FF found.
Checking read port address `\B'[51] in module `\mmul_mem': no address FF found.
Checking read port address `\B'[52] in module `\mmul_mem': no address FF found.
Checking read port address `\B'[53] in module `\mmul_mem': no address FF found.
Checking read port address `\B'[54] in module `\mmul_mem': no address FF found.
Checking read port address `\B'[55] in module `\mmul_mem': no address FF found.
Checking read port address `\B'[56] in module `\mmul_mem': no address FF found.
Checking read port address `\B'[57] in module `\mmul_mem': no address FF found.
Checking read port address `\B'[58] in module `\mmul_mem': no address FF found.
Checking read port address `\B'[59] in module `\mmul_mem': no address FF found.
Checking read port address `\B'[60] in module `\mmul_mem': no address FF found.
Checking read port address `\B'[61] in module `\mmul_mem': no address FF found.
Checking read port address `\B'[62] in module `\mmul_mem': no address FF found.
Checking read port address `\B'[63] in module `\mmul_mem': no address FF found.
Checking read port address `\B'[64] in module `\mmul_mem': no address FF found.
Checking read port address `\A'[0] in module `\mmul_mem': no address FF found.
Checking read port address `\A'[1] in module `\mmul_mem': no address FF found.
Checking read port address `\A'[2] in module `\mmul_mem': no address FF found.
Checking read port address `\A'[3] in module `\mmul_mem': no address FF found.
Checking read port address `\A'[4] in module `\mmul_mem': no address FF found.
Checking read port address `\A'[5] in module `\mmul_mem': no address FF found.
Checking read port address `\A'[6] in module `\mmul_mem': no address FF found.
Checking read port address `\A'[7] in module `\mmul_mem': no address FF found.
Checking read port address `\A'[8] in module `\mmul_mem': no address FF found.
Checking read port address `\A'[9] in module `\mmul_mem': no address FF found.
Checking read port address `\A'[10] in module `\mmul_mem': no address FF found.
Checking read port address `\A'[11] in module `\mmul_mem': no address FF found.
Checking read port address `\A'[12] in module `\mmul_mem': no address FF found.
Checking read port address `\A'[13] in module `\mmul_mem': no address FF found.
Checking read port address `\A'[14] in module `\mmul_mem': no address FF found.
Checking read port address `\A'[15] in module `\mmul_mem': no address FF found.
Checking read port address `\A'[16] in module `\mmul_mem': no address FF found.
Checking read port address `\A'[17] in module `\mmul_mem': no address FF found.
Checking read port address `\A'[18] in module `\mmul_mem': no address FF found.
Checking read port address `\A'[19] in module `\mmul_mem': no address FF found.
Checking read port address `\A'[20] in module `\mmul_mem': no address FF found.
Checking read port address `\A'[21] in module `\mmul_mem': no address FF found.
Checking read port address `\A'[22] in module `\mmul_mem': no address FF found.
Checking read port address `\A'[23] in module `\mmul_mem': no address FF found.
Checking read port address `\A'[24] in module `\mmul_mem': no address FF found.
Checking read port address `\A'[25] in module `\mmul_mem': no address FF found.
Checking read port address `\A'[26] in module `\mmul_mem': no address FF found.
Checking read port address `\A'[27] in module `\mmul_mem': no address FF found.
Checking read port address `\A'[28] in module `\mmul_mem': no address FF found.
Checking read port address `\A'[29] in module `\mmul_mem': no address FF found.
Checking read port address `\A'[30] in module `\mmul_mem': no address FF found.
Checking read port address `\A'[31] in module `\mmul_mem': no address FF found.
Checking read port address `\A'[32] in module `\mmul_mem': no address FF found.
Checking read port address `\A'[33] in module `\mmul_mem': no address FF found.
Checking read port address `\A'[34] in module `\mmul_mem': no address FF found.
Checking read port address `\A'[35] in module `\mmul_mem': no address FF found.
Checking read port address `\A'[36] in module `\mmul_mem': no address FF found.
Checking read port address `\A'[37] in module `\mmul_mem': no address FF found.
Checking read port address `\A'[38] in module `\mmul_mem': no address FF found.
Checking read port address `\A'[39] in module `\mmul_mem': no address FF found.
Checking read port address `\A'[40] in module `\mmul_mem': no address FF found.
Checking read port address `\A'[41] in module `\mmul_mem': no address FF found.
Checking read port address `\A'[42] in module `\mmul_mem': no address FF found.
Checking read port address `\A'[43] in module `\mmul_mem': no address FF found.
Checking read port address `\A'[44] in module `\mmul_mem': no address FF found.
Checking read port address `\A'[45] in module `\mmul_mem': no address FF found.
Checking read port address `\A'[46] in module `\mmul_mem': no address FF found.
Checking read port address `\A'[47] in module `\mmul_mem': no address FF found.
Checking read port address `\A'[48] in module `\mmul_mem': no address FF found.
Checking read port address `\A'[49] in module `\mmul_mem': no address FF found.
Checking read port address `\A'[50] in module `\mmul_mem': no address FF found.
Checking read port address `\A'[51] in module `\mmul_mem': no address FF found.
Checking read port address `\A'[52] in module `\mmul_mem': no address FF found.
Checking read port address `\A'[53] in module `\mmul_mem': no address FF found.
Checking read port address `\A'[54] in module `\mmul_mem': no address FF found.
Checking read port address `\A'[55] in module `\mmul_mem': no address FF found.
Checking read port address `\A'[56] in module `\mmul_mem': no address FF found.
Checking read port address `\A'[57] in module `\mmul_mem': no address FF found.
Checking read port address `\A'[58] in module `\mmul_mem': no address FF found.
Checking read port address `\A'[59] in module `\mmul_mem': no address FF found.
Checking read port address `\A'[60] in module `\mmul_mem': no address FF found.
Checking read port address `\A'[61] in module `\mmul_mem': no address FF found.
Checking read port address `\A'[62] in module `\mmul_mem': no address FF found.
Checking read port address `\A'[63] in module `\mmul_mem': no address FF found.
Checking read port address `\A'[64] in module `\mmul_mem': no address FF found.
Checking read port `\mem'[0] in module `\data_memory': no output FF found.
Checking read port address `\mem'[0] in module `\data_memory': no address FF found.

20.6. Executing OPT_CLEAN pass (remove unused cells and wires).
Finding unused cells or wires in module \riscv_pipeline..
Finding unused cells or wires in module \register_file..
Finding unused cells or wires in module \mmul_mem..
Finding unused cells or wires in module \mem_wb..
Finding unused cells or wires in module \instr_mem..
Finding unused cells or wires in module \immediate_gen..
Finding unused cells or wires in module \if_id..
Finding unused cells or wires in module \id_ex..
Finding unused cells or wires in module \ex_mem..
Finding unused cells or wires in module \data_memory..
Finding unused cells or wires in module \hazard_detection_unit..
Finding unused cells or wires in module \forwarding_unit..

20.7. Executing MEMORY_SHARE pass (consolidating $memrd/$memwr cells).
Consolidating read ports of memory mmul_mem.B by address:
  Merging ports 1, 2 (address 0).
  Merging ports 1, 3 (address 0).
  Merging ports 1, 4 (address 0).
  Merging ports 1, 5 (address 0).
  Merging ports 1, 6 (address 0).
  Merging ports 1, 7 (address 0).
  Merging ports 1, 8 (address 0).
  Merging ports 1, 9 (address 0).
  Merging ports 1, 10 (address 0).
  Merging ports 1, 11 (address 0).
  Merging ports 1, 12 (address 0).
  Merging ports 1, 13 (address 0).
  Merging ports 1, 14 (address 0).
  Merging ports 1, 15 (address 0).
  Merging ports 1, 16 (address 0).
  Merging ports 1, 17 (address 0).
  Merging ports 1, 18 (address 0).
  Merging ports 1, 19 (address 0).
  Merging ports 1, 20 (address 0).
  Merging ports 1, 21 (address 0).
  Merging ports 1, 22 (address 0).
  Merging ports 1, 23 (address 0).
  Merging ports 1, 24 (address 0).
  Merging ports 1, 25 (address 0).
  Merging ports 1, 26 (address 0).
  Merging ports 1, 27 (address 0).
  Merging ports 1, 28 (address 0).
  Merging ports 1, 29 (address 0).
  Merging ports 1, 30 (address 0).
  Merging ports 1, 31 (address 0).
  Merging ports 1, 32 (address 0).
  Merging ports 1, 33 (address 0).
  Merging ports 1, 34 (address 0).
  Merging ports 1, 35 (address 0).
  Merging ports 1, 36 (address 0).
  Merging ports 1, 37 (address 0).
  Merging ports 1, 38 (address 0).
  Merging ports 1, 39 (address 0).
  Merging ports 1, 40 (address 0).
  Merging ports 1, 41 (address 0).
  Merging ports 1, 42 (address 0).
  Merging ports 1, 43 (address 0).
  Merging ports 1, 44 (address 0).
  Merging ports 1, 45 (address 0).
  Merging ports 1, 46 (address 0).
  Merging ports 1, 47 (address 0).
  Merging ports 1, 48 (address 0).
  Merging ports 1, 49 (address 0).
  Merging ports 1, 50 (address 0).
  Merging ports 1, 51 (address 0).
  Merging ports 1, 52 (address 0).
  Merging ports 1, 53 (address 0).
  Merging ports 1, 54 (address 0).
  Merging ports 1, 55 (address 0).
  Merging ports 1, 56 (address 0).
  Merging ports 1, 57 (address 0).
  Merging ports 1, 58 (address 0).
  Merging ports 1, 59 (address 0).
  Merging ports 1, 60 (address 0).
  Merging ports 1, 61 (address 0).
  Merging ports 1, 62 (address 0).
  Merging ports 1, 63 (address 0).
  Merging ports 1, 64 (address 0).
Consolidating read ports of memory mmul_mem.B by address:
Consolidating read ports of memory mmul_mem.A by address:
  Merging ports 1, 2 (address 0).
  Merging ports 1, 3 (address 0).
  Merging ports 1, 4 (address 0).
  Merging ports 1, 5 (address 0).
  Merging ports 1, 6 (address 0).
  Merging ports 1, 7 (address 0).
  Merging ports 1, 8 (address 0).
  Merging ports 1, 9 (address 0).
  Merging ports 1, 10 (address 0).
  Merging ports 1, 11 (address 0).
  Merging ports 1, 12 (address 0).
  Merging ports 1, 13 (address 0).
  Merging ports 1, 14 (address 0).
  Merging ports 1, 15 (address 0).
  Merging ports 1, 16 (address 0).
  Merging ports 1, 17 (address 0).
  Merging ports 1, 18 (address 0).
  Merging ports 1, 19 (address 0).
  Merging ports 1, 20 (address 0).
  Merging ports 1, 21 (address 0).
  Merging ports 1, 22 (address 0).
  Merging ports 1, 23 (address 0).
  Merging ports 1, 24 (address 0).
  Merging ports 1, 25 (address 0).
  Merging ports 1, 26 (address 0).
  Merging ports 1, 27 (address 0).
  Merging ports 1, 28 (address 0).
  Merging ports 1, 29 (address 0).
  Merging ports 1, 30 (address 0).
  Merging ports 1, 31 (address 0).
  Merging ports 1, 32 (address 0).
  Merging ports 1, 33 (address 0).
  Merging ports 1, 34 (address 0).
  Merging ports 1, 35 (address 0).
  Merging ports 1, 36 (address 0).
  Merging ports 1, 37 (address 0).
  Merging ports 1, 38 (address 0).
  Merging ports 1, 39 (address 0).
  Merging ports 1, 40 (address 0).
  Merging ports 1, 41 (address 0).
  Merging ports 1, 42 (address 0).
  Merging ports 1, 43 (address 0).
  Merging ports 1, 44 (address 0).
  Merging ports 1, 45 (address 0).
  Merging ports 1, 46 (address 0).
  Merging ports 1, 47 (address 0).
  Merging ports 1, 48 (address 0).
  Merging ports 1, 49 (address 0).
  Merging ports 1, 50 (address 0).
  Merging ports 1, 51 (address 0).
  Merging ports 1, 52 (address 0).
  Merging ports 1, 53 (address 0).
  Merging ports 1, 54 (address 0).
  Merging ports 1, 55 (address 0).
  Merging ports 1, 56 (address 0).
  Merging ports 1, 57 (address 0).
  Merging ports 1, 58 (address 0).
  Merging ports 1, 59 (address 0).
  Merging ports 1, 60 (address 0).
  Merging ports 1, 61 (address 0).
  Merging ports 1, 62 (address 0).
  Merging ports 1, 63 (address 0).
  Merging ports 1, 64 (address 0).
Consolidating read ports of memory mmul_mem.A by address:

20.8. Executing OPT_MEM_WIDEN pass (optimize memories where all ports are wide).
Performed a total of 0 transformations.

20.9. Executing OPT_CLEAN pass (remove unused cells and wires).
Finding unused cells or wires in module \riscv_pipeline..
Finding unused cells or wires in module \register_file..
Finding unused cells or wires in module \mmul_mem..
Finding unused cells or wires in module \mem_wb..
Finding unused cells or wires in module \instr_mem..
Finding unused cells or wires in module \immediate_gen..
Finding unused cells or wires in module \if_id..
Finding unused cells or wires in module \id_ex..
Finding unused cells or wires in module \ex_mem..
Finding unused cells or wires in module \data_memory..
Finding unused cells or wires in module \hazard_detection_unit..
Finding unused cells or wires in module \forwarding_unit..
Removed 0 unused cells and 242 unused wires.
<suppressed ~1 debug messages>

20.10. Executing MEMORY_COLLECT pass (generating $mem cells).

20.11. Executing MEMORY_MAP pass (converting memories to logic and flip-flops).
Mapping memory \B in module \mmul_mem:
  created 64 $dff cells and 0 static cells of width 3.
  read interface: 0 $dff and 63 $mux cells.
  write interface: 0 write mux blocks.
Mapping memory \A in module \mmul_mem:
  created 64 $dff cells and 0 static cells of width 3.
  read interface: 0 $dff and 63 $mux cells.
  write interface: 0 write mux blocks.
Mapping memory \mem in module \data_memory:
  created 1024 $dff cells and 0 static cells of width 32.
  read interface: 0 $dff and 1023 $mux cells.
  write interface: 1024 write mux blocks.

21. Executing OPT pass (performing simple optimizations).

21.1. Executing OPT_EXPR pass (perform const folding).
Optimizing module riscv_pipeline.
Optimizing module register_file.
Optimizing module mmul_mem.
<suppressed ~70 debug messages>
Optimizing module mem_wb.
Optimizing module instr_mem.
Optimizing module immediate_gen.
Optimizing module if_id.
Optimizing module id_ex.
Optimizing module ex_mem.
Optimizing module data_memory.
<suppressed ~20 debug messages>
Optimizing module hazard_detection_unit.
Optimizing module forwarding_unit.

21.2. Executing OPT_MERGE pass (detect identical cells).
Finding identical cells in module `\riscv_pipeline'.
Computing hashes of 77 cells of `\riscv_pipeline'.
Finding duplicate cells in `\riscv_pipeline'.
Finding identical cells in module `\register_file'.
Computing hashes of 165 cells of `\register_file'.
Finding duplicate cells in `\register_file'.
Finding identical cells in module `\mmul_mem'.
Computing hashes of 658 cells of `\mmul_mem'.
Finding duplicate cells in `\mmul_mem'.
Finding identical cells in module `\mem_wb'.
Computing hashes of 7 cells of `\mem_wb'.
Finding duplicate cells in `\mem_wb'.
Finding identical cells in module `\instr_mem'.
Computing hashes of 0 cells of `\instr_mem'.
Finding duplicate cells in `\instr_mem'.
Finding identical cells in module `\immediate_gen'.
Computing hashes of 7 cells of `\immediate_gen'.
Finding duplicate cells in `\immediate_gen'.
Finding identical cells in module `\if_id'.
Computing hashes of 12 cells of `\if_id'.
Finding duplicate cells in `\if_id'.
Finding identical cells in module `\id_ex'.
Computing hashes of 26 cells of `\id_ex'.
Finding duplicate cells in `\id_ex'.
Finding identical cells in module `\ex_mem'.
Computing hashes of 7 cells of `\ex_mem'.
Finding duplicate cells in `\ex_mem'.
Finding identical cells in module `\data_memory'.
Computing hashes of 5229 cells of `\data_memory'.
Finding duplicate cells in `\data_memory'.
Finding identical cells in module `\hazard_detection_unit'.
Computing hashes of 9 cells of `\hazard_detection_unit'.
Finding duplicate cells in `\hazard_detection_unit'.
Finding identical cells in module `\forwarding_unit'.
Computing hashes of 20 cells of `\forwarding_unit'.
Finding duplicate cells in `\forwarding_unit'.
Removed a total of 0 cells.

21.3. Executing OPT_MUXTREE pass (detect dead branches in mux trees).
Running muxtree optimizer on module \riscv_pipeline..
  Creating internal representation of mux trees.
  Evaluating internal representation of mux trees.
  Analyzing evaluation results.
Running muxtree optimizer on module \register_file..
  Creating internal representation of mux trees.
  Evaluating internal representation of mux trees.
  Analyzing evaluation results.
Running muxtree optimizer on module \mmul_mem..
  Creating internal representation of mux trees.
  Evaluating internal representation of mux trees.
  Analyzing evaluation results.
Running muxtree optimizer on module \mem_wb..
  Creating internal representation of mux trees.
  Evaluating internal representation of mux trees.
  Analyzing evaluation results.
Running muxtree optimizer on module \instr_mem..
  Creating internal representation of mux trees.
  No muxes found in this module.
Running muxtree optimizer on module \immediate_gen..
  Creating internal representation of mux trees.
  Evaluating internal representation of mux trees.
  Analyzing evaluation results.
Running muxtree optimizer on module \if_id..
  Creating internal representation of mux trees.
  Evaluating internal representation of mux trees.
  Analyzing evaluation results.
Running muxtree optimizer on module \id_ex..
  Creating internal representation of mux trees.
  Evaluating internal representation of mux trees.
  Analyzing evaluation results.
Running muxtree optimizer on module \ex_mem..
  Creating internal representation of mux trees.
  No muxes found in this module.
Running muxtree optimizer on module \data_memory..
  Creating internal representation of mux trees.
  Evaluating internal representation of mux trees.
  Analyzing evaluation results.
Running muxtree optimizer on module \hazard_detection_unit..
  Creating internal representation of mux trees.
  Evaluating internal representation of mux trees.
  Analyzing evaluation results.
Running muxtree optimizer on module \forwarding_unit..
  Creating internal representation of mux trees.
  Evaluating internal representation of mux trees.
  Analyzing evaluation results.
Removed 0 multiplexer ports.
<suppressed ~4592 debug messages>

21.4. Executing OPT_REDUCE pass (consolidate $*mux and $reduce_* inputs).
  Optimizing cells in module \riscv_pipeline.
  Optimizing cells in module \register_file.
  Optimizing cells in module \mmul_mem.
  Optimizing cells in module \mem_wb.
  Optimizing cells in module \instr_mem.
  Optimizing cells in module \immediate_gen.
  Optimizing cells in module \if_id.
  Optimizing cells in module \id_ex.
  Optimizing cells in module \ex_mem.
  Optimizing cells in module \data_memory.
  Optimizing cells in module \hazard_detection_unit.
  Optimizing cells in module \forwarding_unit.
Performed a total of 0 changes.

21.5. Executing OPT_MERGE pass (detect identical cells).
Finding identical cells in module `\riscv_pipeline'.
Computing hashes of 77 cells of `\riscv_pipeline'.
Finding duplicate cells in `\riscv_pipeline'.
Finding identical cells in module `\register_file'.
Computing hashes of 165 cells of `\register_file'.
Finding duplicate cells in `\register_file'.
Finding identical cells in module `\mmul_mem'.
Computing hashes of 658 cells of `\mmul_mem'.
Finding duplicate cells in `\mmul_mem'.
Finding identical cells in module `\mem_wb'.
Computing hashes of 7 cells of `\mem_wb'.
Finding duplicate cells in `\mem_wb'.
Finding identical cells in module `\instr_mem'.
Computing hashes of 0 cells of `\instr_mem'.
Finding duplicate cells in `\instr_mem'.
Finding identical cells in module `\immediate_gen'.
Computing hashes of 7 cells of `\immediate_gen'.
Finding duplicate cells in `\immediate_gen'.
Finding identical cells in module `\if_id'.
Computing hashes of 12 cells of `\if_id'.
Finding duplicate cells in `\if_id'.
Finding identical cells in module `\id_ex'.
Computing hashes of 26 cells of `\id_ex'.
Finding duplicate cells in `\id_ex'.
Finding identical cells in module `\ex_mem'.
Computing hashes of 7 cells of `\ex_mem'.
Finding duplicate cells in `\ex_mem'.
Finding identical cells in module `\data_memory'.
Computing hashes of 5229 cells of `\data_memory'.
Finding duplicate cells in `\data_memory'.
Finding identical cells in module `\hazard_detection_unit'.
Computing hashes of 9 cells of `\hazard_detection_unit'.
Finding duplicate cells in `\hazard_detection_unit'.
Finding identical cells in module `\forwarding_unit'.
Computing hashes of 20 cells of `\forwarding_unit'.
Finding duplicate cells in `\forwarding_unit'.
Removed a total of 0 cells.

21.6. Executing OPT_DFF pass (perform DFF optimizations).

21.7. Executing OPT_CLEAN pass (remove unused cells and wires).
Finding unused cells or wires in module \riscv_pipeline..
Finding unused cells or wires in module \register_file..
Finding unused cells or wires in module \mmul_mem..
Finding unused cells or wires in module \mem_wb..
Finding unused cells or wires in module \instr_mem..
Finding unused cells or wires in module \immediate_gen..
Finding unused cells or wires in module \if_id..
Finding unused cells or wires in module \id_ex..
Finding unused cells or wires in module \ex_mem..
Finding unused cells or wires in module \data_memory..
Finding unused cells or wires in module \hazard_detection_unit..
Finding unused cells or wires in module \forwarding_unit..
Removed 0 unused cells and 2268 unused wires.
<suppressed ~2 debug messages>

21.8. Executing OPT_EXPR pass (perform const folding).
Optimizing module riscv_pipeline.
Optimizing module register_file.
Optimizing module mmul_mem.
Optimizing module mem_wb.
Optimizing module instr_mem.
Optimizing module immediate_gen.
Optimizing module if_id.
Optimizing module id_ex.
Optimizing module ex_mem.
Optimizing module data_memory.
Optimizing module hazard_detection_unit.
Optimizing module forwarding_unit.

21.9. Rerunning OPT passes. (Maybe there is more to do..)

21.10. Executing OPT_MUXTREE pass (detect dead branches in mux trees).
Running muxtree optimizer on module \riscv_pipeline..
  Creating internal representation of mux trees.
  Evaluating internal representation of mux trees.
  Analyzing evaluation results.
Running muxtree optimizer on module \register_file..
  Creating internal representation of mux trees.
  Evaluating internal representation of mux trees.
  Analyzing evaluation results.
Running muxtree optimizer on module \mmul_mem..
  Creating internal representation of mux trees.
  Evaluating internal representation of mux trees.
  Analyzing evaluation results.
Running muxtree optimizer on module \mem_wb..
  Creating internal representation of mux trees.
  Evaluating internal representation of mux trees.
  Analyzing evaluation results.
Running muxtree optimizer on module \instr_mem..
  Creating internal representation of mux trees.
  No muxes found in this module.
Running muxtree optimizer on module \immediate_gen..
  Creating internal representation of mux trees.
  Evaluating internal representation of mux trees.
  Analyzing evaluation results.
Running muxtree optimizer on module \if_id..
  Creating internal representation of mux trees.
  Evaluating internal representation of mux trees.
  Analyzing evaluation results.
Running muxtree optimizer on module \id_ex..
  Creating internal representation of mux trees.
  Evaluating internal representation of mux trees.
  Analyzing evaluation results.
Running muxtree optimizer on module \ex_mem..
  Creating internal representation of mux trees.
  No muxes found in this module.
Running muxtree optimizer on module \data_memory..
  Creating internal representation of mux trees.
  Evaluating internal representation of mux trees.
  Analyzing evaluation results.
Running muxtree optimizer on module \hazard_detection_unit..
  Creating internal representation of mux trees.
  Evaluating internal representation of mux trees.
  Analyzing evaluation results.
Running muxtree optimizer on module \forwarding_unit..
  Creating internal representation of mux trees.
  Evaluating internal representation of mux trees.
  Analyzing evaluation results.
Removed 0 multiplexer ports.
<suppressed ~4592 debug messages>

21.11. Executing OPT_REDUCE pass (consolidate $*mux and $reduce_* inputs).
  Optimizing cells in module \riscv_pipeline.
  Optimizing cells in module \register_file.
  Optimizing cells in module \mmul_mem.
  Optimizing cells in module \mem_wb.
  Optimizing cells in module \instr_mem.
  Optimizing cells in module \immediate_gen.
  Optimizing cells in module \if_id.
  Optimizing cells in module \id_ex.
  Optimizing cells in module \ex_mem.
  Optimizing cells in module \data_memory.
  Optimizing cells in module \hazard_detection_unit.
  Optimizing cells in module \forwarding_unit.
Performed a total of 0 changes.

21.12. Executing OPT_MERGE pass (detect identical cells).
Finding identical cells in module `\riscv_pipeline'.
Computing hashes of 77 cells of `\riscv_pipeline'.
Finding duplicate cells in `\riscv_pipeline'.
Finding identical cells in module `\register_file'.
Computing hashes of 165 cells of `\register_file'.
Finding duplicate cells in `\register_file'.
Finding identical cells in module `\mmul_mem'.
Computing hashes of 658 cells of `\mmul_mem'.
Finding duplicate cells in `\mmul_mem'.
Finding identical cells in module `\mem_wb'.
Computing hashes of 7 cells of `\mem_wb'.
Finding duplicate cells in `\mem_wb'.
Finding identical cells in module `\instr_mem'.
Computing hashes of 0 cells of `\instr_mem'.
Finding duplicate cells in `\instr_mem'.
Finding identical cells in module `\immediate_gen'.
Computing hashes of 7 cells of `\immediate_gen'.
Finding duplicate cells in `\immediate_gen'.
Finding identical cells in module `\if_id'.
Computing hashes of 12 cells of `\if_id'.
Finding duplicate cells in `\if_id'.
Finding identical cells in module `\id_ex'.
Computing hashes of 26 cells of `\id_ex'.
Finding duplicate cells in `\id_ex'.
Finding identical cells in module `\ex_mem'.
Computing hashes of 7 cells of `\ex_mem'.
Finding duplicate cells in `\ex_mem'.
Finding identical cells in module `\data_memory'.
Computing hashes of 5229 cells of `\data_memory'.
Finding duplicate cells in `\data_memory'.
Finding identical cells in module `\hazard_detection_unit'.
Computing hashes of 9 cells of `\hazard_detection_unit'.
Finding duplicate cells in `\hazard_detection_unit'.
Finding identical cells in module `\forwarding_unit'.
Computing hashes of 20 cells of `\forwarding_unit'.
Finding duplicate cells in `\forwarding_unit'.
Removed a total of 0 cells.

21.13. Executing OPT_DFF pass (perform DFF optimizations).
Adding EN signal on $memory\mem[0]$6361 ($dff) from module data_memory (D = $0$memwr$\mem$src/data_memory.v:20$15_DATA[31:0]$18, Q = \mem[0]).
Adding EN signal on $memory\mem[1]$6363 ($dff) from module data_memory (D = $0$memwr$\mem$src/data_memory.v:20$15_DATA[31:0]$18, Q = \mem[1]).
Adding EN signal on $memory\mem[2]$6365 ($dff) from module data_memory (D = $0$memwr$\mem$src/data_memory.v:20$15_DATA[31:0]$18, Q = \mem[2]).
Adding EN signal on $memory\mem[3]$6367 ($dff) from module data_memory (D = $0$memwr$\mem$src/data_memory.v:20$15_DATA[31:0]$18, Q = \mem[3]).
Adding EN signal on $memory\mem[4]$6369 ($dff) from module data_memory (D = $0$memwr$\mem$src/data_memory.v:20$15_DATA[31:0]$18, Q = \mem[4]).
Adding EN signal on $memory\mem[5]$6371 ($dff) from module data_memory (D = $0$memwr$\mem$src/data_memory.v:20$15_DATA[31:0]$18, Q = \mem[5]).
Adding EN signal on $memory\mem[6]$6373 ($dff) from module data_memory (D = $0$memwr$\mem$src/data_memory.v:20$15_DATA[31:0]$18, Q = \mem[6]).
Adding EN signal on $memory\mem[7]$6375 ($dff) from module data_memory (D = $0$memwr$\mem$src/data_memory.v:20$15_DATA[31:0]$18, Q = \mem[7]).
Adding EN signal on $memory\mem[8]$6377 ($dff) from module data_memory (D = $0$memwr$\mem$src/data_memory.v:20$15_DATA[31:0]$18, Q = \mem[8]).
Adding EN signal on $memory\mem[9]$6379 ($dff) from module data_memory (D = $0$memwr$\mem$src/data_memory.v:20$15_DATA[31:0]$18, Q = \mem[9]).
Adding EN signal on $memory\mem[10]$6381 ($dff) from module data_memory (D = $0$memwr$\mem$src/data_memory.v:20$15_DATA[31:0]$18, Q = \mem[10]).
Adding EN signal on $memory\mem[11]$6383 ($dff) from module data_memory (D = $0$memwr$\mem$src/data_memory.v:20$15_DATA[31:0]$18, Q = \mem[11]).
Adding EN signal on $memory\mem[12]$6385 ($dff) from module data_memory (D = $0$memwr$\mem$src/data_memory.v:20$15_DATA[31:0]$18, Q = \mem[12]).
Adding EN signal on $memory\mem[13]$6387 ($dff) from module data_memory (D = $0$memwr$\mem$src/data_memory.v:20$15_DATA[31:0]$18, Q = \mem[13]).
Adding EN signal on $memory\mem[14]$6389 ($dff) from module data_memory (D = $0$memwr$\mem$src/data_memory.v:20$15_DATA[31:0]$18, Q = \mem[14]).
Adding EN signal on $memory\mem[15]$6391 ($dff) from module data_memory (D = $0$memwr$\mem$src/data_memory.v:20$15_DATA[31:0]$18, Q = \mem[15]).
Adding EN signal on $memory\mem[16]$6393 ($dff) from module data_memory (D = $0$memwr$\mem$src/data_memory.v:20$15_DATA[31:0]$18, Q = \mem[16]).
Adding EN signal on $memory\mem[17]$6395 ($dff) from module data_memory (D = $0$memwr$\mem$src/data_memory.v:20$15_DATA[31:0]$18, Q = \mem[17]).
Adding EN signal on $memory\mem[18]$6397 ($dff) from module data_memory (D = $0$memwr$\mem$src/data_memory.v:20$15_DATA[31:0]$18, Q = \mem[18]).
Adding EN signal on $memory\mem[19]$6399 ($dff) from module data_memory (D = $0$memwr$\mem$src/data_memory.v:20$15_DATA[31:0]$18, Q = \mem[19]).
Adding EN signal on $memory\mem[20]$6401 ($dff) from module data_memory (D = $0$memwr$\mem$src/data_memory.v:20$15_DATA[31:0]$18, Q = \mem[20]).
Adding EN signal on $memory\mem[21]$6403 ($dff) from module data_memory (D = $0$memwr$\mem$src/data_memory.v:20$15_DATA[31:0]$18, Q = \mem[21]).
Adding EN signal on $memory\mem[22]$6405 ($dff) from module data_memory (D = $0$memwr$\mem$src/data_memory.v:20$15_DATA[31:0]$18, Q = \mem[22]).
Adding EN signal on $memory\mem[23]$6407 ($dff) from module data_memory (D = $0$memwr$\mem$src/data_memory.v:20$15_DATA[31:0]$18, Q = \mem[23]).
Adding EN signal on $memory\mem[24]$6409 ($dff) from module data_memory (D = $0$memwr$\mem$src/data_memory.v:20$15_DATA[31:0]$18, Q = \mem[24]).
Adding EN signal on $memory\mem[25]$6411 ($dff) from module data_memory (D = $0$memwr$\mem$src/data_memory.v:20$15_DATA[31:0]$18, Q = \mem[25]).
Adding EN signal on $memory\mem[26]$6413 ($dff) from module data_memory (D = $0$memwr$\mem$src/data_memory.v:20$15_DATA[31:0]$18, Q = \mem[26]).
Adding EN signal on $memory\mem[27]$6415 ($dff) from module data_memory (D = $0$memwr$\mem$src/data_memory.v:20$15_DATA[31:0]$18, Q = \mem[27]).
Adding EN signal on $memory\mem[28]$6417 ($dff) from module data_memory (D = $0$memwr$\mem$src/data_memory.v:20$15_DATA[31:0]$18, Q = \mem[28]).
Adding EN signal on $memory\mem[29]$6419 ($dff) from module data_memory (D = $0$memwr$\mem$src/data_memory.v:20$15_DATA[31:0]$18, Q = \mem[29]).
Adding EN signal on $memory\mem[30]$6421 ($dff) from module data_memory (D = $0$memwr$\mem$src/data_memory.v:20$15_DATA[31:0]$18, Q = \mem[30]).
Adding EN signal on $memory\mem[31]$6423 ($dff) from module data_memory (D = $0$memwr$\mem$src/data_memory.v:20$15_DATA[31:0]$18, Q = \mem[31]).
Adding EN signal on $memory\mem[32]$6425 ($dff) from module data_memory (D = $0$memwr$\mem$src/data_memory.v:20$15_DATA[31:0]$18, Q = \mem[32]).
Adding EN signal on $memory\mem[33]$6427 ($dff) from module data_memory (D = $0$memwr$\mem$src/data_memory.v:20$15_DATA[31:0]$18, Q = \mem[33]).
Adding EN signal on $memory\mem[34]$6429 ($dff) from module data_memory (D = $0$memwr$\mem$src/data_memory.v:20$15_DATA[31:0]$18, Q = \mem[34]).
Adding EN signal on $memory\mem[35]$6431 ($dff) from module data_memory (D = $0$memwr$\mem$src/data_memory.v:20$15_DATA[31:0]$18, Q = \mem[35]).
Adding EN signal on $memory\mem[36]$6433 ($dff) from module data_memory (D = $0$memwr$\mem$src/data_memory.v:20$15_DATA[31:0]$18, Q = \mem[36]).
Adding EN signal on $memory\mem[37]$6435 ($dff) from module data_memory (D = $0$memwr$\mem$src/data_memory.v:20$15_DATA[31:0]$18, Q = \mem[37]).
Adding EN signal on $memory\mem[38]$6437 ($dff) from module data_memory (D = $0$memwr$\mem$src/data_memory.v:20$15_DATA[31:0]$18, Q = \mem[38]).
Adding EN signal on $memory\mem[39]$6439 ($dff) from module data_memory (D = $0$memwr$\mem$src/data_memory.v:20$15_DATA[31:0]$18, Q = \mem[39]).
Adding EN signal on $memory\mem[40]$6441 ($dff) from module data_memory (D = $0$memwr$\mem$src/data_memory.v:20$15_DATA[31:0]$18, Q = \mem[40]).
Adding EN signal on $memory\mem[41]$6443 ($dff) from module data_memory (D = $0$memwr$\mem$src/data_memory.v:20$15_DATA[31:0]$18, Q = \mem[41]).
Adding EN signal on $memory\mem[42]$6445 ($dff) from module data_memory (D = $0$memwr$\mem$src/data_memory.v:20$15_DATA[31:0]$18, Q = \mem[42]).
Adding EN signal on $memory\mem[43]$6447 ($dff) from module data_memory (D = $0$memwr$\mem$src/data_memory.v:20$15_DATA[31:0]$18, Q = \mem[43]).
Adding EN signal on $memory\mem[44]$6449 ($dff) from module data_memory (D = $0$memwr$\mem$src/data_memory.v:20$15_DATA[31:0]$18, Q = \mem[44]).
Adding EN signal on $memory\mem[45]$6451 ($dff) from module data_memory (D = $0$memwr$\mem$src/data_memory.v:20$15_DATA[31:0]$18, Q = \mem[45]).
Adding EN signal on $memory\mem[46]$6453 ($dff) from module data_memory (D = $0$memwr$\mem$src/data_memory.v:20$15_DATA[31:0]$18, Q = \mem[46]).
Adding EN signal on $memory\mem[47]$6455 ($dff) from module data_memory (D = $0$memwr$\mem$src/data_memory.v:20$15_DATA[31:0]$18, Q = \mem[47]).
Adding EN signal on $memory\mem[48]$6457 ($dff) from module data_memory (D = $0$memwr$\mem$src/data_memory.v:20$15_DATA[31:0]$18, Q = \mem[48]).
Adding EN signal on $memory\mem[49]$6459 ($dff) from module data_memory (D = $0$memwr$\mem$src/data_memory.v:20$15_DATA[31:0]$18, Q = \mem[49]).
Adding EN signal on $memory\mem[50]$6461 ($dff) from module data_memory (D = $0$memwr$\mem$src/data_memory.v:20$15_DATA[31:0]$18, Q = \mem[50]).
Adding EN signal on $memory\mem[51]$6463 ($dff) from module data_memory (D = $0$memwr$\mem$src/data_memory.v:20$15_DATA[31:0]$18, Q = \mem[51]).
Adding EN signal on $memory\mem[52]$6465 ($dff) from module data_memory (D = $0$memwr$\mem$src/data_memory.v:20$15_DATA[31:0]$18, Q = \mem[52]).
Adding EN signal on $memory\mem[53]$6467 ($dff) from module data_memory (D = $0$memwr$\mem$src/data_memory.v:20$15_DATA[31:0]$18, Q = \mem[53]).
Adding EN signal on $memory\mem[54]$6469 ($dff) from module data_memory (D = $0$memwr$\mem$src/data_memory.v:20$15_DATA[31:0]$18, Q = \mem[54]).
Adding EN signal on $memory\mem[55]$6471 ($dff) from module data_memory (D = $0$memwr$\mem$src/data_memory.v:20$15_DATA[31:0]$18, Q = \mem[55]).
Adding EN signal on $memory\mem[56]$6473 ($dff) from module data_memory (D = $0$memwr$\mem$src/data_memory.v:20$15_DATA[31:0]$18, Q = \mem[56]).
Adding EN signal on $memory\mem[57]$6475 ($dff) from module data_memory (D = $0$memwr$\mem$src/data_memory.v:20$15_DATA[31:0]$18, Q = \mem[57]).
Adding EN signal on $memory\mem[58]$6477 ($dff) from module data_memory (D = $0$memwr$\mem$src/data_memory.v:20$15_DATA[31:0]$18, Q = \mem[58]).
Adding EN signal on $memory\mem[59]$6479 ($dff) from module data_memory (D = $0$memwr$\mem$src/data_memory.v:20$15_DATA[31:0]$18, Q = \mem[59]).
Adding EN signal on $memory\mem[60]$6481 ($dff) from module data_memory (D = $0$memwr$\mem$src/data_memory.v:20$15_DATA[31:0]$18, Q = \mem[60]).
Adding EN signal on $memory\mem[61]$6483 ($dff) from module data_memory (D = $0$memwr$\mem$src/data_memory.v:20$15_DATA[31:0]$18, Q = \mem[61]).
Adding EN signal on $memory\mem[62]$6485 ($dff) from module data_memory (D = $0$memwr$\mem$src/data_memory.v:20$15_DATA[31:0]$18, Q = \mem[62]).
Adding EN signal on $memory\mem[63]$6487 ($dff) from module data_memory (D = $0$memwr$\mem$src/data_memory.v:20$15_DATA[31:0]$18, Q = \mem[63]).
Adding EN signal on $memory\mem[64]$6489 ($dff) from module data_memory (D = $0$memwr$\mem$src/data_memory.v:20$15_DATA[31:0]$18, Q = \mem[64]).
Adding EN signal on $memory\mem[65]$6491 ($dff) from module data_memory (D = $0$memwr$\mem$src/data_memory.v:20$15_DATA[31:0]$18, Q = \mem[65]).
Adding EN signal on $memory\mem[66]$6493 ($dff) from module data_memory (D = $0$memwr$\mem$src/data_memory.v:20$15_DATA[31:0]$18, Q = \mem[66]).
Adding EN signal on $memory\mem[67]$6495 ($dff) from module data_memory (D = $0$memwr$\mem$src/data_memory.v:20$15_DATA[31:0]$18, Q = \mem[67]).
Adding EN signal on $memory\mem[68]$6497 ($dff) from module data_memory (D = $0$memwr$\mem$src/data_memory.v:20$15_DATA[31:0]$18, Q = \mem[68]).
Adding EN signal on $memory\mem[69]$6499 ($dff) from module data_memory (D = $0$memwr$\mem$src/data_memory.v:20$15_DATA[31:0]$18, Q = \mem[69]).
Adding EN signal on $memory\mem[70]$6501 ($dff) from module data_memory (D = $0$memwr$\mem$src/data_memory.v:20$15_DATA[31:0]$18, Q = \mem[70]).
Adding EN signal on $memory\mem[71]$6503 ($dff) from module data_memory (D = $0$memwr$\mem$src/data_memory.v:20$15_DATA[31:0]$18, Q = \mem[71]).
Adding EN signal on $memory\mem[72]$6505 ($dff) from module data_memory (D = $0$memwr$\mem$src/data_memory.v:20$15_DATA[31:0]$18, Q = \mem[72]).
Adding EN signal on $memory\mem[73]$6507 ($dff) from module data_memory (D = $0$memwr$\mem$src/data_memory.v:20$15_DATA[31:0]$18, Q = \mem[73]).
Adding EN signal on $memory\mem[74]$6509 ($dff) from module data_memory (D = $0$memwr$\mem$src/data_memory.v:20$15_DATA[31:0]$18, Q = \mem[74]).
Adding EN signal on $memory\mem[75]$6511 ($dff) from module data_memory (D = $0$memwr$\mem$src/data_memory.v:20$15_DATA[31:0]$18, Q = \mem[75]).
Adding EN signal on $memory\mem[76]$6513 ($dff) from module data_memory (D = $0$memwr$\mem$src/data_memory.v:20$15_DATA[31:0]$18, Q = \mem[76]).
Adding EN signal on $memory\mem[77]$6515 ($dff) from module data_memory (D = $0$memwr$\mem$src/data_memory.v:20$15_DATA[31:0]$18, Q = \mem[77]).
Adding EN signal on $memory\mem[78]$6517 ($dff) from module data_memory (D = $0$memwr$\mem$src/data_memory.v:20$15_DATA[31:0]$18, Q = \mem[78]).
Adding EN signal on $memory\mem[79]$6519 ($dff) from module data_memory (D = $0$memwr$\mem$src/data_memory.v:20$15_DATA[31:0]$18, Q = \mem[79]).
Adding EN signal on $memory\mem[80]$6521 ($dff) from module data_memory (D = $0$memwr$\mem$src/data_memory.v:20$15_DATA[31:0]$18, Q = \mem[80]).
Adding EN signal on $memory\mem[81]$6523 ($dff) from module data_memory (D = $0$memwr$\mem$src/data_memory.v:20$15_DATA[31:0]$18, Q = \mem[81]).
Adding EN signal on $memory\mem[82]$6525 ($dff) from module data_memory (D = $0$memwr$\mem$src/data_memory.v:20$15_DATA[31:0]$18, Q = \mem[82]).
Adding EN signal on $memory\mem[83]$6527 ($dff) from module data_memory (D = $0$memwr$\mem$src/data_memory.v:20$15_DATA[31:0]$18, Q = \mem[83]).
Adding EN signal on $memory\mem[84]$6529 ($dff) from module data_memory (D = $0$memwr$\mem$src/data_memory.v:20$15_DATA[31:0]$18, Q = \mem[84]).
Adding EN signal on $memory\mem[85]$6531 ($dff) from module data_memory (D = $0$memwr$\mem$src/data_memory.v:20$15_DATA[31:0]$18, Q = \mem[85]).
Adding EN signal on $memory\mem[86]$6533 ($dff) from module data_memory (D = $0$memwr$\mem$src/data_memory.v:20$15_DATA[31:0]$18, Q = \mem[86]).
Adding EN signal on $memory\mem[87]$6535 ($dff) from module data_memory (D = $0$memwr$\mem$src/data_memory.v:20$15_DATA[31:0]$18, Q = \mem[87]).
Adding EN signal on $memory\mem[88]$6537 ($dff) from module data_memory (D = $0$memwr$\mem$src/data_memory.v:20$15_DATA[31:0]$18, Q = \mem[88]).
Adding EN signal on $memory\mem[89]$6539 ($dff) from module data_memory (D = $0$memwr$\mem$src/data_memory.v:20$15_DATA[31:0]$18, Q = \mem[89]).
Adding EN signal on $memory\mem[90]$6541 ($dff) from module data_memory (D = $0$memwr$\mem$src/data_memory.v:20$15_DATA[31:0]$18, Q = \mem[90]).
Adding EN signal on $memory\mem[91]$6543 ($dff) from module data_memory (D = $0$memwr$\mem$src/data_memory.v:20$15_DATA[31:0]$18, Q = \mem[91]).
Adding EN signal on $memory\mem[92]$6545 ($dff) from module data_memory (D = $0$memwr$\mem$src/data_memory.v:20$15_DATA[31:0]$18, Q = \mem[92]).
Adding EN signal on $memory\mem[93]$6547 ($dff) from module data_memory (D = $0$memwr$\mem$src/data_memory.v:20$15_DATA[31:0]$18, Q = \mem[93]).
Adding EN signal on $memory\mem[94]$6549 ($dff) from module data_memory (D = $0$memwr$\mem$src/data_memory.v:20$15_DATA[31:0]$18, Q = \mem[94]).
Adding EN signal on $memory\mem[95]$6551 ($dff) from module data_memory (D = $0$memwr$\mem$src/data_memory.v:20$15_DATA[31:0]$18, Q = \mem[95]).
Adding EN signal on $memory\mem[96]$6553 ($dff) from module data_memory (D = $0$memwr$\mem$src/data_memory.v:20$15_DATA[31:0]$18, Q = \mem[96]).
Adding EN signal on $memory\mem[97]$6555 ($dff) from module data_memory (D = $0$memwr$\mem$src/data_memory.v:20$15_DATA[31:0]$18, Q = \mem[97]).
Adding EN signal on $memory\mem[98]$6557 ($dff) from module data_memory (D = $0$memwr$\mem$src/data_memory.v:20$15_DATA[31:0]$18, Q = \mem[98]).
Adding EN signal on $memory\mem[99]$6559 ($dff) from module data_memory (D = $0$memwr$\mem$src/data_memory.v:20$15_DATA[31:0]$18, Q = \mem[99]).
Adding EN signal on $memory\mem[100]$6561 ($dff) from module data_memory (D = $0$memwr$\mem$src/data_memory.v:20$15_DATA[31:0]$18, Q = \mem[100]).
Adding EN signal on $memory\mem[101]$6563 ($dff) from module data_memory (D = $0$memwr$\mem$src/data_memory.v:20$15_DATA[31:0]$18, Q = \mem[101]).
Adding EN signal on $memory\mem[102]$6565 ($dff) from module data_memory (D = $0$memwr$\mem$src/data_memory.v:20$15_DATA[31:0]$18, Q = \mem[102]).
Adding EN signal on $memory\mem[103]$6567 ($dff) from module data_memory (D = $0$memwr$\mem$src/data_memory.v:20$15_DATA[31:0]$18, Q = \mem[103]).
Adding EN signal on $memory\mem[104]$6569 ($dff) from module data_memory (D = $0$memwr$\mem$src/data_memory.v:20$15_DATA[31:0]$18, Q = \mem[104]).
Adding EN signal on $memory\mem[105]$6571 ($dff) from module data_memory (D = $0$memwr$\mem$src/data_memory.v:20$15_DATA[31:0]$18, Q = \mem[105]).
Adding EN signal on $memory\mem[106]$6573 ($dff) from module data_memory (D = $0$memwr$\mem$src/data_memory.v:20$15_DATA[31:0]$18, Q = \mem[106]).
Adding EN signal on $memory\mem[107]$6575 ($dff) from module data_memory (D = $0$memwr$\mem$src/data_memory.v:20$15_DATA[31:0]$18, Q = \mem[107]).
Adding EN signal on $memory\mem[108]$6577 ($dff) from module data_memory (D = $0$memwr$\mem$src/data_memory.v:20$15_DATA[31:0]$18, Q = \mem[108]).
Adding EN signal on $memory\mem[109]$6579 ($dff) from module data_memory (D = $0$memwr$\mem$src/data_memory.v:20$15_DATA[31:0]$18, Q = \mem[109]).
Adding EN signal on $memory\mem[110]$6581 ($dff) from module data_memory (D = $0$memwr$\mem$src/data_memory.v:20$15_DATA[31:0]$18, Q = \mem[110]).
Adding EN signal on $memory\mem[111]$6583 ($dff) from module data_memory (D = $0$memwr$\mem$src/data_memory.v:20$15_DATA[31:0]$18, Q = \mem[111]).
Adding EN signal on $memory\mem[112]$6585 ($dff) from module data_memory (D = $0$memwr$\mem$src/data_memory.v:20$15_DATA[31:0]$18, Q = \mem[112]).
Adding EN signal on $memory\mem[113]$6587 ($dff) from module data_memory (D = $0$memwr$\mem$src/data_memory.v:20$15_DATA[31:0]$18, Q = \mem[113]).
Adding EN signal on $memory\mem[114]$6589 ($dff) from module data_memory (D = $0$memwr$\mem$src/data_memory.v:20$15_DATA[31:0]$18, Q = \mem[114]).
Adding EN signal on $memory\mem[115]$6591 ($dff) from module data_memory (D = $0$memwr$\mem$src/data_memory.v:20$15_DATA[31:0]$18, Q = \mem[115]).
Adding EN signal on $memory\mem[116]$6593 ($dff) from module data_memory (D = $0$memwr$\mem$src/data_memory.v:20$15_DATA[31:0]$18, Q = \mem[116]).
Adding EN signal on $memory\mem[117]$6595 ($dff) from module data_memory (D = $0$memwr$\mem$src/data_memory.v:20$15_DATA[31:0]$18, Q = \mem[117]).
Adding EN signal on $memory\mem[118]$6597 ($dff) from module data_memory (D = $0$memwr$\mem$src/data_memory.v:20$15_DATA[31:0]$18, Q = \mem[118]).
Adding EN signal on $memory\mem[119]$6599 ($dff) from module data_memory (D = $0$memwr$\mem$src/data_memory.v:20$15_DATA[31:0]$18, Q = \mem[119]).
Adding EN signal on $memory\mem[120]$6601 ($dff) from module data_memory (D = $0$memwr$\mem$src/data_memory.v:20$15_DATA[31:0]$18, Q = \mem[120]).
Adding EN signal on $memory\mem[121]$6603 ($dff) from module data_memory (D = $0$memwr$\mem$src/data_memory.v:20$15_DATA[31:0]$18, Q = \mem[121]).
Adding EN signal on $memory\mem[122]$6605 ($dff) from module data_memory (D = $0$memwr$\mem$src/data_memory.v:20$15_DATA[31:0]$18, Q = \mem[122]).
Adding EN signal on $memory\mem[123]$6607 ($dff) from module data_memory (D = $0$memwr$\mem$src/data_memory.v:20$15_DATA[31:0]$18, Q = \mem[123]).
Adding EN signal on $memory\mem[124]$6609 ($dff) from module data_memory (D = $0$memwr$\mem$src/data_memory.v:20$15_DATA[31:0]$18, Q = \mem[124]).
Adding EN signal on $memory\mem[125]$6611 ($dff) from module data_memory (D = $0$memwr$\mem$src/data_memory.v:20$15_DATA[31:0]$18, Q = \mem[125]).
Adding EN signal on $memory\mem[126]$6613 ($dff) from module data_memory (D = $0$memwr$\mem$src/data_memory.v:20$15_DATA[31:0]$18, Q = \mem[126]).
Adding EN signal on $memory\mem[127]$6615 ($dff) from module data_memory (D = $0$memwr$\mem$src/data_memory.v:20$15_DATA[31:0]$18, Q = \mem[127]).
Adding EN signal on $memory\mem[128]$6617 ($dff) from module data_memory (D = $0$memwr$\mem$src/data_memory.v:20$15_DATA[31:0]$18, Q = \mem[128]).
Adding EN signal on $memory\mem[129]$6619 ($dff) from module data_memory (D = $0$memwr$\mem$src/data_memory.v:20$15_DATA[31:0]$18, Q = \mem[129]).
Adding EN signal on $memory\mem[130]$6621 ($dff) from module data_memory (D = $0$memwr$\mem$src/data_memory.v:20$15_DATA[31:0]$18, Q = \mem[130]).
Adding EN signal on $memory\mem[131]$6623 ($dff) from module data_memory (D = $0$memwr$\mem$src/data_memory.v:20$15_DATA[31:0]$18, Q = \mem[131]).
Adding EN signal on $memory\mem[132]$6625 ($dff) from module data_memory (D = $0$memwr$\mem$src/data_memory.v:20$15_DATA[31:0]$18, Q = \mem[132]).
Adding EN signal on $memory\mem[133]$6627 ($dff) from module data_memory (D = $0$memwr$\mem$src/data_memory.v:20$15_DATA[31:0]$18, Q = \mem[133]).
Adding EN signal on $memory\mem[134]$6629 ($dff) from module data_memory (D = $0$memwr$\mem$src/data_memory.v:20$15_DATA[31:0]$18, Q = \mem[134]).
Adding EN signal on $memory\mem[135]$6631 ($dff) from module data_memory (D = $0$memwr$\mem$src/data_memory.v:20$15_DATA[31:0]$18, Q = \mem[135]).
Adding EN signal on $memory\mem[136]$6633 ($dff) from module data_memory (D = $0$memwr$\mem$src/data_memory.v:20$15_DATA[31:0]$18, Q = \mem[136]).
Adding EN signal on $memory\mem[137]$6635 ($dff) from module data_memory (D = $0$memwr$\mem$src/data_memory.v:20$15_DATA[31:0]$18, Q = \mem[137]).
Adding EN signal on $memory\mem[138]$6637 ($dff) from module data_memory (D = $0$memwr$\mem$src/data_memory.v:20$15_DATA[31:0]$18, Q = \mem[138]).
Adding EN signal on $memory\mem[139]$6639 ($dff) from module data_memory (D = $0$memwr$\mem$src/data_memory.v:20$15_DATA[31:0]$18, Q = \mem[139]).
Adding EN signal on $memory\mem[140]$6641 ($dff) from module data_memory (D = $0$memwr$\mem$src/data_memory.v:20$15_DATA[31:0]$18, Q = \mem[140]).
Adding EN signal on $memory\mem[141]$6643 ($dff) from module data_memory (D = $0$memwr$\mem$src/data_memory.v:20$15_DATA[31:0]$18, Q = \mem[141]).
Adding EN signal on $memory\mem[142]$6645 ($dff) from module data_memory (D = $0$memwr$\mem$src/data_memory.v:20$15_DATA[31:0]$18, Q = \mem[142]).
Adding EN signal on $memory\mem[143]$6647 ($dff) from module data_memory (D = $0$memwr$\mem$src/data_memory.v:20$15_DATA[31:0]$18, Q = \mem[143]).
Adding EN signal on $memory\mem[144]$6649 ($dff) from module data_memory (D = $0$memwr$\mem$src/data_memory.v:20$15_DATA[31:0]$18, Q = \mem[144]).
Adding EN signal on $memory\mem[145]$6651 ($dff) from module data_memory (D = $0$memwr$\mem$src/data_memory.v:20$15_DATA[31:0]$18, Q = \mem[145]).
Adding EN signal on $memory\mem[146]$6653 ($dff) from module data_memory (D = $0$memwr$\mem$src/data_memory.v:20$15_DATA[31:0]$18, Q = \mem[146]).
Adding EN signal on $memory\mem[147]$6655 ($dff) from module data_memory (D = $0$memwr$\mem$src/data_memory.v:20$15_DATA[31:0]$18, Q = \mem[147]).
Adding EN signal on $memory\mem[148]$6657 ($dff) from module data_memory (D = $0$memwr$\mem$src/data_memory.v:20$15_DATA[31:0]$18, Q = \mem[148]).
Adding EN signal on $memory\mem[149]$6659 ($dff) from module data_memory (D = $0$memwr$\mem$src/data_memory.v:20$15_DATA[31:0]$18, Q = \mem[149]).
Adding EN signal on $memory\mem[150]$6661 ($dff) from module data_memory (D = $0$memwr$\mem$src/data_memory.v:20$15_DATA[31:0]$18, Q = \mem[150]).
Adding EN signal on $memory\mem[151]$6663 ($dff) from module data_memory (D = $0$memwr$\mem$src/data_memory.v:20$15_DATA[31:0]$18, Q = \mem[151]).
Adding EN signal on $memory\mem[152]$6665 ($dff) from module data_memory (D = $0$memwr$\mem$src/data_memory.v:20$15_DATA[31:0]$18, Q = \mem[152]).
Adding EN signal on $memory\mem[153]$6667 ($dff) from module data_memory (D = $0$memwr$\mem$src/data_memory.v:20$15_DATA[31:0]$18, Q = \mem[153]).
Adding EN signal on $memory\mem[154]$6669 ($dff) from module data_memory (D = $0$memwr$\mem$src/data_memory.v:20$15_DATA[31:0]$18, Q = \mem[154]).
Adding EN signal on $memory\mem[155]$6671 ($dff) from module data_memory (D = $0$memwr$\mem$src/data_memory.v:20$15_DATA[31:0]$18, Q = \mem[155]).
Adding EN signal on $memory\mem[156]$6673 ($dff) from module data_memory (D = $0$memwr$\mem$src/data_memory.v:20$15_DATA[31:0]$18, Q = \mem[156]).
Adding EN signal on $memory\mem[157]$6675 ($dff) from module data_memory (D = $0$memwr$\mem$src/data_memory.v:20$15_DATA[31:0]$18, Q = \mem[157]).
Adding EN signal on $memory\mem[158]$6677 ($dff) from module data_memory (D = $0$memwr$\mem$src/data_memory.v:20$15_DATA[31:0]$18, Q = \mem[158]).
Adding EN signal on $memory\mem[159]$6679 ($dff) from module data_memory (D = $0$memwr$\mem$src/data_memory.v:20$15_DATA[31:0]$18, Q = \mem[159]).
Adding EN signal on $memory\mem[160]$6681 ($dff) from module data_memory (D = $0$memwr$\mem$src/data_memory.v:20$15_DATA[31:0]$18, Q = \mem[160]).
Adding EN signal on $memory\mem[161]$6683 ($dff) from module data_memory (D = $0$memwr$\mem$src/data_memory.v:20$15_DATA[31:0]$18, Q = \mem[161]).
Adding EN signal on $memory\mem[162]$6685 ($dff) from module data_memory (D = $0$memwr$\mem$src/data_memory.v:20$15_DATA[31:0]$18, Q = \mem[162]).
Adding EN signal on $memory\mem[163]$6687 ($dff) from module data_memory (D = $0$memwr$\mem$src/data_memory.v:20$15_DATA[31:0]$18, Q = \mem[163]).
Adding EN signal on $memory\mem[164]$6689 ($dff) from module data_memory (D = $0$memwr$\mem$src/data_memory.v:20$15_DATA[31:0]$18, Q = \mem[164]).
Adding EN signal on $memory\mem[165]$6691 ($dff) from module data_memory (D = $0$memwr$\mem$src/data_memory.v:20$15_DATA[31:0]$18, Q = \mem[165]).
Adding EN signal on $memory\mem[166]$6693 ($dff) from module data_memory (D = $0$memwr$\mem$src/data_memory.v:20$15_DATA[31:0]$18, Q = \mem[166]).
Adding EN signal on $memory\mem[167]$6695 ($dff) from module data_memory (D = $0$memwr$\mem$src/data_memory.v:20$15_DATA[31:0]$18, Q = \mem[167]).
Adding EN signal on $memory\mem[168]$6697 ($dff) from module data_memory (D = $0$memwr$\mem$src/data_memory.v:20$15_DATA[31:0]$18, Q = \mem[168]).
Adding EN signal on $memory\mem[169]$6699 ($dff) from module data_memory (D = $0$memwr$\mem$src/data_memory.v:20$15_DATA[31:0]$18, Q = \mem[169]).
Adding EN signal on $memory\mem[170]$6701 ($dff) from module data_memory (D = $0$memwr$\mem$src/data_memory.v:20$15_DATA[31:0]$18, Q = \mem[170]).
Adding EN signal on $memory\mem[171]$6703 ($dff) from module data_memory (D = $0$memwr$\mem$src/data_memory.v:20$15_DATA[31:0]$18, Q = \mem[171]).
Adding EN signal on $memory\mem[172]$6705 ($dff) from module data_memory (D = $0$memwr$\mem$src/data_memory.v:20$15_DATA[31:0]$18, Q = \mem[172]).
Adding EN signal on $memory\mem[173]$6707 ($dff) from module data_memory (D = $0$memwr$\mem$src/data_memory.v:20$15_DATA[31:0]$18, Q = \mem[173]).
Adding EN signal on $memory\mem[174]$6709 ($dff) from module data_memory (D = $0$memwr$\mem$src/data_memory.v:20$15_DATA[31:0]$18, Q = \mem[174]).
Adding EN signal on $memory\mem[175]$6711 ($dff) from module data_memory (D = $0$memwr$\mem$src/data_memory.v:20$15_DATA[31:0]$18, Q = \mem[175]).
Adding EN signal on $memory\mem[176]$6713 ($dff) from module data_memory (D = $0$memwr$\mem$src/data_memory.v:20$15_DATA[31:0]$18, Q = \mem[176]).
Adding EN signal on $memory\mem[177]$6715 ($dff) from module data_memory (D = $0$memwr$\mem$src/data_memory.v:20$15_DATA[31:0]$18, Q = \mem[177]).
Adding EN signal on $memory\mem[178]$6717 ($dff) from module data_memory (D = $0$memwr$\mem$src/data_memory.v:20$15_DATA[31:0]$18, Q = \mem[178]).
Adding EN signal on $memory\mem[179]$6719 ($dff) from module data_memory (D = $0$memwr$\mem$src/data_memory.v:20$15_DATA[31:0]$18, Q = \mem[179]).
Adding EN signal on $memory\mem[180]$6721 ($dff) from module data_memory (D = $0$memwr$\mem$src/data_memory.v:20$15_DATA[31:0]$18, Q = \mem[180]).
Adding EN signal on $memory\mem[181]$6723 ($dff) from module data_memory (D = $0$memwr$\mem$src/data_memory.v:20$15_DATA[31:0]$18, Q = \mem[181]).
Adding EN signal on $memory\mem[182]$6725 ($dff) from module data_memory (D = $0$memwr$\mem$src/data_memory.v:20$15_DATA[31:0]$18, Q = \mem[182]).
Adding EN signal on $memory\mem[183]$6727 ($dff) from module data_memory (D = $0$memwr$\mem$src/data_memory.v:20$15_DATA[31:0]$18, Q = \mem[183]).
Adding EN signal on $memory\mem[184]$6729 ($dff) from module data_memory (D = $0$memwr$\mem$src/data_memory.v:20$15_DATA[31:0]$18, Q = \mem[184]).
Adding EN signal on $memory\mem[185]$6731 ($dff) from module data_memory (D = $0$memwr$\mem$src/data_memory.v:20$15_DATA[31:0]$18, Q = \mem[185]).
Adding EN signal on $memory\mem[186]$6733 ($dff) from module data_memory (D = $0$memwr$\mem$src/data_memory.v:20$15_DATA[31:0]$18, Q = \mem[186]).
Adding EN signal on $memory\mem[187]$6735 ($dff) from module data_memory (D = $0$memwr$\mem$src/data_memory.v:20$15_DATA[31:0]$18, Q = \mem[187]).
Adding EN signal on $memory\mem[188]$6737 ($dff) from module data_memory (D = $0$memwr$\mem$src/data_memory.v:20$15_DATA[31:0]$18, Q = \mem[188]).
Adding EN signal on $memory\mem[189]$6739 ($dff) from module data_memory (D = $0$memwr$\mem$src/data_memory.v:20$15_DATA[31:0]$18, Q = \mem[189]).
Adding EN signal on $memory\mem[190]$6741 ($dff) from module data_memory (D = $0$memwr$\mem$src/data_memory.v:20$15_DATA[31:0]$18, Q = \mem[190]).
Adding EN signal on $memory\mem[191]$6743 ($dff) from module data_memory (D = $0$memwr$\mem$src/data_memory.v:20$15_DATA[31:0]$18, Q = \mem[191]).
Adding EN signal on $memory\mem[192]$6745 ($dff) from module data_memory (D = $0$memwr$\mem$src/data_memory.v:20$15_DATA[31:0]$18, Q = \mem[192]).
Adding EN signal on $memory\mem[193]$6747 ($dff) from module data_memory (D = $0$memwr$\mem$src/data_memory.v:20$15_DATA[31:0]$18, Q = \mem[193]).
Adding EN signal on $memory\mem[194]$6749 ($dff) from module data_memory (D = $0$memwr$\mem$src/data_memory.v:20$15_DATA[31:0]$18, Q = \mem[194]).
Adding EN signal on $memory\mem[195]$6751 ($dff) from module data_memory (D = $0$memwr$\mem$src/data_memory.v:20$15_DATA[31:0]$18, Q = \mem[195]).
Adding EN signal on $memory\mem[196]$6753 ($dff) from module data_memory (D = $0$memwr$\mem$src/data_memory.v:20$15_DATA[31:0]$18, Q = \mem[196]).
Adding EN signal on $memory\mem[197]$6755 ($dff) from module data_memory (D = $0$memwr$\mem$src/data_memory.v:20$15_DATA[31:0]$18, Q = \mem[197]).
Adding EN signal on $memory\mem[198]$6757 ($dff) from module data_memory (D = $0$memwr$\mem$src/data_memory.v:20$15_DATA[31:0]$18, Q = \mem[198]).
Adding EN signal on $memory\mem[199]$6759 ($dff) from module data_memory (D = $0$memwr$\mem$src/data_memory.v:20$15_DATA[31:0]$18, Q = \mem[199]).
Adding EN signal on $memory\mem[200]$6761 ($dff) from module data_memory (D = $0$memwr$\mem$src/data_memory.v:20$15_DATA[31:0]$18, Q = \mem[200]).
Adding EN signal on $memory\mem[201]$6763 ($dff) from module data_memory (D = $0$memwr$\mem$src/data_memory.v:20$15_DATA[31:0]$18, Q = \mem[201]).
Adding EN signal on $memory\mem[202]$6765 ($dff) from module data_memory (D = $0$memwr$\mem$src/data_memory.v:20$15_DATA[31:0]$18, Q = \mem[202]).
Adding EN signal on $memory\mem[203]$6767 ($dff) from module data_memory (D = $0$memwr$\mem$src/data_memory.v:20$15_DATA[31:0]$18, Q = \mem[203]).
Adding EN signal on $memory\mem[204]$6769 ($dff) from module data_memory (D = $0$memwr$\mem$src/data_memory.v:20$15_DATA[31:0]$18, Q = \mem[204]).
Adding EN signal on $memory\mem[205]$6771 ($dff) from module data_memory (D = $0$memwr$\mem$src/data_memory.v:20$15_DATA[31:0]$18, Q = \mem[205]).
Adding EN signal on $memory\mem[206]$6773 ($dff) from module data_memory (D = $0$memwr$\mem$src/data_memory.v:20$15_DATA[31:0]$18, Q = \mem[206]).
Adding EN signal on $memory\mem[207]$6775 ($dff) from module data_memory (D = $0$memwr$\mem$src/data_memory.v:20$15_DATA[31:0]$18, Q = \mem[207]).
Adding EN signal on $memory\mem[208]$6777 ($dff) from module data_memory (D = $0$memwr$\mem$src/data_memory.v:20$15_DATA[31:0]$18, Q = \mem[208]).
Adding EN signal on $memory\mem[209]$6779 ($dff) from module data_memory (D = $0$memwr$\mem$src/data_memory.v:20$15_DATA[31:0]$18, Q = \mem[209]).
Adding EN signal on $memory\mem[210]$6781 ($dff) from module data_memory (D = $0$memwr$\mem$src/data_memory.v:20$15_DATA[31:0]$18, Q = \mem[210]).
Adding EN signal on $memory\mem[211]$6783 ($dff) from module data_memory (D = $0$memwr$\mem$src/data_memory.v:20$15_DATA[31:0]$18, Q = \mem[211]).
Adding EN signal on $memory\mem[212]$6785 ($dff) from module data_memory (D = $0$memwr$\mem$src/data_memory.v:20$15_DATA[31:0]$18, Q = \mem[212]).
Adding EN signal on $memory\mem[213]$6787 ($dff) from module data_memory (D = $0$memwr$\mem$src/data_memory.v:20$15_DATA[31:0]$18, Q = \mem[213]).
Adding EN signal on $memory\mem[214]$6789 ($dff) from module data_memory (D = $0$memwr$\mem$src/data_memory.v:20$15_DATA[31:0]$18, Q = \mem[214]).
Adding EN signal on $memory\mem[215]$6791 ($dff) from module data_memory (D = $0$memwr$\mem$src/data_memory.v:20$15_DATA[31:0]$18, Q = \mem[215]).
Adding EN signal on $memory\mem[216]$6793 ($dff) from module data_memory (D = $0$memwr$\mem$src/data_memory.v:20$15_DATA[31:0]$18, Q = \mem[216]).
Adding EN signal on $memory\mem[217]$6795 ($dff) from module data_memory (D = $0$memwr$\mem$src/data_memory.v:20$15_DATA[31:0]$18, Q = \mem[217]).
Adding EN signal on $memory\mem[218]$6797 ($dff) from module data_memory (D = $0$memwr$\mem$src/data_memory.v:20$15_DATA[31:0]$18, Q = \mem[218]).
Adding EN signal on $memory\mem[219]$6799 ($dff) from module data_memory (D = $0$memwr$\mem$src/data_memory.v:20$15_DATA[31:0]$18, Q = \mem[219]).
Adding EN signal on $memory\mem[220]$6801 ($dff) from module data_memory (D = $0$memwr$\mem$src/data_memory.v:20$15_DATA[31:0]$18, Q = \mem[220]).
Adding EN signal on $memory\mem[221]$6803 ($dff) from module data_memory (D = $0$memwr$\mem$src/data_memory.v:20$15_DATA[31:0]$18, Q = \mem[221]).
Adding EN signal on $memory\mem[222]$6805 ($dff) from module data_memory (D = $0$memwr$\mem$src/data_memory.v:20$15_DATA[31:0]$18, Q = \mem[222]).
Adding EN signal on $memory\mem[223]$6807 ($dff) from module data_memory (D = $0$memwr$\mem$src/data_memory.v:20$15_DATA[31:0]$18, Q = \mem[223]).
Adding EN signal on $memory\mem[224]$6809 ($dff) from module data_memory (D = $0$memwr$\mem$src/data_memory.v:20$15_DATA[31:0]$18, Q = \mem[224]).
Adding EN signal on $memory\mem[225]$6811 ($dff) from module data_memory (D = $0$memwr$\mem$src/data_memory.v:20$15_DATA[31:0]$18, Q = \mem[225]).
Adding EN signal on $memory\mem[226]$6813 ($dff) from module data_memory (D = $0$memwr$\mem$src/data_memory.v:20$15_DATA[31:0]$18, Q = \mem[226]).
Adding EN signal on $memory\mem[227]$6815 ($dff) from module data_memory (D = $0$memwr$\mem$src/data_memory.v:20$15_DATA[31:0]$18, Q = \mem[227]).
Adding EN signal on $memory\mem[228]$6817 ($dff) from module data_memory (D = $0$memwr$\mem$src/data_memory.v:20$15_DATA[31:0]$18, Q = \mem[228]).
Adding EN signal on $memory\mem[229]$6819 ($dff) from module data_memory (D = $0$memwr$\mem$src/data_memory.v:20$15_DATA[31:0]$18, Q = \mem[229]).
Adding EN signal on $memory\mem[230]$6821 ($dff) from module data_memory (D = $0$memwr$\mem$src/data_memory.v:20$15_DATA[31:0]$18, Q = \mem[230]).
Adding EN signal on $memory\mem[231]$6823 ($dff) from module data_memory (D = $0$memwr$\mem$src/data_memory.v:20$15_DATA[31:0]$18, Q = \mem[231]).
Adding EN signal on $memory\mem[232]$6825 ($dff) from module data_memory (D = $0$memwr$\mem$src/data_memory.v:20$15_DATA[31:0]$18, Q = \mem[232]).
Adding EN signal on $memory\mem[233]$6827 ($dff) from module data_memory (D = $0$memwr$\mem$src/data_memory.v:20$15_DATA[31:0]$18, Q = \mem[233]).
Adding EN signal on $memory\mem[234]$6829 ($dff) from module data_memory (D = $0$memwr$\mem$src/data_memory.v:20$15_DATA[31:0]$18, Q = \mem[234]).
Adding EN signal on $memory\mem[235]$6831 ($dff) from module data_memory (D = $0$memwr$\mem$src/data_memory.v:20$15_DATA[31:0]$18, Q = \mem[235]).
Adding EN signal on $memory\mem[236]$6833 ($dff) from module data_memory (D = $0$memwr$\mem$src/data_memory.v:20$15_DATA[31:0]$18, Q = \mem[236]).
Adding EN signal on $memory\mem[237]$6835 ($dff) from module data_memory (D = $0$memwr$\mem$src/data_memory.v:20$15_DATA[31:0]$18, Q = \mem[237]).
Adding EN signal on $memory\mem[238]$6837 ($dff) from module data_memory (D = $0$memwr$\mem$src/data_memory.v:20$15_DATA[31:0]$18, Q = \mem[238]).
Adding EN signal on $memory\mem[239]$6839 ($dff) from module data_memory (D = $0$memwr$\mem$src/data_memory.v:20$15_DATA[31:0]$18, Q = \mem[239]).
Adding EN signal on $memory\mem[240]$6841 ($dff) from module data_memory (D = $0$memwr$\mem$src/data_memory.v:20$15_DATA[31:0]$18, Q = \mem[240]).
Adding EN signal on $memory\mem[241]$6843 ($dff) from module data_memory (D = $0$memwr$\mem$src/data_memory.v:20$15_DATA[31:0]$18, Q = \mem[241]).
Adding EN signal on $memory\mem[242]$6845 ($dff) from module data_memory (D = $0$memwr$\mem$src/data_memory.v:20$15_DATA[31:0]$18, Q = \mem[242]).
Adding EN signal on $memory\mem[243]$6847 ($dff) from module data_memory (D = $0$memwr$\mem$src/data_memory.v:20$15_DATA[31:0]$18, Q = \mem[243]).
Adding EN signal on $memory\mem[244]$6849 ($dff) from module data_memory (D = $0$memwr$\mem$src/data_memory.v:20$15_DATA[31:0]$18, Q = \mem[244]).
Adding EN signal on $memory\mem[245]$6851 ($dff) from module data_memory (D = $0$memwr$\mem$src/data_memory.v:20$15_DATA[31:0]$18, Q = \mem[245]).
Adding EN signal on $memory\mem[246]$6853 ($dff) from module data_memory (D = $0$memwr$\mem$src/data_memory.v:20$15_DATA[31:0]$18, Q = \mem[246]).
Adding EN signal on $memory\mem[247]$6855 ($dff) from module data_memory (D = $0$memwr$\mem$src/data_memory.v:20$15_DATA[31:0]$18, Q = \mem[247]).
Adding EN signal on $memory\mem[248]$6857 ($dff) from module data_memory (D = $0$memwr$\mem$src/data_memory.v:20$15_DATA[31:0]$18, Q = \mem[248]).
Adding EN signal on $memory\mem[249]$6859 ($dff) from module data_memory (D = $0$memwr$\mem$src/data_memory.v:20$15_DATA[31:0]$18, Q = \mem[249]).
Adding EN signal on $memory\mem[250]$6861 ($dff) from module data_memory (D = $0$memwr$\mem$src/data_memory.v:20$15_DATA[31:0]$18, Q = \mem[250]).
Adding EN signal on $memory\mem[251]$6863 ($dff) from module data_memory (D = $0$memwr$\mem$src/data_memory.v:20$15_DATA[31:0]$18, Q = \mem[251]).
Adding EN signal on $memory\mem[252]$6865 ($dff) from module data_memory (D = $0$memwr$\mem$src/data_memory.v:20$15_DATA[31:0]$18, Q = \mem[252]).
Adding EN signal on $memory\mem[253]$6867 ($dff) from module data_memory (D = $0$memwr$\mem$src/data_memory.v:20$15_DATA[31:0]$18, Q = \mem[253]).
Adding EN signal on $memory\mem[254]$6869 ($dff) from module data_memory (D = $0$memwr$\mem$src/data_memory.v:20$15_DATA[31:0]$18, Q = \mem[254]).
Adding EN signal on $memory\mem[255]$6871 ($dff) from module data_memory (D = $0$memwr$\mem$src/data_memory.v:20$15_DATA[31:0]$18, Q = \mem[255]).
Adding EN signal on $memory\mem[256]$6873 ($dff) from module data_memory (D = $0$memwr$\mem$src/data_memory.v:20$15_DATA[31:0]$18, Q = \mem[256]).
Adding EN signal on $memory\mem[257]$6875 ($dff) from module data_memory (D = $0$memwr$\mem$src/data_memory.v:20$15_DATA[31:0]$18, Q = \mem[257]).
Adding EN signal on $memory\mem[258]$6877 ($dff) from module data_memory (D = $0$memwr$\mem$src/data_memory.v:20$15_DATA[31:0]$18, Q = \mem[258]).
Adding EN signal on $memory\mem[259]$6879 ($dff) from module data_memory (D = $0$memwr$\mem$src/data_memory.v:20$15_DATA[31:0]$18, Q = \mem[259]).
Adding EN signal on $memory\mem[260]$6881 ($dff) from module data_memory (D = $0$memwr$\mem$src/data_memory.v:20$15_DATA[31:0]$18, Q = \mem[260]).
Adding EN signal on $memory\mem[261]$6883 ($dff) from module data_memory (D = $0$memwr$\mem$src/data_memory.v:20$15_DATA[31:0]$18, Q = \mem[261]).
Adding EN signal on $memory\mem[262]$6885 ($dff) from module data_memory (D = $0$memwr$\mem$src/data_memory.v:20$15_DATA[31:0]$18, Q = \mem[262]).
Adding EN signal on $memory\mem[263]$6887 ($dff) from module data_memory (D = $0$memwr$\mem$src/data_memory.v:20$15_DATA[31:0]$18, Q = \mem[263]).
Adding EN signal on $memory\mem[264]$6889 ($dff) from module data_memory (D = $0$memwr$\mem$src/data_memory.v:20$15_DATA[31:0]$18, Q = \mem[264]).
Adding EN signal on $memory\mem[265]$6891 ($dff) from module data_memory (D = $0$memwr$\mem$src/data_memory.v:20$15_DATA[31:0]$18, Q = \mem[265]).
Adding EN signal on $memory\mem[266]$6893 ($dff) from module data_memory (D = $0$memwr$\mem$src/data_memory.v:20$15_DATA[31:0]$18, Q = \mem[266]).
Adding EN signal on $memory\mem[267]$6895 ($dff) from module data_memory (D = $0$memwr$\mem$src/data_memory.v:20$15_DATA[31:0]$18, Q = \mem[267]).
Adding EN signal on $memory\mem[268]$6897 ($dff) from module data_memory (D = $0$memwr$\mem$src/data_memory.v:20$15_DATA[31:0]$18, Q = \mem[268]).
Adding EN signal on $memory\mem[269]$6899 ($dff) from module data_memory (D = $0$memwr$\mem$src/data_memory.v:20$15_DATA[31:0]$18, Q = \mem[269]).
Adding EN signal on $memory\mem[270]$6901 ($dff) from module data_memory (D = $0$memwr$\mem$src/data_memory.v:20$15_DATA[31:0]$18, Q = \mem[270]).
Adding EN signal on $memory\mem[271]$6903 ($dff) from module data_memory (D = $0$memwr$\mem$src/data_memory.v:20$15_DATA[31:0]$18, Q = \mem[271]).
Adding EN signal on $memory\mem[272]$6905 ($dff) from module data_memory (D = $0$memwr$\mem$src/data_memory.v:20$15_DATA[31:0]$18, Q = \mem[272]).
Adding EN signal on $memory\mem[273]$6907 ($dff) from module data_memory (D = $0$memwr$\mem$src/data_memory.v:20$15_DATA[31:0]$18, Q = \mem[273]).
Adding EN signal on $memory\mem[274]$6909 ($dff) from module data_memory (D = $0$memwr$\mem$src/data_memory.v:20$15_DATA[31:0]$18, Q = \mem[274]).
Adding EN signal on $memory\mem[275]$6911 ($dff) from module data_memory (D = $0$memwr$\mem$src/data_memory.v:20$15_DATA[31:0]$18, Q = \mem[275]).
Adding EN signal on $memory\mem[276]$6913 ($dff) from module data_memory (D = $0$memwr$\mem$src/data_memory.v:20$15_DATA[31:0]$18, Q = \mem[276]).
Adding EN signal on $memory\mem[277]$6915 ($dff) from module data_memory (D = $0$memwr$\mem$src/data_memory.v:20$15_DATA[31:0]$18, Q = \mem[277]).
Adding EN signal on $memory\mem[278]$6917 ($dff) from module data_memory (D = $0$memwr$\mem$src/data_memory.v:20$15_DATA[31:0]$18, Q = \mem[278]).
Adding EN signal on $memory\mem[279]$6919 ($dff) from module data_memory (D = $0$memwr$\mem$src/data_memory.v:20$15_DATA[31:0]$18, Q = \mem[279]).
Adding EN signal on $memory\mem[280]$6921 ($dff) from module data_memory (D = $0$memwr$\mem$src/data_memory.v:20$15_DATA[31:0]$18, Q = \mem[280]).
Adding EN signal on $memory\mem[281]$6923 ($dff) from module data_memory (D = $0$memwr$\mem$src/data_memory.v:20$15_DATA[31:0]$18, Q = \mem[281]).
Adding EN signal on $memory\mem[282]$6925 ($dff) from module data_memory (D = $0$memwr$\mem$src/data_memory.v:20$15_DATA[31:0]$18, Q = \mem[282]).
Adding EN signal on $memory\mem[283]$6927 ($dff) from module data_memory (D = $0$memwr$\mem$src/data_memory.v:20$15_DATA[31:0]$18, Q = \mem[283]).
Adding EN signal on $memory\mem[284]$6929 ($dff) from module data_memory (D = $0$memwr$\mem$src/data_memory.v:20$15_DATA[31:0]$18, Q = \mem[284]).
Adding EN signal on $memory\mem[285]$6931 ($dff) from module data_memory (D = $0$memwr$\mem$src/data_memory.v:20$15_DATA[31:0]$18, Q = \mem[285]).
Adding EN signal on $memory\mem[286]$6933 ($dff) from module data_memory (D = $0$memwr$\mem$src/data_memory.v:20$15_DATA[31:0]$18, Q = \mem[286]).
Adding EN signal on $memory\mem[287]$6935 ($dff) from module data_memory (D = $0$memwr$\mem$src/data_memory.v:20$15_DATA[31:0]$18, Q = \mem[287]).
Adding EN signal on $memory\mem[288]$6937 ($dff) from module data_memory (D = $0$memwr$\mem$src/data_memory.v:20$15_DATA[31:0]$18, Q = \mem[288]).
Adding EN signal on $memory\mem[289]$6939 ($dff) from module data_memory (D = $0$memwr$\mem$src/data_memory.v:20$15_DATA[31:0]$18, Q = \mem[289]).
Adding EN signal on $memory\mem[290]$6941 ($dff) from module data_memory (D = $0$memwr$\mem$src/data_memory.v:20$15_DATA[31:0]$18, Q = \mem[290]).
Adding EN signal on $memory\mem[291]$6943 ($dff) from module data_memory (D = $0$memwr$\mem$src/data_memory.v:20$15_DATA[31:0]$18, Q = \mem[291]).
Adding EN signal on $memory\mem[292]$6945 ($dff) from module data_memory (D = $0$memwr$\mem$src/data_memory.v:20$15_DATA[31:0]$18, Q = \mem[292]).
Adding EN signal on $memory\mem[293]$6947 ($dff) from module data_memory (D = $0$memwr$\mem$src/data_memory.v:20$15_DATA[31:0]$18, Q = \mem[293]).
Adding EN signal on $memory\mem[294]$6949 ($dff) from module data_memory (D = $0$memwr$\mem$src/data_memory.v:20$15_DATA[31:0]$18, Q = \mem[294]).
Adding EN signal on $memory\mem[295]$6951 ($dff) from module data_memory (D = $0$memwr$\mem$src/data_memory.v:20$15_DATA[31:0]$18, Q = \mem[295]).
Adding EN signal on $memory\mem[296]$6953 ($dff) from module data_memory (D = $0$memwr$\mem$src/data_memory.v:20$15_DATA[31:0]$18, Q = \mem[296]).
Adding EN signal on $memory\mem[297]$6955 ($dff) from module data_memory (D = $0$memwr$\mem$src/data_memory.v:20$15_DATA[31:0]$18, Q = \mem[297]).
Adding EN signal on $memory\mem[298]$6957 ($dff) from module data_memory (D = $0$memwr$\mem$src/data_memory.v:20$15_DATA[31:0]$18, Q = \mem[298]).
Adding EN signal on $memory\mem[299]$6959 ($dff) from module data_memory (D = $0$memwr$\mem$src/data_memory.v:20$15_DATA[31:0]$18, Q = \mem[299]).
Adding EN signal on $memory\mem[300]$6961 ($dff) from module data_memory (D = $0$memwr$\mem$src/data_memory.v:20$15_DATA[31:0]$18, Q = \mem[300]).
Adding EN signal on $memory\mem[301]$6963 ($dff) from module data_memory (D = $0$memwr$\mem$src/data_memory.v:20$15_DATA[31:0]$18, Q = \mem[301]).
Adding EN signal on $memory\mem[302]$6965 ($dff) from module data_memory (D = $0$memwr$\mem$src/data_memory.v:20$15_DATA[31:0]$18, Q = \mem[302]).
Adding EN signal on $memory\mem[303]$6967 ($dff) from module data_memory (D = $0$memwr$\mem$src/data_memory.v:20$15_DATA[31:0]$18, Q = \mem[303]).
Adding EN signal on $memory\mem[304]$6969 ($dff) from module data_memory (D = $0$memwr$\mem$src/data_memory.v:20$15_DATA[31:0]$18, Q = \mem[304]).
Adding EN signal on $memory\mem[305]$6971 ($dff) from module data_memory (D = $0$memwr$\mem$src/data_memory.v:20$15_DATA[31:0]$18, Q = \mem[305]).
Adding EN signal on $memory\mem[306]$6973 ($dff) from module data_memory (D = $0$memwr$\mem$src/data_memory.v:20$15_DATA[31:0]$18, Q = \mem[306]).
Adding EN signal on $memory\mem[307]$6975 ($dff) from module data_memory (D = $0$memwr$\mem$src/data_memory.v:20$15_DATA[31:0]$18, Q = \mem[307]).
Adding EN signal on $memory\mem[308]$6977 ($dff) from module data_memory (D = $0$memwr$\mem$src/data_memory.v:20$15_DATA[31:0]$18, Q = \mem[308]).
Adding EN signal on $memory\mem[309]$6979 ($dff) from module data_memory (D = $0$memwr$\mem$src/data_memory.v:20$15_DATA[31:0]$18, Q = \mem[309]).
Adding EN signal on $memory\mem[310]$6981 ($dff) from module data_memory (D = $0$memwr$\mem$src/data_memory.v:20$15_DATA[31:0]$18, Q = \mem[310]).
Adding EN signal on $memory\mem[311]$6983 ($dff) from module data_memory (D = $0$memwr$\mem$src/data_memory.v:20$15_DATA[31:0]$18, Q = \mem[311]).
Adding EN signal on $memory\mem[312]$6985 ($dff) from module data_memory (D = $0$memwr$\mem$src/data_memory.v:20$15_DATA[31:0]$18, Q = \mem[312]).
Adding EN signal on $memory\mem[313]$6987 ($dff) from module data_memory (D = $0$memwr$\mem$src/data_memory.v:20$15_DATA[31:0]$18, Q = \mem[313]).
Adding EN signal on $memory\mem[314]$6989 ($dff) from module data_memory (D = $0$memwr$\mem$src/data_memory.v:20$15_DATA[31:0]$18, Q = \mem[314]).
Adding EN signal on $memory\mem[315]$6991 ($dff) from module data_memory (D = $0$memwr$\mem$src/data_memory.v:20$15_DATA[31:0]$18, Q = \mem[315]).
Adding EN signal on $memory\mem[316]$6993 ($dff) from module data_memory (D = $0$memwr$\mem$src/data_memory.v:20$15_DATA[31:0]$18, Q = \mem[316]).
Adding EN signal on $memory\mem[317]$6995 ($dff) from module data_memory (D = $0$memwr$\mem$src/data_memory.v:20$15_DATA[31:0]$18, Q = \mem[317]).
Adding EN signal on $memory\mem[318]$6997 ($dff) from module data_memory (D = $0$memwr$\mem$src/data_memory.v:20$15_DATA[31:0]$18, Q = \mem[318]).
Adding EN signal on $memory\mem[319]$6999 ($dff) from module data_memory (D = $0$memwr$\mem$src/data_memory.v:20$15_DATA[31:0]$18, Q = \mem[319]).
Adding EN signal on $memory\mem[320]$7001 ($dff) from module data_memory (D = $0$memwr$\mem$src/data_memory.v:20$15_DATA[31:0]$18, Q = \mem[320]).
Adding EN signal on $memory\mem[321]$7003 ($dff) from module data_memory (D = $0$memwr$\mem$src/data_memory.v:20$15_DATA[31:0]$18, Q = \mem[321]).
Adding EN signal on $memory\mem[322]$7005 ($dff) from module data_memory (D = $0$memwr$\mem$src/data_memory.v:20$15_DATA[31:0]$18, Q = \mem[322]).
Adding EN signal on $memory\mem[323]$7007 ($dff) from module data_memory (D = $0$memwr$\mem$src/data_memory.v:20$15_DATA[31:0]$18, Q = \mem[323]).
Adding EN signal on $memory\mem[324]$7009 ($dff) from module data_memory (D = $0$memwr$\mem$src/data_memory.v:20$15_DATA[31:0]$18, Q = \mem[324]).
Adding EN signal on $memory\mem[325]$7011 ($dff) from module data_memory (D = $0$memwr$\mem$src/data_memory.v:20$15_DATA[31:0]$18, Q = \mem[325]).
Adding EN signal on $memory\mem[326]$7013 ($dff) from module data_memory (D = $0$memwr$\mem$src/data_memory.v:20$15_DATA[31:0]$18, Q = \mem[326]).
Adding EN signal on $memory\mem[327]$7015 ($dff) from module data_memory (D = $0$memwr$\mem$src/data_memory.v:20$15_DATA[31:0]$18, Q = \mem[327]).
Adding EN signal on $memory\mem[328]$7017 ($dff) from module data_memory (D = $0$memwr$\mem$src/data_memory.v:20$15_DATA[31:0]$18, Q = \mem[328]).
Adding EN signal on $memory\mem[329]$7019 ($dff) from module data_memory (D = $0$memwr$\mem$src/data_memory.v:20$15_DATA[31:0]$18, Q = \mem[329]).
Adding EN signal on $memory\mem[330]$7021 ($dff) from module data_memory (D = $0$memwr$\mem$src/data_memory.v:20$15_DATA[31:0]$18, Q = \mem[330]).
Adding EN signal on $memory\mem[331]$7023 ($dff) from module data_memory (D = $0$memwr$\mem$src/data_memory.v:20$15_DATA[31:0]$18, Q = \mem[331]).
Adding EN signal on $memory\mem[332]$7025 ($dff) from module data_memory (D = $0$memwr$\mem$src/data_memory.v:20$15_DATA[31:0]$18, Q = \mem[332]).
Adding EN signal on $memory\mem[333]$7027 ($dff) from module data_memory (D = $0$memwr$\mem$src/data_memory.v:20$15_DATA[31:0]$18, Q = \mem[333]).
Adding EN signal on $memory\mem[334]$7029 ($dff) from module data_memory (D = $0$memwr$\mem$src/data_memory.v:20$15_DATA[31:0]$18, Q = \mem[334]).
Adding EN signal on $memory\mem[335]$7031 ($dff) from module data_memory (D = $0$memwr$\mem$src/data_memory.v:20$15_DATA[31:0]$18, Q = \mem[335]).
Adding EN signal on $memory\mem[336]$7033 ($dff) from module data_memory (D = $0$memwr$\mem$src/data_memory.v:20$15_DATA[31:0]$18, Q = \mem[336]).
Adding EN signal on $memory\mem[337]$7035 ($dff) from module data_memory (D = $0$memwr$\mem$src/data_memory.v:20$15_DATA[31:0]$18, Q = \mem[337]).
Adding EN signal on $memory\mem[338]$7037 ($dff) from module data_memory (D = $0$memwr$\mem$src/data_memory.v:20$15_DATA[31:0]$18, Q = \mem[338]).
Adding EN signal on $memory\mem[339]$7039 ($dff) from module data_memory (D = $0$memwr$\mem$src/data_memory.v:20$15_DATA[31:0]$18, Q = \mem[339]).
Adding EN signal on $memory\mem[340]$7041 ($dff) from module data_memory (D = $0$memwr$\mem$src/data_memory.v:20$15_DATA[31:0]$18, Q = \mem[340]).
Adding EN signal on $memory\mem[341]$7043 ($dff) from module data_memory (D = $0$memwr$\mem$src/data_memory.v:20$15_DATA[31:0]$18, Q = \mem[341]).
Adding EN signal on $memory\mem[342]$7045 ($dff) from module data_memory (D = $0$memwr$\mem$src/data_memory.v:20$15_DATA[31:0]$18, Q = \mem[342]).
Adding EN signal on $memory\mem[343]$7047 ($dff) from module data_memory (D = $0$memwr$\mem$src/data_memory.v:20$15_DATA[31:0]$18, Q = \mem[343]).
Adding EN signal on $memory\mem[344]$7049 ($dff) from module data_memory (D = $0$memwr$\mem$src/data_memory.v:20$15_DATA[31:0]$18, Q = \mem[344]).
Adding EN signal on $memory\mem[345]$7051 ($dff) from module data_memory (D = $0$memwr$\mem$src/data_memory.v:20$15_DATA[31:0]$18, Q = \mem[345]).
Adding EN signal on $memory\mem[346]$7053 ($dff) from module data_memory (D = $0$memwr$\mem$src/data_memory.v:20$15_DATA[31:0]$18, Q = \mem[346]).
Adding EN signal on $memory\mem[347]$7055 ($dff) from module data_memory (D = $0$memwr$\mem$src/data_memory.v:20$15_DATA[31:0]$18, Q = \mem[347]).
Adding EN signal on $memory\mem[348]$7057 ($dff) from module data_memory (D = $0$memwr$\mem$src/data_memory.v:20$15_DATA[31:0]$18, Q = \mem[348]).
Adding EN signal on $memory\mem[349]$7059 ($dff) from module data_memory (D = $0$memwr$\mem$src/data_memory.v:20$15_DATA[31:0]$18, Q = \mem[349]).
Adding EN signal on $memory\mem[350]$7061 ($dff) from module data_memory (D = $0$memwr$\mem$src/data_memory.v:20$15_DATA[31:0]$18, Q = \mem[350]).
Adding EN signal on $memory\mem[351]$7063 ($dff) from module data_memory (D = $0$memwr$\mem$src/data_memory.v:20$15_DATA[31:0]$18, Q = \mem[351]).
Adding EN signal on $memory\mem[352]$7065 ($dff) from module data_memory (D = $0$memwr$\mem$src/data_memory.v:20$15_DATA[31:0]$18, Q = \mem[352]).
Adding EN signal on $memory\mem[353]$7067 ($dff) from module data_memory (D = $0$memwr$\mem$src/data_memory.v:20$15_DATA[31:0]$18, Q = \mem[353]).
Adding EN signal on $memory\mem[354]$7069 ($dff) from module data_memory (D = $0$memwr$\mem$src/data_memory.v:20$15_DATA[31:0]$18, Q = \mem[354]).
Adding EN signal on $memory\mem[355]$7071 ($dff) from module data_memory (D = $0$memwr$\mem$src/data_memory.v:20$15_DATA[31:0]$18, Q = \mem[355]).
Adding EN signal on $memory\mem[356]$7073 ($dff) from module data_memory (D = $0$memwr$\mem$src/data_memory.v:20$15_DATA[31:0]$18, Q = \mem[356]).
Adding EN signal on $memory\mem[357]$7075 ($dff) from module data_memory (D = $0$memwr$\mem$src/data_memory.v:20$15_DATA[31:0]$18, Q = \mem[357]).
Adding EN signal on $memory\mem[358]$7077 ($dff) from module data_memory (D = $0$memwr$\mem$src/data_memory.v:20$15_DATA[31:0]$18, Q = \mem[358]).
Adding EN signal on $memory\mem[359]$7079 ($dff) from module data_memory (D = $0$memwr$\mem$src/data_memory.v:20$15_DATA[31:0]$18, Q = \mem[359]).
Adding EN signal on $memory\mem[360]$7081 ($dff) from module data_memory (D = $0$memwr$\mem$src/data_memory.v:20$15_DATA[31:0]$18, Q = \mem[360]).
Adding EN signal on $memory\mem[361]$7083 ($dff) from module data_memory (D = $0$memwr$\mem$src/data_memory.v:20$15_DATA[31:0]$18, Q = \mem[361]).
Adding EN signal on $memory\mem[362]$7085 ($dff) from module data_memory (D = $0$memwr$\mem$src/data_memory.v:20$15_DATA[31:0]$18, Q = \mem[362]).
Adding EN signal on $memory\mem[363]$7087 ($dff) from module data_memory (D = $0$memwr$\mem$src/data_memory.v:20$15_DATA[31:0]$18, Q = \mem[363]).
Adding EN signal on $memory\mem[364]$7089 ($dff) from module data_memory (D = $0$memwr$\mem$src/data_memory.v:20$15_DATA[31:0]$18, Q = \mem[364]).
Adding EN signal on $memory\mem[365]$7091 ($dff) from module data_memory (D = $0$memwr$\mem$src/data_memory.v:20$15_DATA[31:0]$18, Q = \mem[365]).
Adding EN signal on $memory\mem[366]$7093 ($dff) from module data_memory (D = $0$memwr$\mem$src/data_memory.v:20$15_DATA[31:0]$18, Q = \mem[366]).
Adding EN signal on $memory\mem[367]$7095 ($dff) from module data_memory (D = $0$memwr$\mem$src/data_memory.v:20$15_DATA[31:0]$18, Q = \mem[367]).
Adding EN signal on $memory\mem[368]$7097 ($dff) from module data_memory (D = $0$memwr$\mem$src/data_memory.v:20$15_DATA[31:0]$18, Q = \mem[368]).
Adding EN signal on $memory\mem[369]$7099 ($dff) from module data_memory (D = $0$memwr$\mem$src/data_memory.v:20$15_DATA[31:0]$18, Q = \mem[369]).
Adding EN signal on $memory\mem[370]$7101 ($dff) from module data_memory (D = $0$memwr$\mem$src/data_memory.v:20$15_DATA[31:0]$18, Q = \mem[370]).
Adding EN signal on $memory\mem[371]$7103 ($dff) from module data_memory (D = $0$memwr$\mem$src/data_memory.v:20$15_DATA[31:0]$18, Q = \mem[371]).
Adding EN signal on $memory\mem[372]$7105 ($dff) from module data_memory (D = $0$memwr$\mem$src/data_memory.v:20$15_DATA[31:0]$18, Q = \mem[372]).
Adding EN signal on $memory\mem[373]$7107 ($dff) from module data_memory (D = $0$memwr$\mem$src/data_memory.v:20$15_DATA[31:0]$18, Q = \mem[373]).
Adding EN signal on $memory\mem[374]$7109 ($dff) from module data_memory (D = $0$memwr$\mem$src/data_memory.v:20$15_DATA[31:0]$18, Q = \mem[374]).
Adding EN signal on $memory\mem[375]$7111 ($dff) from module data_memory (D = $0$memwr$\mem$src/data_memory.v:20$15_DATA[31:0]$18, Q = \mem[375]).
Adding EN signal on $memory\mem[376]$7113 ($dff) from module data_memory (D = $0$memwr$\mem$src/data_memory.v:20$15_DATA[31:0]$18, Q = \mem[376]).
Adding EN signal on $memory\mem[377]$7115 ($dff) from module data_memory (D = $0$memwr$\mem$src/data_memory.v:20$15_DATA[31:0]$18, Q = \mem[377]).
Adding EN signal on $memory\mem[378]$7117 ($dff) from module data_memory (D = $0$memwr$\mem$src/data_memory.v:20$15_DATA[31:0]$18, Q = \mem[378]).
Adding EN signal on $memory\mem[379]$7119 ($dff) from module data_memory (D = $0$memwr$\mem$src/data_memory.v:20$15_DATA[31:0]$18, Q = \mem[379]).
Adding EN signal on $memory\mem[380]$7121 ($dff) from module data_memory (D = $0$memwr$\mem$src/data_memory.v:20$15_DATA[31:0]$18, Q = \mem[380]).
Adding EN signal on $memory\mem[381]$7123 ($dff) from module data_memory (D = $0$memwr$\mem$src/data_memory.v:20$15_DATA[31:0]$18, Q = \mem[381]).
Adding EN signal on $memory\mem[382]$7125 ($dff) from module data_memory (D = $0$memwr$\mem$src/data_memory.v:20$15_DATA[31:0]$18, Q = \mem[382]).
Adding EN signal on $memory\mem[383]$7127 ($dff) from module data_memory (D = $0$memwr$\mem$src/data_memory.v:20$15_DATA[31:0]$18, Q = \mem[383]).
Adding EN signal on $memory\mem[384]$7129 ($dff) from module data_memory (D = $0$memwr$\mem$src/data_memory.v:20$15_DATA[31:0]$18, Q = \mem[384]).
Adding EN signal on $memory\mem[385]$7131 ($dff) from module data_memory (D = $0$memwr$\mem$src/data_memory.v:20$15_DATA[31:0]$18, Q = \mem[385]).
Adding EN signal on $memory\mem[386]$7133 ($dff) from module data_memory (D = $0$memwr$\mem$src/data_memory.v:20$15_DATA[31:0]$18, Q = \mem[386]).
Adding EN signal on $memory\mem[387]$7135 ($dff) from module data_memory (D = $0$memwr$\mem$src/data_memory.v:20$15_DATA[31:0]$18, Q = \mem[387]).
Adding EN signal on $memory\mem[388]$7137 ($dff) from module data_memory (D = $0$memwr$\mem$src/data_memory.v:20$15_DATA[31:0]$18, Q = \mem[388]).
Adding EN signal on $memory\mem[389]$7139 ($dff) from module data_memory (D = $0$memwr$\mem$src/data_memory.v:20$15_DATA[31:0]$18, Q = \mem[389]).
Adding EN signal on $memory\mem[390]$7141 ($dff) from module data_memory (D = $0$memwr$\mem$src/data_memory.v:20$15_DATA[31:0]$18, Q = \mem[390]).
Adding EN signal on $memory\mem[391]$7143 ($dff) from module data_memory (D = $0$memwr$\mem$src/data_memory.v:20$15_DATA[31:0]$18, Q = \mem[391]).
Adding EN signal on $memory\mem[392]$7145 ($dff) from module data_memory (D = $0$memwr$\mem$src/data_memory.v:20$15_DATA[31:0]$18, Q = \mem[392]).
Adding EN signal on $memory\mem[393]$7147 ($dff) from module data_memory (D = $0$memwr$\mem$src/data_memory.v:20$15_DATA[31:0]$18, Q = \mem[393]).
Adding EN signal on $memory\mem[394]$7149 ($dff) from module data_memory (D = $0$memwr$\mem$src/data_memory.v:20$15_DATA[31:0]$18, Q = \mem[394]).
Adding EN signal on $memory\mem[395]$7151 ($dff) from module data_memory (D = $0$memwr$\mem$src/data_memory.v:20$15_DATA[31:0]$18, Q = \mem[395]).
Adding EN signal on $memory\mem[396]$7153 ($dff) from module data_memory (D = $0$memwr$\mem$src/data_memory.v:20$15_DATA[31:0]$18, Q = \mem[396]).
Adding EN signal on $memory\mem[397]$7155 ($dff) from module data_memory (D = $0$memwr$\mem$src/data_memory.v:20$15_DATA[31:0]$18, Q = \mem[397]).
Adding EN signal on $memory\mem[398]$7157 ($dff) from module data_memory (D = $0$memwr$\mem$src/data_memory.v:20$15_DATA[31:0]$18, Q = \mem[398]).
Adding EN signal on $memory\mem[399]$7159 ($dff) from module data_memory (D = $0$memwr$\mem$src/data_memory.v:20$15_DATA[31:0]$18, Q = \mem[399]).
Adding EN signal on $memory\mem[400]$7161 ($dff) from module data_memory (D = $0$memwr$\mem$src/data_memory.v:20$15_DATA[31:0]$18, Q = \mem[400]).
Adding EN signal on $memory\mem[401]$7163 ($dff) from module data_memory (D = $0$memwr$\mem$src/data_memory.v:20$15_DATA[31:0]$18, Q = \mem[401]).
Adding EN signal on $memory\mem[402]$7165 ($dff) from module data_memory (D = $0$memwr$\mem$src/data_memory.v:20$15_DATA[31:0]$18, Q = \mem[402]).
Adding EN signal on $memory\mem[403]$7167 ($dff) from module data_memory (D = $0$memwr$\mem$src/data_memory.v:20$15_DATA[31:0]$18, Q = \mem[403]).
Adding EN signal on $memory\mem[404]$7169 ($dff) from module data_memory (D = $0$memwr$\mem$src/data_memory.v:20$15_DATA[31:0]$18, Q = \mem[404]).
Adding EN signal on $memory\mem[405]$7171 ($dff) from module data_memory (D = $0$memwr$\mem$src/data_memory.v:20$15_DATA[31:0]$18, Q = \mem[405]).
Adding EN signal on $memory\mem[406]$7173 ($dff) from module data_memory (D = $0$memwr$\mem$src/data_memory.v:20$15_DATA[31:0]$18, Q = \mem[406]).
Adding EN signal on $memory\mem[407]$7175 ($dff) from module data_memory (D = $0$memwr$\mem$src/data_memory.v:20$15_DATA[31:0]$18, Q = \mem[407]).
Adding EN signal on $memory\mem[408]$7177 ($dff) from module data_memory (D = $0$memwr$\mem$src/data_memory.v:20$15_DATA[31:0]$18, Q = \mem[408]).
Adding EN signal on $memory\mem[409]$7179 ($dff) from module data_memory (D = $0$memwr$\mem$src/data_memory.v:20$15_DATA[31:0]$18, Q = \mem[409]).
Adding EN signal on $memory\mem[410]$7181 ($dff) from module data_memory (D = $0$memwr$\mem$src/data_memory.v:20$15_DATA[31:0]$18, Q = \mem[410]).
Adding EN signal on $memory\mem[411]$7183 ($dff) from module data_memory (D = $0$memwr$\mem$src/data_memory.v:20$15_DATA[31:0]$18, Q = \mem[411]).
Adding EN signal on $memory\mem[412]$7185 ($dff) from module data_memory (D = $0$memwr$\mem$src/data_memory.v:20$15_DATA[31:0]$18, Q = \mem[412]).
Adding EN signal on $memory\mem[413]$7187 ($dff) from module data_memory (D = $0$memwr$\mem$src/data_memory.v:20$15_DATA[31:0]$18, Q = \mem[413]).
Adding EN signal on $memory\mem[414]$7189 ($dff) from module data_memory (D = $0$memwr$\mem$src/data_memory.v:20$15_DATA[31:0]$18, Q = \mem[414]).
Adding EN signal on $memory\mem[415]$7191 ($dff) from module data_memory (D = $0$memwr$\mem$src/data_memory.v:20$15_DATA[31:0]$18, Q = \mem[415]).
Adding EN signal on $memory\mem[416]$7193 ($dff) from module data_memory (D = $0$memwr$\mem$src/data_memory.v:20$15_DATA[31:0]$18, Q = \mem[416]).
Adding EN signal on $memory\mem[417]$7195 ($dff) from module data_memory (D = $0$memwr$\mem$src/data_memory.v:20$15_DATA[31:0]$18, Q = \mem[417]).
Adding EN signal on $memory\mem[418]$7197 ($dff) from module data_memory (D = $0$memwr$\mem$src/data_memory.v:20$15_DATA[31:0]$18, Q = \mem[418]).
Adding EN signal on $memory\mem[419]$7199 ($dff) from module data_memory (D = $0$memwr$\mem$src/data_memory.v:20$15_DATA[31:0]$18, Q = \mem[419]).
Adding EN signal on $memory\mem[420]$7201 ($dff) from module data_memory (D = $0$memwr$\mem$src/data_memory.v:20$15_DATA[31:0]$18, Q = \mem[420]).
Adding EN signal on $memory\mem[421]$7203 ($dff) from module data_memory (D = $0$memwr$\mem$src/data_memory.v:20$15_DATA[31:0]$18, Q = \mem[421]).
Adding EN signal on $memory\mem[422]$7205 ($dff) from module data_memory (D = $0$memwr$\mem$src/data_memory.v:20$15_DATA[31:0]$18, Q = \mem[422]).
Adding EN signal on $memory\mem[423]$7207 ($dff) from module data_memory (D = $0$memwr$\mem$src/data_memory.v:20$15_DATA[31:0]$18, Q = \mem[423]).
Adding EN signal on $memory\mem[424]$7209 ($dff) from module data_memory (D = $0$memwr$\mem$src/data_memory.v:20$15_DATA[31:0]$18, Q = \mem[424]).
Adding EN signal on $memory\mem[425]$7211 ($dff) from module data_memory (D = $0$memwr$\mem$src/data_memory.v:20$15_DATA[31:0]$18, Q = \mem[425]).
Adding EN signal on $memory\mem[426]$7213 ($dff) from module data_memory (D = $0$memwr$\mem$src/data_memory.v:20$15_DATA[31:0]$18, Q = \mem[426]).
Adding EN signal on $memory\mem[427]$7215 ($dff) from module data_memory (D = $0$memwr$\mem$src/data_memory.v:20$15_DATA[31:0]$18, Q = \mem[427]).
Adding EN signal on $memory\mem[428]$7217 ($dff) from module data_memory (D = $0$memwr$\mem$src/data_memory.v:20$15_DATA[31:0]$18, Q = \mem[428]).
Adding EN signal on $memory\mem[429]$7219 ($dff) from module data_memory (D = $0$memwr$\mem$src/data_memory.v:20$15_DATA[31:0]$18, Q = \mem[429]).
Adding EN signal on $memory\mem[430]$7221 ($dff) from module data_memory (D = $0$memwr$\mem$src/data_memory.v:20$15_DATA[31:0]$18, Q = \mem[430]).
Adding EN signal on $memory\mem[431]$7223 ($dff) from module data_memory (D = $0$memwr$\mem$src/data_memory.v:20$15_DATA[31:0]$18, Q = \mem[431]).
Adding EN signal on $memory\mem[432]$7225 ($dff) from module data_memory (D = $0$memwr$\mem$src/data_memory.v:20$15_DATA[31:0]$18, Q = \mem[432]).
Adding EN signal on $memory\mem[433]$7227 ($dff) from module data_memory (D = $0$memwr$\mem$src/data_memory.v:20$15_DATA[31:0]$18, Q = \mem[433]).
Adding EN signal on $memory\mem[434]$7229 ($dff) from module data_memory (D = $0$memwr$\mem$src/data_memory.v:20$15_DATA[31:0]$18, Q = \mem[434]).
Adding EN signal on $memory\mem[435]$7231 ($dff) from module data_memory (D = $0$memwr$\mem$src/data_memory.v:20$15_DATA[31:0]$18, Q = \mem[435]).
Adding EN signal on $memory\mem[436]$7233 ($dff) from module data_memory (D = $0$memwr$\mem$src/data_memory.v:20$15_DATA[31:0]$18, Q = \mem[436]).
Adding EN signal on $memory\mem[437]$7235 ($dff) from module data_memory (D = $0$memwr$\mem$src/data_memory.v:20$15_DATA[31:0]$18, Q = \mem[437]).
Adding EN signal on $memory\mem[438]$7237 ($dff) from module data_memory (D = $0$memwr$\mem$src/data_memory.v:20$15_DATA[31:0]$18, Q = \mem[438]).
Adding EN signal on $memory\mem[439]$7239 ($dff) from module data_memory (D = $0$memwr$\mem$src/data_memory.v:20$15_DATA[31:0]$18, Q = \mem[439]).
Adding EN signal on $memory\mem[440]$7241 ($dff) from module data_memory (D = $0$memwr$\mem$src/data_memory.v:20$15_DATA[31:0]$18, Q = \mem[440]).
Adding EN signal on $memory\mem[441]$7243 ($dff) from module data_memory (D = $0$memwr$\mem$src/data_memory.v:20$15_DATA[31:0]$18, Q = \mem[441]).
Adding EN signal on $memory\mem[442]$7245 ($dff) from module data_memory (D = $0$memwr$\mem$src/data_memory.v:20$15_DATA[31:0]$18, Q = \mem[442]).
Adding EN signal on $memory\mem[443]$7247 ($dff) from module data_memory (D = $0$memwr$\mem$src/data_memory.v:20$15_DATA[31:0]$18, Q = \mem[443]).
Adding EN signal on $memory\mem[444]$7249 ($dff) from module data_memory (D = $0$memwr$\mem$src/data_memory.v:20$15_DATA[31:0]$18, Q = \mem[444]).
Adding EN signal on $memory\mem[445]$7251 ($dff) from module data_memory (D = $0$memwr$\mem$src/data_memory.v:20$15_DATA[31:0]$18, Q = \mem[445]).
Adding EN signal on $memory\mem[446]$7253 ($dff) from module data_memory (D = $0$memwr$\mem$src/data_memory.v:20$15_DATA[31:0]$18, Q = \mem[446]).
Adding EN signal on $memory\mem[447]$7255 ($dff) from module data_memory (D = $0$memwr$\mem$src/data_memory.v:20$15_DATA[31:0]$18, Q = \mem[447]).
Adding EN signal on $memory\mem[448]$7257 ($dff) from module data_memory (D = $0$memwr$\mem$src/data_memory.v:20$15_DATA[31:0]$18, Q = \mem[448]).
Adding EN signal on $memory\mem[449]$7259 ($dff) from module data_memory (D = $0$memwr$\mem$src/data_memory.v:20$15_DATA[31:0]$18, Q = \mem[449]).
Adding EN signal on $memory\mem[450]$7261 ($dff) from module data_memory (D = $0$memwr$\mem$src/data_memory.v:20$15_DATA[31:0]$18, Q = \mem[450]).
Adding EN signal on $memory\mem[451]$7263 ($dff) from module data_memory (D = $0$memwr$\mem$src/data_memory.v:20$15_DATA[31:0]$18, Q = \mem[451]).
Adding EN signal on $memory\mem[452]$7265 ($dff) from module data_memory (D = $0$memwr$\mem$src/data_memory.v:20$15_DATA[31:0]$18, Q = \mem[452]).
Adding EN signal on $memory\mem[453]$7267 ($dff) from module data_memory (D = $0$memwr$\mem$src/data_memory.v:20$15_DATA[31:0]$18, Q = \mem[453]).
Adding EN signal on $memory\mem[454]$7269 ($dff) from module data_memory (D = $0$memwr$\mem$src/data_memory.v:20$15_DATA[31:0]$18, Q = \mem[454]).
Adding EN signal on $memory\mem[455]$7271 ($dff) from module data_memory (D = $0$memwr$\mem$src/data_memory.v:20$15_DATA[31:0]$18, Q = \mem[455]).
Adding EN signal on $memory\mem[456]$7273 ($dff) from module data_memory (D = $0$memwr$\mem$src/data_memory.v:20$15_DATA[31:0]$18, Q = \mem[456]).
Adding EN signal on $memory\mem[457]$7275 ($dff) from module data_memory (D = $0$memwr$\mem$src/data_memory.v:20$15_DATA[31:0]$18, Q = \mem[457]).
Adding EN signal on $memory\mem[458]$7277 ($dff) from module data_memory (D = $0$memwr$\mem$src/data_memory.v:20$15_DATA[31:0]$18, Q = \mem[458]).
Adding EN signal on $memory\mem[459]$7279 ($dff) from module data_memory (D = $0$memwr$\mem$src/data_memory.v:20$15_DATA[31:0]$18, Q = \mem[459]).
Adding EN signal on $memory\mem[460]$7281 ($dff) from module data_memory (D = $0$memwr$\mem$src/data_memory.v:20$15_DATA[31:0]$18, Q = \mem[460]).
Adding EN signal on $memory\mem[461]$7283 ($dff) from module data_memory (D = $0$memwr$\mem$src/data_memory.v:20$15_DATA[31:0]$18, Q = \mem[461]).
Adding EN signal on $memory\mem[462]$7285 ($dff) from module data_memory (D = $0$memwr$\mem$src/data_memory.v:20$15_DATA[31:0]$18, Q = \mem[462]).
Adding EN signal on $memory\mem[463]$7287 ($dff) from module data_memory (D = $0$memwr$\mem$src/data_memory.v:20$15_DATA[31:0]$18, Q = \mem[463]).
Adding EN signal on $memory\mem[464]$7289 ($dff) from module data_memory (D = $0$memwr$\mem$src/data_memory.v:20$15_DATA[31:0]$18, Q = \mem[464]).
Adding EN signal on $memory\mem[465]$7291 ($dff) from module data_memory (D = $0$memwr$\mem$src/data_memory.v:20$15_DATA[31:0]$18, Q = \mem[465]).
Adding EN signal on $memory\mem[466]$7293 ($dff) from module data_memory (D = $0$memwr$\mem$src/data_memory.v:20$15_DATA[31:0]$18, Q = \mem[466]).
Adding EN signal on $memory\mem[467]$7295 ($dff) from module data_memory (D = $0$memwr$\mem$src/data_memory.v:20$15_DATA[31:0]$18, Q = \mem[467]).
Adding EN signal on $memory\mem[468]$7297 ($dff) from module data_memory (D = $0$memwr$\mem$src/data_memory.v:20$15_DATA[31:0]$18, Q = \mem[468]).
Adding EN signal on $memory\mem[469]$7299 ($dff) from module data_memory (D = $0$memwr$\mem$src/data_memory.v:20$15_DATA[31:0]$18, Q = \mem[469]).
Adding EN signal on $memory\mem[470]$7301 ($dff) from module data_memory (D = $0$memwr$\mem$src/data_memory.v:20$15_DATA[31:0]$18, Q = \mem[470]).
Adding EN signal on $memory\mem[471]$7303 ($dff) from module data_memory (D = $0$memwr$\mem$src/data_memory.v:20$15_DATA[31:0]$18, Q = \mem[471]).
Adding EN signal on $memory\mem[472]$7305 ($dff) from module data_memory (D = $0$memwr$\mem$src/data_memory.v:20$15_DATA[31:0]$18, Q = \mem[472]).
Adding EN signal on $memory\mem[473]$7307 ($dff) from module data_memory (D = $0$memwr$\mem$src/data_memory.v:20$15_DATA[31:0]$18, Q = \mem[473]).
Adding EN signal on $memory\mem[474]$7309 ($dff) from module data_memory (D = $0$memwr$\mem$src/data_memory.v:20$15_DATA[31:0]$18, Q = \mem[474]).
Adding EN signal on $memory\mem[475]$7311 ($dff) from module data_memory (D = $0$memwr$\mem$src/data_memory.v:20$15_DATA[31:0]$18, Q = \mem[475]).
Adding EN signal on $memory\mem[476]$7313 ($dff) from module data_memory (D = $0$memwr$\mem$src/data_memory.v:20$15_DATA[31:0]$18, Q = \mem[476]).
Adding EN signal on $memory\mem[477]$7315 ($dff) from module data_memory (D = $0$memwr$\mem$src/data_memory.v:20$15_DATA[31:0]$18, Q = \mem[477]).
Adding EN signal on $memory\mem[478]$7317 ($dff) from module data_memory (D = $0$memwr$\mem$src/data_memory.v:20$15_DATA[31:0]$18, Q = \mem[478]).
Adding EN signal on $memory\mem[479]$7319 ($dff) from module data_memory (D = $0$memwr$\mem$src/data_memory.v:20$15_DATA[31:0]$18, Q = \mem[479]).
Adding EN signal on $memory\mem[480]$7321 ($dff) from module data_memory (D = $0$memwr$\mem$src/data_memory.v:20$15_DATA[31:0]$18, Q = \mem[480]).
Adding EN signal on $memory\mem[481]$7323 ($dff) from module data_memory (D = $0$memwr$\mem$src/data_memory.v:20$15_DATA[31:0]$18, Q = \mem[481]).
Adding EN signal on $memory\mem[482]$7325 ($dff) from module data_memory (D = $0$memwr$\mem$src/data_memory.v:20$15_DATA[31:0]$18, Q = \mem[482]).
Adding EN signal on $memory\mem[483]$7327 ($dff) from module data_memory (D = $0$memwr$\mem$src/data_memory.v:20$15_DATA[31:0]$18, Q = \mem[483]).
Adding EN signal on $memory\mem[484]$7329 ($dff) from module data_memory (D = $0$memwr$\mem$src/data_memory.v:20$15_DATA[31:0]$18, Q = \mem[484]).
Adding EN signal on $memory\mem[485]$7331 ($dff) from module data_memory (D = $0$memwr$\mem$src/data_memory.v:20$15_DATA[31:0]$18, Q = \mem[485]).
Adding EN signal on $memory\mem[486]$7333 ($dff) from module data_memory (D = $0$memwr$\mem$src/data_memory.v:20$15_DATA[31:0]$18, Q = \mem[486]).
Adding EN signal on $memory\mem[487]$7335 ($dff) from module data_memory (D = $0$memwr$\mem$src/data_memory.v:20$15_DATA[31:0]$18, Q = \mem[487]).
Adding EN signal on $memory\mem[488]$7337 ($dff) from module data_memory (D = $0$memwr$\mem$src/data_memory.v:20$15_DATA[31:0]$18, Q = \mem[488]).
Adding EN signal on $memory\mem[489]$7339 ($dff) from module data_memory (D = $0$memwr$\mem$src/data_memory.v:20$15_DATA[31:0]$18, Q = \mem[489]).
Adding EN signal on $memory\mem[490]$7341 ($dff) from module data_memory (D = $0$memwr$\mem$src/data_memory.v:20$15_DATA[31:0]$18, Q = \mem[490]).
Adding EN signal on $memory\mem[491]$7343 ($dff) from module data_memory (D = $0$memwr$\mem$src/data_memory.v:20$15_DATA[31:0]$18, Q = \mem[491]).
Adding EN signal on $memory\mem[492]$7345 ($dff) from module data_memory (D = $0$memwr$\mem$src/data_memory.v:20$15_DATA[31:0]$18, Q = \mem[492]).
Adding EN signal on $memory\mem[493]$7347 ($dff) from module data_memory (D = $0$memwr$\mem$src/data_memory.v:20$15_DATA[31:0]$18, Q = \mem[493]).
Adding EN signal on $memory\mem[494]$7349 ($dff) from module data_memory (D = $0$memwr$\mem$src/data_memory.v:20$15_DATA[31:0]$18, Q = \mem[494]).
Adding EN signal on $memory\mem[495]$7351 ($dff) from module data_memory (D = $0$memwr$\mem$src/data_memory.v:20$15_DATA[31:0]$18, Q = \mem[495]).
Adding EN signal on $memory\mem[496]$7353 ($dff) from module data_memory (D = $0$memwr$\mem$src/data_memory.v:20$15_DATA[31:0]$18, Q = \mem[496]).
Adding EN signal on $memory\mem[497]$7355 ($dff) from module data_memory (D = $0$memwr$\mem$src/data_memory.v:20$15_DATA[31:0]$18, Q = \mem[497]).
Adding EN signal on $memory\mem[498]$7357 ($dff) from module data_memory (D = $0$memwr$\mem$src/data_memory.v:20$15_DATA[31:0]$18, Q = \mem[498]).
Adding EN signal on $memory\mem[499]$7359 ($dff) from module data_memory (D = $0$memwr$\mem$src/data_memory.v:20$15_DATA[31:0]$18, Q = \mem[499]).
Adding EN signal on $memory\mem[500]$7361 ($dff) from module data_memory (D = $0$memwr$\mem$src/data_memory.v:20$15_DATA[31:0]$18, Q = \mem[500]).
Adding EN signal on $memory\mem[501]$7363 ($dff) from module data_memory (D = $0$memwr$\mem$src/data_memory.v:20$15_DATA[31:0]$18, Q = \mem[501]).
Adding EN signal on $memory\mem[502]$7365 ($dff) from module data_memory (D = $0$memwr$\mem$src/data_memory.v:20$15_DATA[31:0]$18, Q = \mem[502]).
Adding EN signal on $memory\mem[503]$7367 ($dff) from module data_memory (D = $0$memwr$\mem$src/data_memory.v:20$15_DATA[31:0]$18, Q = \mem[503]).
Adding EN signal on $memory\mem[504]$7369 ($dff) from module data_memory (D = $0$memwr$\mem$src/data_memory.v:20$15_DATA[31:0]$18, Q = \mem[504]).
Adding EN signal on $memory\mem[505]$7371 ($dff) from module data_memory (D = $0$memwr$\mem$src/data_memory.v:20$15_DATA[31:0]$18, Q = \mem[505]).
Adding EN signal on $memory\mem[506]$7373 ($dff) from module data_memory (D = $0$memwr$\mem$src/data_memory.v:20$15_DATA[31:0]$18, Q = \mem[506]).
Adding EN signal on $memory\mem[507]$7375 ($dff) from module data_memory (D = $0$memwr$\mem$src/data_memory.v:20$15_DATA[31:0]$18, Q = \mem[507]).
Adding EN signal on $memory\mem[508]$7377 ($dff) from module data_memory (D = $0$memwr$\mem$src/data_memory.v:20$15_DATA[31:0]$18, Q = \mem[508]).
Adding EN signal on $memory\mem[509]$7379 ($dff) from module data_memory (D = $0$memwr$\mem$src/data_memory.v:20$15_DATA[31:0]$18, Q = \mem[509]).
Adding EN signal on $memory\mem[510]$7381 ($dff) from module data_memory (D = $0$memwr$\mem$src/data_memory.v:20$15_DATA[31:0]$18, Q = \mem[510]).
Adding EN signal on $memory\mem[511]$7383 ($dff) from module data_memory (D = $0$memwr$\mem$src/data_memory.v:20$15_DATA[31:0]$18, Q = \mem[511]).
Adding EN signal on $memory\mem[512]$7385 ($dff) from module data_memory (D = $0$memwr$\mem$src/data_memory.v:20$15_DATA[31:0]$18, Q = \mem[512]).
Adding EN signal on $memory\mem[513]$7387 ($dff) from module data_memory (D = $0$memwr$\mem$src/data_memory.v:20$15_DATA[31:0]$18, Q = \mem[513]).
Adding EN signal on $memory\mem[514]$7389 ($dff) from module data_memory (D = $0$memwr$\mem$src/data_memory.v:20$15_DATA[31:0]$18, Q = \mem[514]).
Adding EN signal on $memory\mem[515]$7391 ($dff) from module data_memory (D = $0$memwr$\mem$src/data_memory.v:20$15_DATA[31:0]$18, Q = \mem[515]).
Adding EN signal on $memory\mem[516]$7393 ($dff) from module data_memory (D = $0$memwr$\mem$src/data_memory.v:20$15_DATA[31:0]$18, Q = \mem[516]).
Adding EN signal on $memory\mem[517]$7395 ($dff) from module data_memory (D = $0$memwr$\mem$src/data_memory.v:20$15_DATA[31:0]$18, Q = \mem[517]).
Adding EN signal on $memory\mem[518]$7397 ($dff) from module data_memory (D = $0$memwr$\mem$src/data_memory.v:20$15_DATA[31:0]$18, Q = \mem[518]).
Adding EN signal on $memory\mem[519]$7399 ($dff) from module data_memory (D = $0$memwr$\mem$src/data_memory.v:20$15_DATA[31:0]$18, Q = \mem[519]).
Adding EN signal on $memory\mem[520]$7401 ($dff) from module data_memory (D = $0$memwr$\mem$src/data_memory.v:20$15_DATA[31:0]$18, Q = \mem[520]).
Adding EN signal on $memory\mem[521]$7403 ($dff) from module data_memory (D = $0$memwr$\mem$src/data_memory.v:20$15_DATA[31:0]$18, Q = \mem[521]).
Adding EN signal on $memory\mem[522]$7405 ($dff) from module data_memory (D = $0$memwr$\mem$src/data_memory.v:20$15_DATA[31:0]$18, Q = \mem[522]).
Adding EN signal on $memory\mem[523]$7407 ($dff) from module data_memory (D = $0$memwr$\mem$src/data_memory.v:20$15_DATA[31:0]$18, Q = \mem[523]).
Adding EN signal on $memory\mem[524]$7409 ($dff) from module data_memory (D = $0$memwr$\mem$src/data_memory.v:20$15_DATA[31:0]$18, Q = \mem[524]).
Adding EN signal on $memory\mem[525]$7411 ($dff) from module data_memory (D = $0$memwr$\mem$src/data_memory.v:20$15_DATA[31:0]$18, Q = \mem[525]).
Adding EN signal on $memory\mem[526]$7413 ($dff) from module data_memory (D = $0$memwr$\mem$src/data_memory.v:20$15_DATA[31:0]$18, Q = \mem[526]).
Adding EN signal on $memory\mem[527]$7415 ($dff) from module data_memory (D = $0$memwr$\mem$src/data_memory.v:20$15_DATA[31:0]$18, Q = \mem[527]).
Adding EN signal on $memory\mem[528]$7417 ($dff) from module data_memory (D = $0$memwr$\mem$src/data_memory.v:20$15_DATA[31:0]$18, Q = \mem[528]).
Adding EN signal on $memory\mem[529]$7419 ($dff) from module data_memory (D = $0$memwr$\mem$src/data_memory.v:20$15_DATA[31:0]$18, Q = \mem[529]).
Adding EN signal on $memory\mem[530]$7421 ($dff) from module data_memory (D = $0$memwr$\mem$src/data_memory.v:20$15_DATA[31:0]$18, Q = \mem[530]).
Adding EN signal on $memory\mem[531]$7423 ($dff) from module data_memory (D = $0$memwr$\mem$src/data_memory.v:20$15_DATA[31:0]$18, Q = \mem[531]).
Adding EN signal on $memory\mem[532]$7425 ($dff) from module data_memory (D = $0$memwr$\mem$src/data_memory.v:20$15_DATA[31:0]$18, Q = \mem[532]).
Adding EN signal on $memory\mem[533]$7427 ($dff) from module data_memory (D = $0$memwr$\mem$src/data_memory.v:20$15_DATA[31:0]$18, Q = \mem[533]).
Adding EN signal on $memory\mem[534]$7429 ($dff) from module data_memory (D = $0$memwr$\mem$src/data_memory.v:20$15_DATA[31:0]$18, Q = \mem[534]).
Adding EN signal on $memory\mem[535]$7431 ($dff) from module data_memory (D = $0$memwr$\mem$src/data_memory.v:20$15_DATA[31:0]$18, Q = \mem[535]).
Adding EN signal on $memory\mem[536]$7433 ($dff) from module data_memory (D = $0$memwr$\mem$src/data_memory.v:20$15_DATA[31:0]$18, Q = \mem[536]).
Adding EN signal on $memory\mem[537]$7435 ($dff) from module data_memory (D = $0$memwr$\mem$src/data_memory.v:20$15_DATA[31:0]$18, Q = \mem[537]).
Adding EN signal on $memory\mem[538]$7437 ($dff) from module data_memory (D = $0$memwr$\mem$src/data_memory.v:20$15_DATA[31:0]$18, Q = \mem[538]).
Adding EN signal on $memory\mem[539]$7439 ($dff) from module data_memory (D = $0$memwr$\mem$src/data_memory.v:20$15_DATA[31:0]$18, Q = \mem[539]).
Adding EN signal on $memory\mem[540]$7441 ($dff) from module data_memory (D = $0$memwr$\mem$src/data_memory.v:20$15_DATA[31:0]$18, Q = \mem[540]).
Adding EN signal on $memory\mem[541]$7443 ($dff) from module data_memory (D = $0$memwr$\mem$src/data_memory.v:20$15_DATA[31:0]$18, Q = \mem[541]).
Adding EN signal on $memory\mem[542]$7445 ($dff) from module data_memory (D = $0$memwr$\mem$src/data_memory.v:20$15_DATA[31:0]$18, Q = \mem[542]).
Adding EN signal on $memory\mem[543]$7447 ($dff) from module data_memory (D = $0$memwr$\mem$src/data_memory.v:20$15_DATA[31:0]$18, Q = \mem[543]).
Adding EN signal on $memory\mem[544]$7449 ($dff) from module data_memory (D = $0$memwr$\mem$src/data_memory.v:20$15_DATA[31:0]$18, Q = \mem[544]).
Adding EN signal on $memory\mem[545]$7451 ($dff) from module data_memory (D = $0$memwr$\mem$src/data_memory.v:20$15_DATA[31:0]$18, Q = \mem[545]).
Adding EN signal on $memory\mem[546]$7453 ($dff) from module data_memory (D = $0$memwr$\mem$src/data_memory.v:20$15_DATA[31:0]$18, Q = \mem[546]).
Adding EN signal on $memory\mem[547]$7455 ($dff) from module data_memory (D = $0$memwr$\mem$src/data_memory.v:20$15_DATA[31:0]$18, Q = \mem[547]).
Adding EN signal on $memory\mem[548]$7457 ($dff) from module data_memory (D = $0$memwr$\mem$src/data_memory.v:20$15_DATA[31:0]$18, Q = \mem[548]).
Adding EN signal on $memory\mem[549]$7459 ($dff) from module data_memory (D = $0$memwr$\mem$src/data_memory.v:20$15_DATA[31:0]$18, Q = \mem[549]).
Adding EN signal on $memory\mem[550]$7461 ($dff) from module data_memory (D = $0$memwr$\mem$src/data_memory.v:20$15_DATA[31:0]$18, Q = \mem[550]).
Adding EN signal on $memory\mem[551]$7463 ($dff) from module data_memory (D = $0$memwr$\mem$src/data_memory.v:20$15_DATA[31:0]$18, Q = \mem[551]).
Adding EN signal on $memory\mem[552]$7465 ($dff) from module data_memory (D = $0$memwr$\mem$src/data_memory.v:20$15_DATA[31:0]$18, Q = \mem[552]).
Adding EN signal on $memory\mem[553]$7467 ($dff) from module data_memory (D = $0$memwr$\mem$src/data_memory.v:20$15_DATA[31:0]$18, Q = \mem[553]).
Adding EN signal on $memory\mem[554]$7469 ($dff) from module data_memory (D = $0$memwr$\mem$src/data_memory.v:20$15_DATA[31:0]$18, Q = \mem[554]).
Adding EN signal on $memory\mem[555]$7471 ($dff) from module data_memory (D = $0$memwr$\mem$src/data_memory.v:20$15_DATA[31:0]$18, Q = \mem[555]).
Adding EN signal on $memory\mem[556]$7473 ($dff) from module data_memory (D = $0$memwr$\mem$src/data_memory.v:20$15_DATA[31:0]$18, Q = \mem[556]).
Adding EN signal on $memory\mem[557]$7475 ($dff) from module data_memory (D = $0$memwr$\mem$src/data_memory.v:20$15_DATA[31:0]$18, Q = \mem[557]).
Adding EN signal on $memory\mem[558]$7477 ($dff) from module data_memory (D = $0$memwr$\mem$src/data_memory.v:20$15_DATA[31:0]$18, Q = \mem[558]).
Adding EN signal on $memory\mem[559]$7479 ($dff) from module data_memory (D = $0$memwr$\mem$src/data_memory.v:20$15_DATA[31:0]$18, Q = \mem[559]).
Adding EN signal on $memory\mem[560]$7481 ($dff) from module data_memory (D = $0$memwr$\mem$src/data_memory.v:20$15_DATA[31:0]$18, Q = \mem[560]).
Adding EN signal on $memory\mem[561]$7483 ($dff) from module data_memory (D = $0$memwr$\mem$src/data_memory.v:20$15_DATA[31:0]$18, Q = \mem[561]).
Adding EN signal on $memory\mem[562]$7485 ($dff) from module data_memory (D = $0$memwr$\mem$src/data_memory.v:20$15_DATA[31:0]$18, Q = \mem[562]).
Adding EN signal on $memory\mem[563]$7487 ($dff) from module data_memory (D = $0$memwr$\mem$src/data_memory.v:20$15_DATA[31:0]$18, Q = \mem[563]).
Adding EN signal on $memory\mem[564]$7489 ($dff) from module data_memory (D = $0$memwr$\mem$src/data_memory.v:20$15_DATA[31:0]$18, Q = \mem[564]).
Adding EN signal on $memory\mem[565]$7491 ($dff) from module data_memory (D = $0$memwr$\mem$src/data_memory.v:20$15_DATA[31:0]$18, Q = \mem[565]).
Adding EN signal on $memory\mem[566]$7493 ($dff) from module data_memory (D = $0$memwr$\mem$src/data_memory.v:20$15_DATA[31:0]$18, Q = \mem[566]).
Adding EN signal on $memory\mem[567]$7495 ($dff) from module data_memory (D = $0$memwr$\mem$src/data_memory.v:20$15_DATA[31:0]$18, Q = \mem[567]).
Adding EN signal on $memory\mem[568]$7497 ($dff) from module data_memory (D = $0$memwr$\mem$src/data_memory.v:20$15_DATA[31:0]$18, Q = \mem[568]).
Adding EN signal on $memory\mem[569]$7499 ($dff) from module data_memory (D = $0$memwr$\mem$src/data_memory.v:20$15_DATA[31:0]$18, Q = \mem[569]).
Adding EN signal on $memory\mem[570]$7501 ($dff) from module data_memory (D = $0$memwr$\mem$src/data_memory.v:20$15_DATA[31:0]$18, Q = \mem[570]).
Adding EN signal on $memory\mem[571]$7503 ($dff) from module data_memory (D = $0$memwr$\mem$src/data_memory.v:20$15_DATA[31:0]$18, Q = \mem[571]).
Adding EN signal on $memory\mem[572]$7505 ($dff) from module data_memory (D = $0$memwr$\mem$src/data_memory.v:20$15_DATA[31:0]$18, Q = \mem[572]).
Adding EN signal on $memory\mem[573]$7507 ($dff) from module data_memory (D = $0$memwr$\mem$src/data_memory.v:20$15_DATA[31:0]$18, Q = \mem[573]).
Adding EN signal on $memory\mem[574]$7509 ($dff) from module data_memory (D = $0$memwr$\mem$src/data_memory.v:20$15_DATA[31:0]$18, Q = \mem[574]).
Adding EN signal on $memory\mem[575]$7511 ($dff) from module data_memory (D = $0$memwr$\mem$src/data_memory.v:20$15_DATA[31:0]$18, Q = \mem[575]).
Adding EN signal on $memory\mem[576]$7513 ($dff) from module data_memory (D = $0$memwr$\mem$src/data_memory.v:20$15_DATA[31:0]$18, Q = \mem[576]).
Adding EN signal on $memory\mem[577]$7515 ($dff) from module data_memory (D = $0$memwr$\mem$src/data_memory.v:20$15_DATA[31:0]$18, Q = \mem[577]).
Adding EN signal on $memory\mem[578]$7517 ($dff) from module data_memory (D = $0$memwr$\mem$src/data_memory.v:20$15_DATA[31:0]$18, Q = \mem[578]).
Adding EN signal on $memory\mem[579]$7519 ($dff) from module data_memory (D = $0$memwr$\mem$src/data_memory.v:20$15_DATA[31:0]$18, Q = \mem[579]).
Adding EN signal on $memory\mem[580]$7521 ($dff) from module data_memory (D = $0$memwr$\mem$src/data_memory.v:20$15_DATA[31:0]$18, Q = \mem[580]).
Adding EN signal on $memory\mem[581]$7523 ($dff) from module data_memory (D = $0$memwr$\mem$src/data_memory.v:20$15_DATA[31:0]$18, Q = \mem[581]).
Adding EN signal on $memory\mem[582]$7525 ($dff) from module data_memory (D = $0$memwr$\mem$src/data_memory.v:20$15_DATA[31:0]$18, Q = \mem[582]).
Adding EN signal on $memory\mem[583]$7527 ($dff) from module data_memory (D = $0$memwr$\mem$src/data_memory.v:20$15_DATA[31:0]$18, Q = \mem[583]).
Adding EN signal on $memory\mem[584]$7529 ($dff) from module data_memory (D = $0$memwr$\mem$src/data_memory.v:20$15_DATA[31:0]$18, Q = \mem[584]).
Adding EN signal on $memory\mem[585]$7531 ($dff) from module data_memory (D = $0$memwr$\mem$src/data_memory.v:20$15_DATA[31:0]$18, Q = \mem[585]).
Adding EN signal on $memory\mem[586]$7533 ($dff) from module data_memory (D = $0$memwr$\mem$src/data_memory.v:20$15_DATA[31:0]$18, Q = \mem[586]).
Adding EN signal on $memory\mem[587]$7535 ($dff) from module data_memory (D = $0$memwr$\mem$src/data_memory.v:20$15_DATA[31:0]$18, Q = \mem[587]).
Adding EN signal on $memory\mem[588]$7537 ($dff) from module data_memory (D = $0$memwr$\mem$src/data_memory.v:20$15_DATA[31:0]$18, Q = \mem[588]).
Adding EN signal on $memory\mem[589]$7539 ($dff) from module data_memory (D = $0$memwr$\mem$src/data_memory.v:20$15_DATA[31:0]$18, Q = \mem[589]).
Adding EN signal on $memory\mem[590]$7541 ($dff) from module data_memory (D = $0$memwr$\mem$src/data_memory.v:20$15_DATA[31:0]$18, Q = \mem[590]).
Adding EN signal on $memory\mem[591]$7543 ($dff) from module data_memory (D = $0$memwr$\mem$src/data_memory.v:20$15_DATA[31:0]$18, Q = \mem[591]).
Adding EN signal on $memory\mem[592]$7545 ($dff) from module data_memory (D = $0$memwr$\mem$src/data_memory.v:20$15_DATA[31:0]$18, Q = \mem[592]).
Adding EN signal on $memory\mem[593]$7547 ($dff) from module data_memory (D = $0$memwr$\mem$src/data_memory.v:20$15_DATA[31:0]$18, Q = \mem[593]).
Adding EN signal on $memory\mem[594]$7549 ($dff) from module data_memory (D = $0$memwr$\mem$src/data_memory.v:20$15_DATA[31:0]$18, Q = \mem[594]).
Adding EN signal on $memory\mem[595]$7551 ($dff) from module data_memory (D = $0$memwr$\mem$src/data_memory.v:20$15_DATA[31:0]$18, Q = \mem[595]).
Adding EN signal on $memory\mem[596]$7553 ($dff) from module data_memory (D = $0$memwr$\mem$src/data_memory.v:20$15_DATA[31:0]$18, Q = \mem[596]).
Adding EN signal on $memory\mem[597]$7555 ($dff) from module data_memory (D = $0$memwr$\mem$src/data_memory.v:20$15_DATA[31:0]$18, Q = \mem[597]).
Adding EN signal on $memory\mem[598]$7557 ($dff) from module data_memory (D = $0$memwr$\mem$src/data_memory.v:20$15_DATA[31:0]$18, Q = \mem[598]).
Adding EN signal on $memory\mem[599]$7559 ($dff) from module data_memory (D = $0$memwr$\mem$src/data_memory.v:20$15_DATA[31:0]$18, Q = \mem[599]).
Adding EN signal on $memory\mem[600]$7561 ($dff) from module data_memory (D = $0$memwr$\mem$src/data_memory.v:20$15_DATA[31:0]$18, Q = \mem[600]).
Adding EN signal on $memory\mem[601]$7563 ($dff) from module data_memory (D = $0$memwr$\mem$src/data_memory.v:20$15_DATA[31:0]$18, Q = \mem[601]).
Adding EN signal on $memory\mem[602]$7565 ($dff) from module data_memory (D = $0$memwr$\mem$src/data_memory.v:20$15_DATA[31:0]$18, Q = \mem[602]).
Adding EN signal on $memory\mem[603]$7567 ($dff) from module data_memory (D = $0$memwr$\mem$src/data_memory.v:20$15_DATA[31:0]$18, Q = \mem[603]).
Adding EN signal on $memory\mem[604]$7569 ($dff) from module data_memory (D = $0$memwr$\mem$src/data_memory.v:20$15_DATA[31:0]$18, Q = \mem[604]).
Adding EN signal on $memory\mem[605]$7571 ($dff) from module data_memory (D = $0$memwr$\mem$src/data_memory.v:20$15_DATA[31:0]$18, Q = \mem[605]).
Adding EN signal on $memory\mem[606]$7573 ($dff) from module data_memory (D = $0$memwr$\mem$src/data_memory.v:20$15_DATA[31:0]$18, Q = \mem[606]).
Adding EN signal on $memory\mem[607]$7575 ($dff) from module data_memory (D = $0$memwr$\mem$src/data_memory.v:20$15_DATA[31:0]$18, Q = \mem[607]).
Adding EN signal on $memory\mem[608]$7577 ($dff) from module data_memory (D = $0$memwr$\mem$src/data_memory.v:20$15_DATA[31:0]$18, Q = \mem[608]).
Adding EN signal on $memory\mem[609]$7579 ($dff) from module data_memory (D = $0$memwr$\mem$src/data_memory.v:20$15_DATA[31:0]$18, Q = \mem[609]).
Adding EN signal on $memory\mem[610]$7581 ($dff) from module data_memory (D = $0$memwr$\mem$src/data_memory.v:20$15_DATA[31:0]$18, Q = \mem[610]).
Adding EN signal on $memory\mem[611]$7583 ($dff) from module data_memory (D = $0$memwr$\mem$src/data_memory.v:20$15_DATA[31:0]$18, Q = \mem[611]).
Adding EN signal on $memory\mem[612]$7585 ($dff) from module data_memory (D = $0$memwr$\mem$src/data_memory.v:20$15_DATA[31:0]$18, Q = \mem[612]).
Adding EN signal on $memory\mem[613]$7587 ($dff) from module data_memory (D = $0$memwr$\mem$src/data_memory.v:20$15_DATA[31:0]$18, Q = \mem[613]).
Adding EN signal on $memory\mem[614]$7589 ($dff) from module data_memory (D = $0$memwr$\mem$src/data_memory.v:20$15_DATA[31:0]$18, Q = \mem[614]).
Adding EN signal on $memory\mem[615]$7591 ($dff) from module data_memory (D = $0$memwr$\mem$src/data_memory.v:20$15_DATA[31:0]$18, Q = \mem[615]).
Adding EN signal on $memory\mem[616]$7593 ($dff) from module data_memory (D = $0$memwr$\mem$src/data_memory.v:20$15_DATA[31:0]$18, Q = \mem[616]).
Adding EN signal on $memory\mem[617]$7595 ($dff) from module data_memory (D = $0$memwr$\mem$src/data_memory.v:20$15_DATA[31:0]$18, Q = \mem[617]).
Adding EN signal on $memory\mem[618]$7597 ($dff) from module data_memory (D = $0$memwr$\mem$src/data_memory.v:20$15_DATA[31:0]$18, Q = \mem[618]).
Adding EN signal on $memory\mem[619]$7599 ($dff) from module data_memory (D = $0$memwr$\mem$src/data_memory.v:20$15_DATA[31:0]$18, Q = \mem[619]).
Adding EN signal on $memory\mem[620]$7601 ($dff) from module data_memory (D = $0$memwr$\mem$src/data_memory.v:20$15_DATA[31:0]$18, Q = \mem[620]).
Adding EN signal on $memory\mem[621]$7603 ($dff) from module data_memory (D = $0$memwr$\mem$src/data_memory.v:20$15_DATA[31:0]$18, Q = \mem[621]).
Adding EN signal on $memory\mem[622]$7605 ($dff) from module data_memory (D = $0$memwr$\mem$src/data_memory.v:20$15_DATA[31:0]$18, Q = \mem[622]).
Adding EN signal on $memory\mem[623]$7607 ($dff) from module data_memory (D = $0$memwr$\mem$src/data_memory.v:20$15_DATA[31:0]$18, Q = \mem[623]).
Adding EN signal on $memory\mem[624]$7609 ($dff) from module data_memory (D = $0$memwr$\mem$src/data_memory.v:20$15_DATA[31:0]$18, Q = \mem[624]).
Adding EN signal on $memory\mem[625]$7611 ($dff) from module data_memory (D = $0$memwr$\mem$src/data_memory.v:20$15_DATA[31:0]$18, Q = \mem[625]).
Adding EN signal on $memory\mem[626]$7613 ($dff) from module data_memory (D = $0$memwr$\mem$src/data_memory.v:20$15_DATA[31:0]$18, Q = \mem[626]).
Adding EN signal on $memory\mem[627]$7615 ($dff) from module data_memory (D = $0$memwr$\mem$src/data_memory.v:20$15_DATA[31:0]$18, Q = \mem[627]).
Adding EN signal on $memory\mem[628]$7617 ($dff) from module data_memory (D = $0$memwr$\mem$src/data_memory.v:20$15_DATA[31:0]$18, Q = \mem[628]).
Adding EN signal on $memory\mem[629]$7619 ($dff) from module data_memory (D = $0$memwr$\mem$src/data_memory.v:20$15_DATA[31:0]$18, Q = \mem[629]).
Adding EN signal on $memory\mem[630]$7621 ($dff) from module data_memory (D = $0$memwr$\mem$src/data_memory.v:20$15_DATA[31:0]$18, Q = \mem[630]).
Adding EN signal on $memory\mem[631]$7623 ($dff) from module data_memory (D = $0$memwr$\mem$src/data_memory.v:20$15_DATA[31:0]$18, Q = \mem[631]).
Adding EN signal on $memory\mem[632]$7625 ($dff) from module data_memory (D = $0$memwr$\mem$src/data_memory.v:20$15_DATA[31:0]$18, Q = \mem[632]).
Adding EN signal on $memory\mem[633]$7627 ($dff) from module data_memory (D = $0$memwr$\mem$src/data_memory.v:20$15_DATA[31:0]$18, Q = \mem[633]).
Adding EN signal on $memory\mem[634]$7629 ($dff) from module data_memory (D = $0$memwr$\mem$src/data_memory.v:20$15_DATA[31:0]$18, Q = \mem[634]).
Adding EN signal on $memory\mem[635]$7631 ($dff) from module data_memory (D = $0$memwr$\mem$src/data_memory.v:20$15_DATA[31:0]$18, Q = \mem[635]).
Adding EN signal on $memory\mem[636]$7633 ($dff) from module data_memory (D = $0$memwr$\mem$src/data_memory.v:20$15_DATA[31:0]$18, Q = \mem[636]).
Adding EN signal on $memory\mem[637]$7635 ($dff) from module data_memory (D = $0$memwr$\mem$src/data_memory.v:20$15_DATA[31:0]$18, Q = \mem[637]).
Adding EN signal on $memory\mem[638]$7637 ($dff) from module data_memory (D = $0$memwr$\mem$src/data_memory.v:20$15_DATA[31:0]$18, Q = \mem[638]).
Adding EN signal on $memory\mem[639]$7639 ($dff) from module data_memory (D = $0$memwr$\mem$src/data_memory.v:20$15_DATA[31:0]$18, Q = \mem[639]).
Adding EN signal on $memory\mem[640]$7641 ($dff) from module data_memory (D = $0$memwr$\mem$src/data_memory.v:20$15_DATA[31:0]$18, Q = \mem[640]).
Adding EN signal on $memory\mem[641]$7643 ($dff) from module data_memory (D = $0$memwr$\mem$src/data_memory.v:20$15_DATA[31:0]$18, Q = \mem[641]).
Adding EN signal on $memory\mem[642]$7645 ($dff) from module data_memory (D = $0$memwr$\mem$src/data_memory.v:20$15_DATA[31:0]$18, Q = \mem[642]).
Adding EN signal on $memory\mem[643]$7647 ($dff) from module data_memory (D = $0$memwr$\mem$src/data_memory.v:20$15_DATA[31:0]$18, Q = \mem[643]).
Adding EN signal on $memory\mem[644]$7649 ($dff) from module data_memory (D = $0$memwr$\mem$src/data_memory.v:20$15_DATA[31:0]$18, Q = \mem[644]).
Adding EN signal on $memory\mem[645]$7651 ($dff) from module data_memory (D = $0$memwr$\mem$src/data_memory.v:20$15_DATA[31:0]$18, Q = \mem[645]).
Adding EN signal on $memory\mem[646]$7653 ($dff) from module data_memory (D = $0$memwr$\mem$src/data_memory.v:20$15_DATA[31:0]$18, Q = \mem[646]).
Adding EN signal on $memory\mem[647]$7655 ($dff) from module data_memory (D = $0$memwr$\mem$src/data_memory.v:20$15_DATA[31:0]$18, Q = \mem[647]).
Adding EN signal on $memory\mem[648]$7657 ($dff) from module data_memory (D = $0$memwr$\mem$src/data_memory.v:20$15_DATA[31:0]$18, Q = \mem[648]).
Adding EN signal on $memory\mem[649]$7659 ($dff) from module data_memory (D = $0$memwr$\mem$src/data_memory.v:20$15_DATA[31:0]$18, Q = \mem[649]).
Adding EN signal on $memory\mem[650]$7661 ($dff) from module data_memory (D = $0$memwr$\mem$src/data_memory.v:20$15_DATA[31:0]$18, Q = \mem[650]).
Adding EN signal on $memory\mem[651]$7663 ($dff) from module data_memory (D = $0$memwr$\mem$src/data_memory.v:20$15_DATA[31:0]$18, Q = \mem[651]).
Adding EN signal on $memory\mem[652]$7665 ($dff) from module data_memory (D = $0$memwr$\mem$src/data_memory.v:20$15_DATA[31:0]$18, Q = \mem[652]).
Adding EN signal on $memory\mem[653]$7667 ($dff) from module data_memory (D = $0$memwr$\mem$src/data_memory.v:20$15_DATA[31:0]$18, Q = \mem[653]).
Adding EN signal on $memory\mem[654]$7669 ($dff) from module data_memory (D = $0$memwr$\mem$src/data_memory.v:20$15_DATA[31:0]$18, Q = \mem[654]).
Adding EN signal on $memory\mem[655]$7671 ($dff) from module data_memory (D = $0$memwr$\mem$src/data_memory.v:20$15_DATA[31:0]$18, Q = \mem[655]).
Adding EN signal on $memory\mem[656]$7673 ($dff) from module data_memory (D = $0$memwr$\mem$src/data_memory.v:20$15_DATA[31:0]$18, Q = \mem[656]).
Adding EN signal on $memory\mem[657]$7675 ($dff) from module data_memory (D = $0$memwr$\mem$src/data_memory.v:20$15_DATA[31:0]$18, Q = \mem[657]).
Adding EN signal on $memory\mem[658]$7677 ($dff) from module data_memory (D = $0$memwr$\mem$src/data_memory.v:20$15_DATA[31:0]$18, Q = \mem[658]).
Adding EN signal on $memory\mem[659]$7679 ($dff) from module data_memory (D = $0$memwr$\mem$src/data_memory.v:20$15_DATA[31:0]$18, Q = \mem[659]).
Adding EN signal on $memory\mem[660]$7681 ($dff) from module data_memory (D = $0$memwr$\mem$src/data_memory.v:20$15_DATA[31:0]$18, Q = \mem[660]).
Adding EN signal on $memory\mem[661]$7683 ($dff) from module data_memory (D = $0$memwr$\mem$src/data_memory.v:20$15_DATA[31:0]$18, Q = \mem[661]).
Adding EN signal on $memory\mem[662]$7685 ($dff) from module data_memory (D = $0$memwr$\mem$src/data_memory.v:20$15_DATA[31:0]$18, Q = \mem[662]).
Adding EN signal on $memory\mem[663]$7687 ($dff) from module data_memory (D = $0$memwr$\mem$src/data_memory.v:20$15_DATA[31:0]$18, Q = \mem[663]).
Adding EN signal on $memory\mem[664]$7689 ($dff) from module data_memory (D = $0$memwr$\mem$src/data_memory.v:20$15_DATA[31:0]$18, Q = \mem[664]).
Adding EN signal on $memory\mem[665]$7691 ($dff) from module data_memory (D = $0$memwr$\mem$src/data_memory.v:20$15_DATA[31:0]$18, Q = \mem[665]).
Adding EN signal on $memory\mem[666]$7693 ($dff) from module data_memory (D = $0$memwr$\mem$src/data_memory.v:20$15_DATA[31:0]$18, Q = \mem[666]).
Adding EN signal on $memory\mem[667]$7695 ($dff) from module data_memory (D = $0$memwr$\mem$src/data_memory.v:20$15_DATA[31:0]$18, Q = \mem[667]).
Adding EN signal on $memory\mem[668]$7697 ($dff) from module data_memory (D = $0$memwr$\mem$src/data_memory.v:20$15_DATA[31:0]$18, Q = \mem[668]).
Adding EN signal on $memory\mem[669]$7699 ($dff) from module data_memory (D = $0$memwr$\mem$src/data_memory.v:20$15_DATA[31:0]$18, Q = \mem[669]).
Adding EN signal on $memory\mem[670]$7701 ($dff) from module data_memory (D = $0$memwr$\mem$src/data_memory.v:20$15_DATA[31:0]$18, Q = \mem[670]).
Adding EN signal on $memory\mem[671]$7703 ($dff) from module data_memory (D = $0$memwr$\mem$src/data_memory.v:20$15_DATA[31:0]$18, Q = \mem[671]).
Adding EN signal on $memory\mem[672]$7705 ($dff) from module data_memory (D = $0$memwr$\mem$src/data_memory.v:20$15_DATA[31:0]$18, Q = \mem[672]).
Adding EN signal on $memory\mem[673]$7707 ($dff) from module data_memory (D = $0$memwr$\mem$src/data_memory.v:20$15_DATA[31:0]$18, Q = \mem[673]).
Adding EN signal on $memory\mem[674]$7709 ($dff) from module data_memory (D = $0$memwr$\mem$src/data_memory.v:20$15_DATA[31:0]$18, Q = \mem[674]).
Adding EN signal on $memory\mem[675]$7711 ($dff) from module data_memory (D = $0$memwr$\mem$src/data_memory.v:20$15_DATA[31:0]$18, Q = \mem[675]).
Adding EN signal on $memory\mem[676]$7713 ($dff) from module data_memory (D = $0$memwr$\mem$src/data_memory.v:20$15_DATA[31:0]$18, Q = \mem[676]).
Adding EN signal on $memory\mem[677]$7715 ($dff) from module data_memory (D = $0$memwr$\mem$src/data_memory.v:20$15_DATA[31:0]$18, Q = \mem[677]).
Adding EN signal on $memory\mem[678]$7717 ($dff) from module data_memory (D = $0$memwr$\mem$src/data_memory.v:20$15_DATA[31:0]$18, Q = \mem[678]).
Adding EN signal on $memory\mem[679]$7719 ($dff) from module data_memory (D = $0$memwr$\mem$src/data_memory.v:20$15_DATA[31:0]$18, Q = \mem[679]).
Adding EN signal on $memory\mem[680]$7721 ($dff) from module data_memory (D = $0$memwr$\mem$src/data_memory.v:20$15_DATA[31:0]$18, Q = \mem[680]).
Adding EN signal on $memory\mem[681]$7723 ($dff) from module data_memory (D = $0$memwr$\mem$src/data_memory.v:20$15_DATA[31:0]$18, Q = \mem[681]).
Adding EN signal on $memory\mem[682]$7725 ($dff) from module data_memory (D = $0$memwr$\mem$src/data_memory.v:20$15_DATA[31:0]$18, Q = \mem[682]).
Adding EN signal on $memory\mem[683]$7727 ($dff) from module data_memory (D = $0$memwr$\mem$src/data_memory.v:20$15_DATA[31:0]$18, Q = \mem[683]).
Adding EN signal on $memory\mem[684]$7729 ($dff) from module data_memory (D = $0$memwr$\mem$src/data_memory.v:20$15_DATA[31:0]$18, Q = \mem[684]).
Adding EN signal on $memory\mem[685]$7731 ($dff) from module data_memory (D = $0$memwr$\mem$src/data_memory.v:20$15_DATA[31:0]$18, Q = \mem[685]).
Adding EN signal on $memory\mem[686]$7733 ($dff) from module data_memory (D = $0$memwr$\mem$src/data_memory.v:20$15_DATA[31:0]$18, Q = \mem[686]).
Adding EN signal on $memory\mem[687]$7735 ($dff) from module data_memory (D = $0$memwr$\mem$src/data_memory.v:20$15_DATA[31:0]$18, Q = \mem[687]).
Adding EN signal on $memory\mem[688]$7737 ($dff) from module data_memory (D = $0$memwr$\mem$src/data_memory.v:20$15_DATA[31:0]$18, Q = \mem[688]).
Adding EN signal on $memory\mem[689]$7739 ($dff) from module data_memory (D = $0$memwr$\mem$src/data_memory.v:20$15_DATA[31:0]$18, Q = \mem[689]).
Adding EN signal on $memory\mem[690]$7741 ($dff) from module data_memory (D = $0$memwr$\mem$src/data_memory.v:20$15_DATA[31:0]$18, Q = \mem[690]).
Adding EN signal on $memory\mem[691]$7743 ($dff) from module data_memory (D = $0$memwr$\mem$src/data_memory.v:20$15_DATA[31:0]$18, Q = \mem[691]).
Adding EN signal on $memory\mem[692]$7745 ($dff) from module data_memory (D = $0$memwr$\mem$src/data_memory.v:20$15_DATA[31:0]$18, Q = \mem[692]).
Adding EN signal on $memory\mem[693]$7747 ($dff) from module data_memory (D = $0$memwr$\mem$src/data_memory.v:20$15_DATA[31:0]$18, Q = \mem[693]).
Adding EN signal on $memory\mem[694]$7749 ($dff) from module data_memory (D = $0$memwr$\mem$src/data_memory.v:20$15_DATA[31:0]$18, Q = \mem[694]).
Adding EN signal on $memory\mem[695]$7751 ($dff) from module data_memory (D = $0$memwr$\mem$src/data_memory.v:20$15_DATA[31:0]$18, Q = \mem[695]).
Adding EN signal on $memory\mem[696]$7753 ($dff) from module data_memory (D = $0$memwr$\mem$src/data_memory.v:20$15_DATA[31:0]$18, Q = \mem[696]).
Adding EN signal on $memory\mem[697]$7755 ($dff) from module data_memory (D = $0$memwr$\mem$src/data_memory.v:20$15_DATA[31:0]$18, Q = \mem[697]).
Adding EN signal on $memory\mem[698]$7757 ($dff) from module data_memory (D = $0$memwr$\mem$src/data_memory.v:20$15_DATA[31:0]$18, Q = \mem[698]).
Adding EN signal on $memory\mem[699]$7759 ($dff) from module data_memory (D = $0$memwr$\mem$src/data_memory.v:20$15_DATA[31:0]$18, Q = \mem[699]).
Adding EN signal on $memory\mem[700]$7761 ($dff) from module data_memory (D = $0$memwr$\mem$src/data_memory.v:20$15_DATA[31:0]$18, Q = \mem[700]).
Adding EN signal on $memory\mem[701]$7763 ($dff) from module data_memory (D = $0$memwr$\mem$src/data_memory.v:20$15_DATA[31:0]$18, Q = \mem[701]).
Adding EN signal on $memory\mem[702]$7765 ($dff) from module data_memory (D = $0$memwr$\mem$src/data_memory.v:20$15_DATA[31:0]$18, Q = \mem[702]).
Adding EN signal on $memory\mem[703]$7767 ($dff) from module data_memory (D = $0$memwr$\mem$src/data_memory.v:20$15_DATA[31:0]$18, Q = \mem[703]).
Adding EN signal on $memory\mem[704]$7769 ($dff) from module data_memory (D = $0$memwr$\mem$src/data_memory.v:20$15_DATA[31:0]$18, Q = \mem[704]).
Adding EN signal on $memory\mem[705]$7771 ($dff) from module data_memory (D = $0$memwr$\mem$src/data_memory.v:20$15_DATA[31:0]$18, Q = \mem[705]).
Adding EN signal on $memory\mem[706]$7773 ($dff) from module data_memory (D = $0$memwr$\mem$src/data_memory.v:20$15_DATA[31:0]$18, Q = \mem[706]).
Adding EN signal on $memory\mem[707]$7775 ($dff) from module data_memory (D = $0$memwr$\mem$src/data_memory.v:20$15_DATA[31:0]$18, Q = \mem[707]).
Adding EN signal on $memory\mem[708]$7777 ($dff) from module data_memory (D = $0$memwr$\mem$src/data_memory.v:20$15_DATA[31:0]$18, Q = \mem[708]).
Adding EN signal on $memory\mem[709]$7779 ($dff) from module data_memory (D = $0$memwr$\mem$src/data_memory.v:20$15_DATA[31:0]$18, Q = \mem[709]).
Adding EN signal on $memory\mem[710]$7781 ($dff) from module data_memory (D = $0$memwr$\mem$src/data_memory.v:20$15_DATA[31:0]$18, Q = \mem[710]).
Adding EN signal on $memory\mem[711]$7783 ($dff) from module data_memory (D = $0$memwr$\mem$src/data_memory.v:20$15_DATA[31:0]$18, Q = \mem[711]).
Adding EN signal on $memory\mem[712]$7785 ($dff) from module data_memory (D = $0$memwr$\mem$src/data_memory.v:20$15_DATA[31:0]$18, Q = \mem[712]).
Adding EN signal on $memory\mem[713]$7787 ($dff) from module data_memory (D = $0$memwr$\mem$src/data_memory.v:20$15_DATA[31:0]$18, Q = \mem[713]).
Adding EN signal on $memory\mem[714]$7789 ($dff) from module data_memory (D = $0$memwr$\mem$src/data_memory.v:20$15_DATA[31:0]$18, Q = \mem[714]).
Adding EN signal on $memory\mem[715]$7791 ($dff) from module data_memory (D = $0$memwr$\mem$src/data_memory.v:20$15_DATA[31:0]$18, Q = \mem[715]).
Adding EN signal on $memory\mem[716]$7793 ($dff) from module data_memory (D = $0$memwr$\mem$src/data_memory.v:20$15_DATA[31:0]$18, Q = \mem[716]).
Adding EN signal on $memory\mem[717]$7795 ($dff) from module data_memory (D = $0$memwr$\mem$src/data_memory.v:20$15_DATA[31:0]$18, Q = \mem[717]).
Adding EN signal on $memory\mem[718]$7797 ($dff) from module data_memory (D = $0$memwr$\mem$src/data_memory.v:20$15_DATA[31:0]$18, Q = \mem[718]).
Adding EN signal on $memory\mem[719]$7799 ($dff) from module data_memory (D = $0$memwr$\mem$src/data_memory.v:20$15_DATA[31:0]$18, Q = \mem[719]).
Adding EN signal on $memory\mem[720]$7801 ($dff) from module data_memory (D = $0$memwr$\mem$src/data_memory.v:20$15_DATA[31:0]$18, Q = \mem[720]).
Adding EN signal on $memory\mem[721]$7803 ($dff) from module data_memory (D = $0$memwr$\mem$src/data_memory.v:20$15_DATA[31:0]$18, Q = \mem[721]).
Adding EN signal on $memory\mem[722]$7805 ($dff) from module data_memory (D = $0$memwr$\mem$src/data_memory.v:20$15_DATA[31:0]$18, Q = \mem[722]).
Adding EN signal on $memory\mem[723]$7807 ($dff) from module data_memory (D = $0$memwr$\mem$src/data_memory.v:20$15_DATA[31:0]$18, Q = \mem[723]).
Adding EN signal on $memory\mem[724]$7809 ($dff) from module data_memory (D = $0$memwr$\mem$src/data_memory.v:20$15_DATA[31:0]$18, Q = \mem[724]).
Adding EN signal on $memory\mem[725]$7811 ($dff) from module data_memory (D = $0$memwr$\mem$src/data_memory.v:20$15_DATA[31:0]$18, Q = \mem[725]).
Adding EN signal on $memory\mem[726]$7813 ($dff) from module data_memory (D = $0$memwr$\mem$src/data_memory.v:20$15_DATA[31:0]$18, Q = \mem[726]).
Adding EN signal on $memory\mem[727]$7815 ($dff) from module data_memory (D = $0$memwr$\mem$src/data_memory.v:20$15_DATA[31:0]$18, Q = \mem[727]).
Adding EN signal on $memory\mem[728]$7817 ($dff) from module data_memory (D = $0$memwr$\mem$src/data_memory.v:20$15_DATA[31:0]$18, Q = \mem[728]).
Adding EN signal on $memory\mem[729]$7819 ($dff) from module data_memory (D = $0$memwr$\mem$src/data_memory.v:20$15_DATA[31:0]$18, Q = \mem[729]).
Adding EN signal on $memory\mem[730]$7821 ($dff) from module data_memory (D = $0$memwr$\mem$src/data_memory.v:20$15_DATA[31:0]$18, Q = \mem[730]).
Adding EN signal on $memory\mem[731]$7823 ($dff) from module data_memory (D = $0$memwr$\mem$src/data_memory.v:20$15_DATA[31:0]$18, Q = \mem[731]).
Adding EN signal on $memory\mem[732]$7825 ($dff) from module data_memory (D = $0$memwr$\mem$src/data_memory.v:20$15_DATA[31:0]$18, Q = \mem[732]).
Adding EN signal on $memory\mem[733]$7827 ($dff) from module data_memory (D = $0$memwr$\mem$src/data_memory.v:20$15_DATA[31:0]$18, Q = \mem[733]).
Adding EN signal on $memory\mem[734]$7829 ($dff) from module data_memory (D = $0$memwr$\mem$src/data_memory.v:20$15_DATA[31:0]$18, Q = \mem[734]).
Adding EN signal on $memory\mem[735]$7831 ($dff) from module data_memory (D = $0$memwr$\mem$src/data_memory.v:20$15_DATA[31:0]$18, Q = \mem[735]).
Adding EN signal on $memory\mem[736]$7833 ($dff) from module data_memory (D = $0$memwr$\mem$src/data_memory.v:20$15_DATA[31:0]$18, Q = \mem[736]).
Adding EN signal on $memory\mem[737]$7835 ($dff) from module data_memory (D = $0$memwr$\mem$src/data_memory.v:20$15_DATA[31:0]$18, Q = \mem[737]).
Adding EN signal on $memory\mem[738]$7837 ($dff) from module data_memory (D = $0$memwr$\mem$src/data_memory.v:20$15_DATA[31:0]$18, Q = \mem[738]).
Adding EN signal on $memory\mem[739]$7839 ($dff) from module data_memory (D = $0$memwr$\mem$src/data_memory.v:20$15_DATA[31:0]$18, Q = \mem[739]).
Adding EN signal on $memory\mem[740]$7841 ($dff) from module data_memory (D = $0$memwr$\mem$src/data_memory.v:20$15_DATA[31:0]$18, Q = \mem[740]).
Adding EN signal on $memory\mem[741]$7843 ($dff) from module data_memory (D = $0$memwr$\mem$src/data_memory.v:20$15_DATA[31:0]$18, Q = \mem[741]).
Adding EN signal on $memory\mem[742]$7845 ($dff) from module data_memory (D = $0$memwr$\mem$src/data_memory.v:20$15_DATA[31:0]$18, Q = \mem[742]).
Adding EN signal on $memory\mem[743]$7847 ($dff) from module data_memory (D = $0$memwr$\mem$src/data_memory.v:20$15_DATA[31:0]$18, Q = \mem[743]).
Adding EN signal on $memory\mem[744]$7849 ($dff) from module data_memory (D = $0$memwr$\mem$src/data_memory.v:20$15_DATA[31:0]$18, Q = \mem[744]).
Adding EN signal on $memory\mem[745]$7851 ($dff) from module data_memory (D = $0$memwr$\mem$src/data_memory.v:20$15_DATA[31:0]$18, Q = \mem[745]).
Adding EN signal on $memory\mem[746]$7853 ($dff) from module data_memory (D = $0$memwr$\mem$src/data_memory.v:20$15_DATA[31:0]$18, Q = \mem[746]).
Adding EN signal on $memory\mem[747]$7855 ($dff) from module data_memory (D = $0$memwr$\mem$src/data_memory.v:20$15_DATA[31:0]$18, Q = \mem[747]).
Adding EN signal on $memory\mem[748]$7857 ($dff) from module data_memory (D = $0$memwr$\mem$src/data_memory.v:20$15_DATA[31:0]$18, Q = \mem[748]).
Adding EN signal on $memory\mem[749]$7859 ($dff) from module data_memory (D = $0$memwr$\mem$src/data_memory.v:20$15_DATA[31:0]$18, Q = \mem[749]).
Adding EN signal on $memory\mem[750]$7861 ($dff) from module data_memory (D = $0$memwr$\mem$src/data_memory.v:20$15_DATA[31:0]$18, Q = \mem[750]).
Adding EN signal on $memory\mem[751]$7863 ($dff) from module data_memory (D = $0$memwr$\mem$src/data_memory.v:20$15_DATA[31:0]$18, Q = \mem[751]).
Adding EN signal on $memory\mem[752]$7865 ($dff) from module data_memory (D = $0$memwr$\mem$src/data_memory.v:20$15_DATA[31:0]$18, Q = \mem[752]).
Adding EN signal on $memory\mem[753]$7867 ($dff) from module data_memory (D = $0$memwr$\mem$src/data_memory.v:20$15_DATA[31:0]$18, Q = \mem[753]).
Adding EN signal on $memory\mem[754]$7869 ($dff) from module data_memory (D = $0$memwr$\mem$src/data_memory.v:20$15_DATA[31:0]$18, Q = \mem[754]).
Adding EN signal on $memory\mem[755]$7871 ($dff) from module data_memory (D = $0$memwr$\mem$src/data_memory.v:20$15_DATA[31:0]$18, Q = \mem[755]).
Adding EN signal on $memory\mem[756]$7873 ($dff) from module data_memory (D = $0$memwr$\mem$src/data_memory.v:20$15_DATA[31:0]$18, Q = \mem[756]).
Adding EN signal on $memory\mem[757]$7875 ($dff) from module data_memory (D = $0$memwr$\mem$src/data_memory.v:20$15_DATA[31:0]$18, Q = \mem[757]).
Adding EN signal on $memory\mem[758]$7877 ($dff) from module data_memory (D = $0$memwr$\mem$src/data_memory.v:20$15_DATA[31:0]$18, Q = \mem[758]).
Adding EN signal on $memory\mem[759]$7879 ($dff) from module data_memory (D = $0$memwr$\mem$src/data_memory.v:20$15_DATA[31:0]$18, Q = \mem[759]).
Adding EN signal on $memory\mem[760]$7881 ($dff) from module data_memory (D = $0$memwr$\mem$src/data_memory.v:20$15_DATA[31:0]$18, Q = \mem[760]).
Adding EN signal on $memory\mem[761]$7883 ($dff) from module data_memory (D = $0$memwr$\mem$src/data_memory.v:20$15_DATA[31:0]$18, Q = \mem[761]).
Adding EN signal on $memory\mem[762]$7885 ($dff) from module data_memory (D = $0$memwr$\mem$src/data_memory.v:20$15_DATA[31:0]$18, Q = \mem[762]).
Adding EN signal on $memory\mem[763]$7887 ($dff) from module data_memory (D = $0$memwr$\mem$src/data_memory.v:20$15_DATA[31:0]$18, Q = \mem[763]).
Adding EN signal on $memory\mem[764]$7889 ($dff) from module data_memory (D = $0$memwr$\mem$src/data_memory.v:20$15_DATA[31:0]$18, Q = \mem[764]).
Adding EN signal on $memory\mem[765]$7891 ($dff) from module data_memory (D = $0$memwr$\mem$src/data_memory.v:20$15_DATA[31:0]$18, Q = \mem[765]).
Adding EN signal on $memory\mem[766]$7893 ($dff) from module data_memory (D = $0$memwr$\mem$src/data_memory.v:20$15_DATA[31:0]$18, Q = \mem[766]).
Adding EN signal on $memory\mem[767]$7895 ($dff) from module data_memory (D = $0$memwr$\mem$src/data_memory.v:20$15_DATA[31:0]$18, Q = \mem[767]).
Adding EN signal on $memory\mem[768]$7897 ($dff) from module data_memory (D = $0$memwr$\mem$src/data_memory.v:20$15_DATA[31:0]$18, Q = \mem[768]).
Adding EN signal on $memory\mem[769]$7899 ($dff) from module data_memory (D = $0$memwr$\mem$src/data_memory.v:20$15_DATA[31:0]$18, Q = \mem[769]).
Adding EN signal on $memory\mem[770]$7901 ($dff) from module data_memory (D = $0$memwr$\mem$src/data_memory.v:20$15_DATA[31:0]$18, Q = \mem[770]).
Adding EN signal on $memory\mem[771]$7903 ($dff) from module data_memory (D = $0$memwr$\mem$src/data_memory.v:20$15_DATA[31:0]$18, Q = \mem[771]).
Adding EN signal on $memory\mem[772]$7905 ($dff) from module data_memory (D = $0$memwr$\mem$src/data_memory.v:20$15_DATA[31:0]$18, Q = \mem[772]).
Adding EN signal on $memory\mem[773]$7907 ($dff) from module data_memory (D = $0$memwr$\mem$src/data_memory.v:20$15_DATA[31:0]$18, Q = \mem[773]).
Adding EN signal on $memory\mem[774]$7909 ($dff) from module data_memory (D = $0$memwr$\mem$src/data_memory.v:20$15_DATA[31:0]$18, Q = \mem[774]).
Adding EN signal on $memory\mem[775]$7911 ($dff) from module data_memory (D = $0$memwr$\mem$src/data_memory.v:20$15_DATA[31:0]$18, Q = \mem[775]).
Adding EN signal on $memory\mem[776]$7913 ($dff) from module data_memory (D = $0$memwr$\mem$src/data_memory.v:20$15_DATA[31:0]$18, Q = \mem[776]).
Adding EN signal on $memory\mem[777]$7915 ($dff) from module data_memory (D = $0$memwr$\mem$src/data_memory.v:20$15_DATA[31:0]$18, Q = \mem[777]).
Adding EN signal on $memory\mem[778]$7917 ($dff) from module data_memory (D = $0$memwr$\mem$src/data_memory.v:20$15_DATA[31:0]$18, Q = \mem[778]).
Adding EN signal on $memory\mem[779]$7919 ($dff) from module data_memory (D = $0$memwr$\mem$src/data_memory.v:20$15_DATA[31:0]$18, Q = \mem[779]).
Adding EN signal on $memory\mem[780]$7921 ($dff) from module data_memory (D = $0$memwr$\mem$src/data_memory.v:20$15_DATA[31:0]$18, Q = \mem[780]).
Adding EN signal on $memory\mem[781]$7923 ($dff) from module data_memory (D = $0$memwr$\mem$src/data_memory.v:20$15_DATA[31:0]$18, Q = \mem[781]).
Adding EN signal on $memory\mem[782]$7925 ($dff) from module data_memory (D = $0$memwr$\mem$src/data_memory.v:20$15_DATA[31:0]$18, Q = \mem[782]).
Adding EN signal on $memory\mem[783]$7927 ($dff) from module data_memory (D = $0$memwr$\mem$src/data_memory.v:20$15_DATA[31:0]$18, Q = \mem[783]).
Adding EN signal on $memory\mem[784]$7929 ($dff) from module data_memory (D = $0$memwr$\mem$src/data_memory.v:20$15_DATA[31:0]$18, Q = \mem[784]).
Adding EN signal on $memory\mem[785]$7931 ($dff) from module data_memory (D = $0$memwr$\mem$src/data_memory.v:20$15_DATA[31:0]$18, Q = \mem[785]).
Adding EN signal on $memory\mem[786]$7933 ($dff) from module data_memory (D = $0$memwr$\mem$src/data_memory.v:20$15_DATA[31:0]$18, Q = \mem[786]).
Adding EN signal on $memory\mem[787]$7935 ($dff) from module data_memory (D = $0$memwr$\mem$src/data_memory.v:20$15_DATA[31:0]$18, Q = \mem[787]).
Adding EN signal on $memory\mem[788]$7937 ($dff) from module data_memory (D = $0$memwr$\mem$src/data_memory.v:20$15_DATA[31:0]$18, Q = \mem[788]).
Adding EN signal on $memory\mem[789]$7939 ($dff) from module data_memory (D = $0$memwr$\mem$src/data_memory.v:20$15_DATA[31:0]$18, Q = \mem[789]).
Adding EN signal on $memory\mem[790]$7941 ($dff) from module data_memory (D = $0$memwr$\mem$src/data_memory.v:20$15_DATA[31:0]$18, Q = \mem[790]).
Adding EN signal on $memory\mem[791]$7943 ($dff) from module data_memory (D = $0$memwr$\mem$src/data_memory.v:20$15_DATA[31:0]$18, Q = \mem[791]).
Adding EN signal on $memory\mem[792]$7945 ($dff) from module data_memory (D = $0$memwr$\mem$src/data_memory.v:20$15_DATA[31:0]$18, Q = \mem[792]).
Adding EN signal on $memory\mem[793]$7947 ($dff) from module data_memory (D = $0$memwr$\mem$src/data_memory.v:20$15_DATA[31:0]$18, Q = \mem[793]).
Adding EN signal on $memory\mem[794]$7949 ($dff) from module data_memory (D = $0$memwr$\mem$src/data_memory.v:20$15_DATA[31:0]$18, Q = \mem[794]).
Adding EN signal on $memory\mem[795]$7951 ($dff) from module data_memory (D = $0$memwr$\mem$src/data_memory.v:20$15_DATA[31:0]$18, Q = \mem[795]).
Adding EN signal on $memory\mem[796]$7953 ($dff) from module data_memory (D = $0$memwr$\mem$src/data_memory.v:20$15_DATA[31:0]$18, Q = \mem[796]).
Adding EN signal on $memory\mem[797]$7955 ($dff) from module data_memory (D = $0$memwr$\mem$src/data_memory.v:20$15_DATA[31:0]$18, Q = \mem[797]).
Adding EN signal on $memory\mem[798]$7957 ($dff) from module data_memory (D = $0$memwr$\mem$src/data_memory.v:20$15_DATA[31:0]$18, Q = \mem[798]).
Adding EN signal on $memory\mem[799]$7959 ($dff) from module data_memory (D = $0$memwr$\mem$src/data_memory.v:20$15_DATA[31:0]$18, Q = \mem[799]).
Adding EN signal on $memory\mem[800]$7961 ($dff) from module data_memory (D = $0$memwr$\mem$src/data_memory.v:20$15_DATA[31:0]$18, Q = \mem[800]).
Adding EN signal on $memory\mem[801]$7963 ($dff) from module data_memory (D = $0$memwr$\mem$src/data_memory.v:20$15_DATA[31:0]$18, Q = \mem[801]).
Adding EN signal on $memory\mem[802]$7965 ($dff) from module data_memory (D = $0$memwr$\mem$src/data_memory.v:20$15_DATA[31:0]$18, Q = \mem[802]).
Adding EN signal on $memory\mem[803]$7967 ($dff) from module data_memory (D = $0$memwr$\mem$src/data_memory.v:20$15_DATA[31:0]$18, Q = \mem[803]).
Adding EN signal on $memory\mem[804]$7969 ($dff) from module data_memory (D = $0$memwr$\mem$src/data_memory.v:20$15_DATA[31:0]$18, Q = \mem[804]).
Adding EN signal on $memory\mem[805]$7971 ($dff) from module data_memory (D = $0$memwr$\mem$src/data_memory.v:20$15_DATA[31:0]$18, Q = \mem[805]).
Adding EN signal on $memory\mem[806]$7973 ($dff) from module data_memory (D = $0$memwr$\mem$src/data_memory.v:20$15_DATA[31:0]$18, Q = \mem[806]).
Adding EN signal on $memory\mem[807]$7975 ($dff) from module data_memory (D = $0$memwr$\mem$src/data_memory.v:20$15_DATA[31:0]$18, Q = \mem[807]).
Adding EN signal on $memory\mem[808]$7977 ($dff) from module data_memory (D = $0$memwr$\mem$src/data_memory.v:20$15_DATA[31:0]$18, Q = \mem[808]).
Adding EN signal on $memory\mem[809]$7979 ($dff) from module data_memory (D = $0$memwr$\mem$src/data_memory.v:20$15_DATA[31:0]$18, Q = \mem[809]).
Adding EN signal on $memory\mem[810]$7981 ($dff) from module data_memory (D = $0$memwr$\mem$src/data_memory.v:20$15_DATA[31:0]$18, Q = \mem[810]).
Adding EN signal on $memory\mem[811]$7983 ($dff) from module data_memory (D = $0$memwr$\mem$src/data_memory.v:20$15_DATA[31:0]$18, Q = \mem[811]).
Adding EN signal on $memory\mem[812]$7985 ($dff) from module data_memory (D = $0$memwr$\mem$src/data_memory.v:20$15_DATA[31:0]$18, Q = \mem[812]).
Adding EN signal on $memory\mem[813]$7987 ($dff) from module data_memory (D = $0$memwr$\mem$src/data_memory.v:20$15_DATA[31:0]$18, Q = \mem[813]).
Adding EN signal on $memory\mem[814]$7989 ($dff) from module data_memory (D = $0$memwr$\mem$src/data_memory.v:20$15_DATA[31:0]$18, Q = \mem[814]).
Adding EN signal on $memory\mem[815]$7991 ($dff) from module data_memory (D = $0$memwr$\mem$src/data_memory.v:20$15_DATA[31:0]$18, Q = \mem[815]).
Adding EN signal on $memory\mem[816]$7993 ($dff) from module data_memory (D = $0$memwr$\mem$src/data_memory.v:20$15_DATA[31:0]$18, Q = \mem[816]).
Adding EN signal on $memory\mem[817]$7995 ($dff) from module data_memory (D = $0$memwr$\mem$src/data_memory.v:20$15_DATA[31:0]$18, Q = \mem[817]).
Adding EN signal on $memory\mem[818]$7997 ($dff) from module data_memory (D = $0$memwr$\mem$src/data_memory.v:20$15_DATA[31:0]$18, Q = \mem[818]).
Adding EN signal on $memory\mem[819]$7999 ($dff) from module data_memory (D = $0$memwr$\mem$src/data_memory.v:20$15_DATA[31:0]$18, Q = \mem[819]).
Adding EN signal on $memory\mem[820]$8001 ($dff) from module data_memory (D = $0$memwr$\mem$src/data_memory.v:20$15_DATA[31:0]$18, Q = \mem[820]).
Adding EN signal on $memory\mem[821]$8003 ($dff) from module data_memory (D = $0$memwr$\mem$src/data_memory.v:20$15_DATA[31:0]$18, Q = \mem[821]).
Adding EN signal on $memory\mem[822]$8005 ($dff) from module data_memory (D = $0$memwr$\mem$src/data_memory.v:20$15_DATA[31:0]$18, Q = \mem[822]).
Adding EN signal on $memory\mem[823]$8007 ($dff) from module data_memory (D = $0$memwr$\mem$src/data_memory.v:20$15_DATA[31:0]$18, Q = \mem[823]).
Adding EN signal on $memory\mem[824]$8009 ($dff) from module data_memory (D = $0$memwr$\mem$src/data_memory.v:20$15_DATA[31:0]$18, Q = \mem[824]).
Adding EN signal on $memory\mem[825]$8011 ($dff) from module data_memory (D = $0$memwr$\mem$src/data_memory.v:20$15_DATA[31:0]$18, Q = \mem[825]).
Adding EN signal on $memory\mem[826]$8013 ($dff) from module data_memory (D = $0$memwr$\mem$src/data_memory.v:20$15_DATA[31:0]$18, Q = \mem[826]).
Adding EN signal on $memory\mem[827]$8015 ($dff) from module data_memory (D = $0$memwr$\mem$src/data_memory.v:20$15_DATA[31:0]$18, Q = \mem[827]).
Adding EN signal on $memory\mem[828]$8017 ($dff) from module data_memory (D = $0$memwr$\mem$src/data_memory.v:20$15_DATA[31:0]$18, Q = \mem[828]).
Adding EN signal on $memory\mem[829]$8019 ($dff) from module data_memory (D = $0$memwr$\mem$src/data_memory.v:20$15_DATA[31:0]$18, Q = \mem[829]).
Adding EN signal on $memory\mem[830]$8021 ($dff) from module data_memory (D = $0$memwr$\mem$src/data_memory.v:20$15_DATA[31:0]$18, Q = \mem[830]).
Adding EN signal on $memory\mem[831]$8023 ($dff) from module data_memory (D = $0$memwr$\mem$src/data_memory.v:20$15_DATA[31:0]$18, Q = \mem[831]).
Adding EN signal on $memory\mem[832]$8025 ($dff) from module data_memory (D = $0$memwr$\mem$src/data_memory.v:20$15_DATA[31:0]$18, Q = \mem[832]).
Adding EN signal on $memory\mem[833]$8027 ($dff) from module data_memory (D = $0$memwr$\mem$src/data_memory.v:20$15_DATA[31:0]$18, Q = \mem[833]).
Adding EN signal on $memory\mem[834]$8029 ($dff) from module data_memory (D = $0$memwr$\mem$src/data_memory.v:20$15_DATA[31:0]$18, Q = \mem[834]).
Adding EN signal on $memory\mem[835]$8031 ($dff) from module data_memory (D = $0$memwr$\mem$src/data_memory.v:20$15_DATA[31:0]$18, Q = \mem[835]).
Adding EN signal on $memory\mem[836]$8033 ($dff) from module data_memory (D = $0$memwr$\mem$src/data_memory.v:20$15_DATA[31:0]$18, Q = \mem[836]).
Adding EN signal on $memory\mem[837]$8035 ($dff) from module data_memory (D = $0$memwr$\mem$src/data_memory.v:20$15_DATA[31:0]$18, Q = \mem[837]).
Adding EN signal on $memory\mem[838]$8037 ($dff) from module data_memory (D = $0$memwr$\mem$src/data_memory.v:20$15_DATA[31:0]$18, Q = \mem[838]).
Adding EN signal on $memory\mem[839]$8039 ($dff) from module data_memory (D = $0$memwr$\mem$src/data_memory.v:20$15_DATA[31:0]$18, Q = \mem[839]).
Adding EN signal on $memory\mem[840]$8041 ($dff) from module data_memory (D = $0$memwr$\mem$src/data_memory.v:20$15_DATA[31:0]$18, Q = \mem[840]).
Adding EN signal on $memory\mem[841]$8043 ($dff) from module data_memory (D = $0$memwr$\mem$src/data_memory.v:20$15_DATA[31:0]$18, Q = \mem[841]).
Adding EN signal on $memory\mem[842]$8045 ($dff) from module data_memory (D = $0$memwr$\mem$src/data_memory.v:20$15_DATA[31:0]$18, Q = \mem[842]).
Adding EN signal on $memory\mem[843]$8047 ($dff) from module data_memory (D = $0$memwr$\mem$src/data_memory.v:20$15_DATA[31:0]$18, Q = \mem[843]).
Adding EN signal on $memory\mem[844]$8049 ($dff) from module data_memory (D = $0$memwr$\mem$src/data_memory.v:20$15_DATA[31:0]$18, Q = \mem[844]).
Adding EN signal on $memory\mem[845]$8051 ($dff) from module data_memory (D = $0$memwr$\mem$src/data_memory.v:20$15_DATA[31:0]$18, Q = \mem[845]).
Adding EN signal on $memory\mem[846]$8053 ($dff) from module data_memory (D = $0$memwr$\mem$src/data_memory.v:20$15_DATA[31:0]$18, Q = \mem[846]).
Adding EN signal on $memory\mem[847]$8055 ($dff) from module data_memory (D = $0$memwr$\mem$src/data_memory.v:20$15_DATA[31:0]$18, Q = \mem[847]).
Adding EN signal on $memory\mem[848]$8057 ($dff) from module data_memory (D = $0$memwr$\mem$src/data_memory.v:20$15_DATA[31:0]$18, Q = \mem[848]).
Adding EN signal on $memory\mem[849]$8059 ($dff) from module data_memory (D = $0$memwr$\mem$src/data_memory.v:20$15_DATA[31:0]$18, Q = \mem[849]).
Adding EN signal on $memory\mem[850]$8061 ($dff) from module data_memory (D = $0$memwr$\mem$src/data_memory.v:20$15_DATA[31:0]$18, Q = \mem[850]).
Adding EN signal on $memory\mem[851]$8063 ($dff) from module data_memory (D = $0$memwr$\mem$src/data_memory.v:20$15_DATA[31:0]$18, Q = \mem[851]).
Adding EN signal on $memory\mem[852]$8065 ($dff) from module data_memory (D = $0$memwr$\mem$src/data_memory.v:20$15_DATA[31:0]$18, Q = \mem[852]).
Adding EN signal on $memory\mem[853]$8067 ($dff) from module data_memory (D = $0$memwr$\mem$src/data_memory.v:20$15_DATA[31:0]$18, Q = \mem[853]).
Adding EN signal on $memory\mem[854]$8069 ($dff) from module data_memory (D = $0$memwr$\mem$src/data_memory.v:20$15_DATA[31:0]$18, Q = \mem[854]).
Adding EN signal on $memory\mem[855]$8071 ($dff) from module data_memory (D = $0$memwr$\mem$src/data_memory.v:20$15_DATA[31:0]$18, Q = \mem[855]).
Adding EN signal on $memory\mem[856]$8073 ($dff) from module data_memory (D = $0$memwr$\mem$src/data_memory.v:20$15_DATA[31:0]$18, Q = \mem[856]).
Adding EN signal on $memory\mem[857]$8075 ($dff) from module data_memory (D = $0$memwr$\mem$src/data_memory.v:20$15_DATA[31:0]$18, Q = \mem[857]).
Adding EN signal on $memory\mem[858]$8077 ($dff) from module data_memory (D = $0$memwr$\mem$src/data_memory.v:20$15_DATA[31:0]$18, Q = \mem[858]).
Adding EN signal on $memory\mem[859]$8079 ($dff) from module data_memory (D = $0$memwr$\mem$src/data_memory.v:20$15_DATA[31:0]$18, Q = \mem[859]).
Adding EN signal on $memory\mem[860]$8081 ($dff) from module data_memory (D = $0$memwr$\mem$src/data_memory.v:20$15_DATA[31:0]$18, Q = \mem[860]).
Adding EN signal on $memory\mem[861]$8083 ($dff) from module data_memory (D = $0$memwr$\mem$src/data_memory.v:20$15_DATA[31:0]$18, Q = \mem[861]).
Adding EN signal on $memory\mem[862]$8085 ($dff) from module data_memory (D = $0$memwr$\mem$src/data_memory.v:20$15_DATA[31:0]$18, Q = \mem[862]).
Adding EN signal on $memory\mem[863]$8087 ($dff) from module data_memory (D = $0$memwr$\mem$src/data_memory.v:20$15_DATA[31:0]$18, Q = \mem[863]).
Adding EN signal on $memory\mem[864]$8089 ($dff) from module data_memory (D = $0$memwr$\mem$src/data_memory.v:20$15_DATA[31:0]$18, Q = \mem[864]).
Adding EN signal on $memory\mem[865]$8091 ($dff) from module data_memory (D = $0$memwr$\mem$src/data_memory.v:20$15_DATA[31:0]$18, Q = \mem[865]).
Adding EN signal on $memory\mem[866]$8093 ($dff) from module data_memory (D = $0$memwr$\mem$src/data_memory.v:20$15_DATA[31:0]$18, Q = \mem[866]).
Adding EN signal on $memory\mem[867]$8095 ($dff) from module data_memory (D = $0$memwr$\mem$src/data_memory.v:20$15_DATA[31:0]$18, Q = \mem[867]).
Adding EN signal on $memory\mem[868]$8097 ($dff) from module data_memory (D = $0$memwr$\mem$src/data_memory.v:20$15_DATA[31:0]$18, Q = \mem[868]).
Adding EN signal on $memory\mem[869]$8099 ($dff) from module data_memory (D = $0$memwr$\mem$src/data_memory.v:20$15_DATA[31:0]$18, Q = \mem[869]).
Adding EN signal on $memory\mem[870]$8101 ($dff) from module data_memory (D = $0$memwr$\mem$src/data_memory.v:20$15_DATA[31:0]$18, Q = \mem[870]).
Adding EN signal on $memory\mem[871]$8103 ($dff) from module data_memory (D = $0$memwr$\mem$src/data_memory.v:20$15_DATA[31:0]$18, Q = \mem[871]).
Adding EN signal on $memory\mem[872]$8105 ($dff) from module data_memory (D = $0$memwr$\mem$src/data_memory.v:20$15_DATA[31:0]$18, Q = \mem[872]).
Adding EN signal on $memory\mem[873]$8107 ($dff) from module data_memory (D = $0$memwr$\mem$src/data_memory.v:20$15_DATA[31:0]$18, Q = \mem[873]).
Adding EN signal on $memory\mem[874]$8109 ($dff) from module data_memory (D = $0$memwr$\mem$src/data_memory.v:20$15_DATA[31:0]$18, Q = \mem[874]).
Adding EN signal on $memory\mem[875]$8111 ($dff) from module data_memory (D = $0$memwr$\mem$src/data_memory.v:20$15_DATA[31:0]$18, Q = \mem[875]).
Adding EN signal on $memory\mem[876]$8113 ($dff) from module data_memory (D = $0$memwr$\mem$src/data_memory.v:20$15_DATA[31:0]$18, Q = \mem[876]).
Adding EN signal on $memory\mem[877]$8115 ($dff) from module data_memory (D = $0$memwr$\mem$src/data_memory.v:20$15_DATA[31:0]$18, Q = \mem[877]).
Adding EN signal on $memory\mem[878]$8117 ($dff) from module data_memory (D = $0$memwr$\mem$src/data_memory.v:20$15_DATA[31:0]$18, Q = \mem[878]).
Adding EN signal on $memory\mem[879]$8119 ($dff) from module data_memory (D = $0$memwr$\mem$src/data_memory.v:20$15_DATA[31:0]$18, Q = \mem[879]).
Adding EN signal on $memory\mem[880]$8121 ($dff) from module data_memory (D = $0$memwr$\mem$src/data_memory.v:20$15_DATA[31:0]$18, Q = \mem[880]).
Adding EN signal on $memory\mem[881]$8123 ($dff) from module data_memory (D = $0$memwr$\mem$src/data_memory.v:20$15_DATA[31:0]$18, Q = \mem[881]).
Adding EN signal on $memory\mem[882]$8125 ($dff) from module data_memory (D = $0$memwr$\mem$src/data_memory.v:20$15_DATA[31:0]$18, Q = \mem[882]).
Adding EN signal on $memory\mem[883]$8127 ($dff) from module data_memory (D = $0$memwr$\mem$src/data_memory.v:20$15_DATA[31:0]$18, Q = \mem[883]).
Adding EN signal on $memory\mem[884]$8129 ($dff) from module data_memory (D = $0$memwr$\mem$src/data_memory.v:20$15_DATA[31:0]$18, Q = \mem[884]).
Adding EN signal on $memory\mem[885]$8131 ($dff) from module data_memory (D = $0$memwr$\mem$src/data_memory.v:20$15_DATA[31:0]$18, Q = \mem[885]).
Adding EN signal on $memory\mem[886]$8133 ($dff) from module data_memory (D = $0$memwr$\mem$src/data_memory.v:20$15_DATA[31:0]$18, Q = \mem[886]).
Adding EN signal on $memory\mem[887]$8135 ($dff) from module data_memory (D = $0$memwr$\mem$src/data_memory.v:20$15_DATA[31:0]$18, Q = \mem[887]).
Adding EN signal on $memory\mem[888]$8137 ($dff) from module data_memory (D = $0$memwr$\mem$src/data_memory.v:20$15_DATA[31:0]$18, Q = \mem[888]).
Adding EN signal on $memory\mem[889]$8139 ($dff) from module data_memory (D = $0$memwr$\mem$src/data_memory.v:20$15_DATA[31:0]$18, Q = \mem[889]).
Adding EN signal on $memory\mem[890]$8141 ($dff) from module data_memory (D = $0$memwr$\mem$src/data_memory.v:20$15_DATA[31:0]$18, Q = \mem[890]).
Adding EN signal on $memory\mem[891]$8143 ($dff) from module data_memory (D = $0$memwr$\mem$src/data_memory.v:20$15_DATA[31:0]$18, Q = \mem[891]).
Adding EN signal on $memory\mem[892]$8145 ($dff) from module data_memory (D = $0$memwr$\mem$src/data_memory.v:20$15_DATA[31:0]$18, Q = \mem[892]).
Adding EN signal on $memory\mem[893]$8147 ($dff) from module data_memory (D = $0$memwr$\mem$src/data_memory.v:20$15_DATA[31:0]$18, Q = \mem[893]).
Adding EN signal on $memory\mem[894]$8149 ($dff) from module data_memory (D = $0$memwr$\mem$src/data_memory.v:20$15_DATA[31:0]$18, Q = \mem[894]).
Adding EN signal on $memory\mem[895]$8151 ($dff) from module data_memory (D = $0$memwr$\mem$src/data_memory.v:20$15_DATA[31:0]$18, Q = \mem[895]).
Adding EN signal on $memory\mem[896]$8153 ($dff) from module data_memory (D = $0$memwr$\mem$src/data_memory.v:20$15_DATA[31:0]$18, Q = \mem[896]).
Adding EN signal on $memory\mem[897]$8155 ($dff) from module data_memory (D = $0$memwr$\mem$src/data_memory.v:20$15_DATA[31:0]$18, Q = \mem[897]).
Adding EN signal on $memory\mem[898]$8157 ($dff) from module data_memory (D = $0$memwr$\mem$src/data_memory.v:20$15_DATA[31:0]$18, Q = \mem[898]).
Adding EN signal on $memory\mem[899]$8159 ($dff) from module data_memory (D = $0$memwr$\mem$src/data_memory.v:20$15_DATA[31:0]$18, Q = \mem[899]).
Adding EN signal on $memory\mem[900]$8161 ($dff) from module data_memory (D = $0$memwr$\mem$src/data_memory.v:20$15_DATA[31:0]$18, Q = \mem[900]).
Adding EN signal on $memory\mem[901]$8163 ($dff) from module data_memory (D = $0$memwr$\mem$src/data_memory.v:20$15_DATA[31:0]$18, Q = \mem[901]).
Adding EN signal on $memory\mem[902]$8165 ($dff) from module data_memory (D = $0$memwr$\mem$src/data_memory.v:20$15_DATA[31:0]$18, Q = \mem[902]).
Adding EN signal on $memory\mem[903]$8167 ($dff) from module data_memory (D = $0$memwr$\mem$src/data_memory.v:20$15_DATA[31:0]$18, Q = \mem[903]).
Adding EN signal on $memory\mem[904]$8169 ($dff) from module data_memory (D = $0$memwr$\mem$src/data_memory.v:20$15_DATA[31:0]$18, Q = \mem[904]).
Adding EN signal on $memory\mem[905]$8171 ($dff) from module data_memory (D = $0$memwr$\mem$src/data_memory.v:20$15_DATA[31:0]$18, Q = \mem[905]).
Adding EN signal on $memory\mem[906]$8173 ($dff) from module data_memory (D = $0$memwr$\mem$src/data_memory.v:20$15_DATA[31:0]$18, Q = \mem[906]).
Adding EN signal on $memory\mem[907]$8175 ($dff) from module data_memory (D = $0$memwr$\mem$src/data_memory.v:20$15_DATA[31:0]$18, Q = \mem[907]).
Adding EN signal on $memory\mem[908]$8177 ($dff) from module data_memory (D = $0$memwr$\mem$src/data_memory.v:20$15_DATA[31:0]$18, Q = \mem[908]).
Adding EN signal on $memory\mem[909]$8179 ($dff) from module data_memory (D = $0$memwr$\mem$src/data_memory.v:20$15_DATA[31:0]$18, Q = \mem[909]).
Adding EN signal on $memory\mem[910]$8181 ($dff) from module data_memory (D = $0$memwr$\mem$src/data_memory.v:20$15_DATA[31:0]$18, Q = \mem[910]).
Adding EN signal on $memory\mem[911]$8183 ($dff) from module data_memory (D = $0$memwr$\mem$src/data_memory.v:20$15_DATA[31:0]$18, Q = \mem[911]).
Adding EN signal on $memory\mem[912]$8185 ($dff) from module data_memory (D = $0$memwr$\mem$src/data_memory.v:20$15_DATA[31:0]$18, Q = \mem[912]).
Adding EN signal on $memory\mem[913]$8187 ($dff) from module data_memory (D = $0$memwr$\mem$src/data_memory.v:20$15_DATA[31:0]$18, Q = \mem[913]).
Adding EN signal on $memory\mem[914]$8189 ($dff) from module data_memory (D = $0$memwr$\mem$src/data_memory.v:20$15_DATA[31:0]$18, Q = \mem[914]).
Adding EN signal on $memory\mem[915]$8191 ($dff) from module data_memory (D = $0$memwr$\mem$src/data_memory.v:20$15_DATA[31:0]$18, Q = \mem[915]).
Adding EN signal on $memory\mem[916]$8193 ($dff) from module data_memory (D = $0$memwr$\mem$src/data_memory.v:20$15_DATA[31:0]$18, Q = \mem[916]).
Adding EN signal on $memory\mem[917]$8195 ($dff) from module data_memory (D = $0$memwr$\mem$src/data_memory.v:20$15_DATA[31:0]$18, Q = \mem[917]).
Adding EN signal on $memory\mem[918]$8197 ($dff) from module data_memory (D = $0$memwr$\mem$src/data_memory.v:20$15_DATA[31:0]$18, Q = \mem[918]).
Adding EN signal on $memory\mem[919]$8199 ($dff) from module data_memory (D = $0$memwr$\mem$src/data_memory.v:20$15_DATA[31:0]$18, Q = \mem[919]).
Adding EN signal on $memory\mem[920]$8201 ($dff) from module data_memory (D = $0$memwr$\mem$src/data_memory.v:20$15_DATA[31:0]$18, Q = \mem[920]).
Adding EN signal on $memory\mem[921]$8203 ($dff) from module data_memory (D = $0$memwr$\mem$src/data_memory.v:20$15_DATA[31:0]$18, Q = \mem[921]).
Adding EN signal on $memory\mem[922]$8205 ($dff) from module data_memory (D = $0$memwr$\mem$src/data_memory.v:20$15_DATA[31:0]$18, Q = \mem[922]).
Adding EN signal on $memory\mem[923]$8207 ($dff) from module data_memory (D = $0$memwr$\mem$src/data_memory.v:20$15_DATA[31:0]$18, Q = \mem[923]).
Adding EN signal on $memory\mem[924]$8209 ($dff) from module data_memory (D = $0$memwr$\mem$src/data_memory.v:20$15_DATA[31:0]$18, Q = \mem[924]).
Adding EN signal on $memory\mem[925]$8211 ($dff) from module data_memory (D = $0$memwr$\mem$src/data_memory.v:20$15_DATA[31:0]$18, Q = \mem[925]).
Adding EN signal on $memory\mem[926]$8213 ($dff) from module data_memory (D = $0$memwr$\mem$src/data_memory.v:20$15_DATA[31:0]$18, Q = \mem[926]).
Adding EN signal on $memory\mem[927]$8215 ($dff) from module data_memory (D = $0$memwr$\mem$src/data_memory.v:20$15_DATA[31:0]$18, Q = \mem[927]).
Adding EN signal on $memory\mem[928]$8217 ($dff) from module data_memory (D = $0$memwr$\mem$src/data_memory.v:20$15_DATA[31:0]$18, Q = \mem[928]).
Adding EN signal on $memory\mem[929]$8219 ($dff) from module data_memory (D = $0$memwr$\mem$src/data_memory.v:20$15_DATA[31:0]$18, Q = \mem[929]).
Adding EN signal on $memory\mem[930]$8221 ($dff) from module data_memory (D = $0$memwr$\mem$src/data_memory.v:20$15_DATA[31:0]$18, Q = \mem[930]).
Adding EN signal on $memory\mem[931]$8223 ($dff) from module data_memory (D = $0$memwr$\mem$src/data_memory.v:20$15_DATA[31:0]$18, Q = \mem[931]).
Adding EN signal on $memory\mem[932]$8225 ($dff) from module data_memory (D = $0$memwr$\mem$src/data_memory.v:20$15_DATA[31:0]$18, Q = \mem[932]).
Adding EN signal on $memory\mem[933]$8227 ($dff) from module data_memory (D = $0$memwr$\mem$src/data_memory.v:20$15_DATA[31:0]$18, Q = \mem[933]).
Adding EN signal on $memory\mem[934]$8229 ($dff) from module data_memory (D = $0$memwr$\mem$src/data_memory.v:20$15_DATA[31:0]$18, Q = \mem[934]).
Adding EN signal on $memory\mem[935]$8231 ($dff) from module data_memory (D = $0$memwr$\mem$src/data_memory.v:20$15_DATA[31:0]$18, Q = \mem[935]).
Adding EN signal on $memory\mem[936]$8233 ($dff) from module data_memory (D = $0$memwr$\mem$src/data_memory.v:20$15_DATA[31:0]$18, Q = \mem[936]).
Adding EN signal on $memory\mem[937]$8235 ($dff) from module data_memory (D = $0$memwr$\mem$src/data_memory.v:20$15_DATA[31:0]$18, Q = \mem[937]).
Adding EN signal on $memory\mem[938]$8237 ($dff) from module data_memory (D = $0$memwr$\mem$src/data_memory.v:20$15_DATA[31:0]$18, Q = \mem[938]).
Adding EN signal on $memory\mem[939]$8239 ($dff) from module data_memory (D = $0$memwr$\mem$src/data_memory.v:20$15_DATA[31:0]$18, Q = \mem[939]).
Adding EN signal on $memory\mem[940]$8241 ($dff) from module data_memory (D = $0$memwr$\mem$src/data_memory.v:20$15_DATA[31:0]$18, Q = \mem[940]).
Adding EN signal on $memory\mem[941]$8243 ($dff) from module data_memory (D = $0$memwr$\mem$src/data_memory.v:20$15_DATA[31:0]$18, Q = \mem[941]).
Adding EN signal on $memory\mem[942]$8245 ($dff) from module data_memory (D = $0$memwr$\mem$src/data_memory.v:20$15_DATA[31:0]$18, Q = \mem[942]).
Adding EN signal on $memory\mem[943]$8247 ($dff) from module data_memory (D = $0$memwr$\mem$src/data_memory.v:20$15_DATA[31:0]$18, Q = \mem[943]).
Adding EN signal on $memory\mem[944]$8249 ($dff) from module data_memory (D = $0$memwr$\mem$src/data_memory.v:20$15_DATA[31:0]$18, Q = \mem[944]).
Adding EN signal on $memory\mem[945]$8251 ($dff) from module data_memory (D = $0$memwr$\mem$src/data_memory.v:20$15_DATA[31:0]$18, Q = \mem[945]).
Adding EN signal on $memory\mem[946]$8253 ($dff) from module data_memory (D = $0$memwr$\mem$src/data_memory.v:20$15_DATA[31:0]$18, Q = \mem[946]).
Adding EN signal on $memory\mem[947]$8255 ($dff) from module data_memory (D = $0$memwr$\mem$src/data_memory.v:20$15_DATA[31:0]$18, Q = \mem[947]).
Adding EN signal on $memory\mem[948]$8257 ($dff) from module data_memory (D = $0$memwr$\mem$src/data_memory.v:20$15_DATA[31:0]$18, Q = \mem[948]).
Adding EN signal on $memory\mem[949]$8259 ($dff) from module data_memory (D = $0$memwr$\mem$src/data_memory.v:20$15_DATA[31:0]$18, Q = \mem[949]).
Adding EN signal on $memory\mem[950]$8261 ($dff) from module data_memory (D = $0$memwr$\mem$src/data_memory.v:20$15_DATA[31:0]$18, Q = \mem[950]).
Adding EN signal on $memory\mem[951]$8263 ($dff) from module data_memory (D = $0$memwr$\mem$src/data_memory.v:20$15_DATA[31:0]$18, Q = \mem[951]).
Adding EN signal on $memory\mem[952]$8265 ($dff) from module data_memory (D = $0$memwr$\mem$src/data_memory.v:20$15_DATA[31:0]$18, Q = \mem[952]).
Adding EN signal on $memory\mem[953]$8267 ($dff) from module data_memory (D = $0$memwr$\mem$src/data_memory.v:20$15_DATA[31:0]$18, Q = \mem[953]).
Adding EN signal on $memory\mem[954]$8269 ($dff) from module data_memory (D = $0$memwr$\mem$src/data_memory.v:20$15_DATA[31:0]$18, Q = \mem[954]).
Adding EN signal on $memory\mem[955]$8271 ($dff) from module data_memory (D = $0$memwr$\mem$src/data_memory.v:20$15_DATA[31:0]$18, Q = \mem[955]).
Adding EN signal on $memory\mem[956]$8273 ($dff) from module data_memory (D = $0$memwr$\mem$src/data_memory.v:20$15_DATA[31:0]$18, Q = \mem[956]).
Adding EN signal on $memory\mem[957]$8275 ($dff) from module data_memory (D = $0$memwr$\mem$src/data_memory.v:20$15_DATA[31:0]$18, Q = \mem[957]).
Adding EN signal on $memory\mem[958]$8277 ($dff) from module data_memory (D = $0$memwr$\mem$src/data_memory.v:20$15_DATA[31:0]$18, Q = \mem[958]).
Adding EN signal on $memory\mem[959]$8279 ($dff) from module data_memory (D = $0$memwr$\mem$src/data_memory.v:20$15_DATA[31:0]$18, Q = \mem[959]).
Adding EN signal on $memory\mem[960]$8281 ($dff) from module data_memory (D = $0$memwr$\mem$src/data_memory.v:20$15_DATA[31:0]$18, Q = \mem[960]).
Adding EN signal on $memory\mem[961]$8283 ($dff) from module data_memory (D = $0$memwr$\mem$src/data_memory.v:20$15_DATA[31:0]$18, Q = \mem[961]).
Adding EN signal on $memory\mem[962]$8285 ($dff) from module data_memory (D = $0$memwr$\mem$src/data_memory.v:20$15_DATA[31:0]$18, Q = \mem[962]).
Adding EN signal on $memory\mem[963]$8287 ($dff) from module data_memory (D = $0$memwr$\mem$src/data_memory.v:20$15_DATA[31:0]$18, Q = \mem[963]).
Adding EN signal on $memory\mem[964]$8289 ($dff) from module data_memory (D = $0$memwr$\mem$src/data_memory.v:20$15_DATA[31:0]$18, Q = \mem[964]).
Adding EN signal on $memory\mem[965]$8291 ($dff) from module data_memory (D = $0$memwr$\mem$src/data_memory.v:20$15_DATA[31:0]$18, Q = \mem[965]).
Adding EN signal on $memory\mem[966]$8293 ($dff) from module data_memory (D = $0$memwr$\mem$src/data_memory.v:20$15_DATA[31:0]$18, Q = \mem[966]).
Adding EN signal on $memory\mem[967]$8295 ($dff) from module data_memory (D = $0$memwr$\mem$src/data_memory.v:20$15_DATA[31:0]$18, Q = \mem[967]).
Adding EN signal on $memory\mem[968]$8297 ($dff) from module data_memory (D = $0$memwr$\mem$src/data_memory.v:20$15_DATA[31:0]$18, Q = \mem[968]).
Adding EN signal on $memory\mem[969]$8299 ($dff) from module data_memory (D = $0$memwr$\mem$src/data_memory.v:20$15_DATA[31:0]$18, Q = \mem[969]).
Adding EN signal on $memory\mem[970]$8301 ($dff) from module data_memory (D = $0$memwr$\mem$src/data_memory.v:20$15_DATA[31:0]$18, Q = \mem[970]).
Adding EN signal on $memory\mem[971]$8303 ($dff) from module data_memory (D = $0$memwr$\mem$src/data_memory.v:20$15_DATA[31:0]$18, Q = \mem[971]).
Adding EN signal on $memory\mem[972]$8305 ($dff) from module data_memory (D = $0$memwr$\mem$src/data_memory.v:20$15_DATA[31:0]$18, Q = \mem[972]).
Adding EN signal on $memory\mem[973]$8307 ($dff) from module data_memory (D = $0$memwr$\mem$src/data_memory.v:20$15_DATA[31:0]$18, Q = \mem[973]).
Adding EN signal on $memory\mem[974]$8309 ($dff) from module data_memory (D = $0$memwr$\mem$src/data_memory.v:20$15_DATA[31:0]$18, Q = \mem[974]).
Adding EN signal on $memory\mem[975]$8311 ($dff) from module data_memory (D = $0$memwr$\mem$src/data_memory.v:20$15_DATA[31:0]$18, Q = \mem[975]).
Adding EN signal on $memory\mem[976]$8313 ($dff) from module data_memory (D = $0$memwr$\mem$src/data_memory.v:20$15_DATA[31:0]$18, Q = \mem[976]).
Adding EN signal on $memory\mem[977]$8315 ($dff) from module data_memory (D = $0$memwr$\mem$src/data_memory.v:20$15_DATA[31:0]$18, Q = \mem[977]).
Adding EN signal on $memory\mem[978]$8317 ($dff) from module data_memory (D = $0$memwr$\mem$src/data_memory.v:20$15_DATA[31:0]$18, Q = \mem[978]).
Adding EN signal on $memory\mem[979]$8319 ($dff) from module data_memory (D = $0$memwr$\mem$src/data_memory.v:20$15_DATA[31:0]$18, Q = \mem[979]).
Adding EN signal on $memory\mem[980]$8321 ($dff) from module data_memory (D = $0$memwr$\mem$src/data_memory.v:20$15_DATA[31:0]$18, Q = \mem[980]).
Adding EN signal on $memory\mem[981]$8323 ($dff) from module data_memory (D = $0$memwr$\mem$src/data_memory.v:20$15_DATA[31:0]$18, Q = \mem[981]).
Adding EN signal on $memory\mem[982]$8325 ($dff) from module data_memory (D = $0$memwr$\mem$src/data_memory.v:20$15_DATA[31:0]$18, Q = \mem[982]).
Adding EN signal on $memory\mem[983]$8327 ($dff) from module data_memory (D = $0$memwr$\mem$src/data_memory.v:20$15_DATA[31:0]$18, Q = \mem[983]).
Adding EN signal on $memory\mem[984]$8329 ($dff) from module data_memory (D = $0$memwr$\mem$src/data_memory.v:20$15_DATA[31:0]$18, Q = \mem[984]).
Adding EN signal on $memory\mem[985]$8331 ($dff) from module data_memory (D = $0$memwr$\mem$src/data_memory.v:20$15_DATA[31:0]$18, Q = \mem[985]).
Adding EN signal on $memory\mem[986]$8333 ($dff) from module data_memory (D = $0$memwr$\mem$src/data_memory.v:20$15_DATA[31:0]$18, Q = \mem[986]).
Adding EN signal on $memory\mem[987]$8335 ($dff) from module data_memory (D = $0$memwr$\mem$src/data_memory.v:20$15_DATA[31:0]$18, Q = \mem[987]).
Adding EN signal on $memory\mem[988]$8337 ($dff) from module data_memory (D = $0$memwr$\mem$src/data_memory.v:20$15_DATA[31:0]$18, Q = \mem[988]).
Adding EN signal on $memory\mem[989]$8339 ($dff) from module data_memory (D = $0$memwr$\mem$src/data_memory.v:20$15_DATA[31:0]$18, Q = \mem[989]).
Adding EN signal on $memory\mem[990]$8341 ($dff) from module data_memory (D = $0$memwr$\mem$src/data_memory.v:20$15_DATA[31:0]$18, Q = \mem[990]).
Adding EN signal on $memory\mem[991]$8343 ($dff) from module data_memory (D = $0$memwr$\mem$src/data_memory.v:20$15_DATA[31:0]$18, Q = \mem[991]).
Adding EN signal on $memory\mem[992]$8345 ($dff) from module data_memory (D = $0$memwr$\mem$src/data_memory.v:20$15_DATA[31:0]$18, Q = \mem[992]).
Adding EN signal on $memory\mem[993]$8347 ($dff) from module data_memory (D = $0$memwr$\mem$src/data_memory.v:20$15_DATA[31:0]$18, Q = \mem[993]).
Adding EN signal on $memory\mem[994]$8349 ($dff) from module data_memory (D = $0$memwr$\mem$src/data_memory.v:20$15_DATA[31:0]$18, Q = \mem[994]).
Adding EN signal on $memory\mem[995]$8351 ($dff) from module data_memory (D = $0$memwr$\mem$src/data_memory.v:20$15_DATA[31:0]$18, Q = \mem[995]).
Adding EN signal on $memory\mem[996]$8353 ($dff) from module data_memory (D = $0$memwr$\mem$src/data_memory.v:20$15_DATA[31:0]$18, Q = \mem[996]).
Adding EN signal on $memory\mem[997]$8355 ($dff) from module data_memory (D = $0$memwr$\mem$src/data_memory.v:20$15_DATA[31:0]$18, Q = \mem[997]).
Adding EN signal on $memory\mem[998]$8357 ($dff) from module data_memory (D = $0$memwr$\mem$src/data_memory.v:20$15_DATA[31:0]$18, Q = \mem[998]).
Adding EN signal on $memory\mem[999]$8359 ($dff) from module data_memory (D = $0$memwr$\mem$src/data_memory.v:20$15_DATA[31:0]$18, Q = \mem[999]).
Adding EN signal on $memory\mem[1000]$8361 ($dff) from module data_memory (D = $0$memwr$\mem$src/data_memory.v:20$15_DATA[31:0]$18, Q = \mem[1000]).
Adding EN signal on $memory\mem[1001]$8363 ($dff) from module data_memory (D = $0$memwr$\mem$src/data_memory.v:20$15_DATA[31:0]$18, Q = \mem[1001]).
Adding EN signal on $memory\mem[1002]$8365 ($dff) from module data_memory (D = $0$memwr$\mem$src/data_memory.v:20$15_DATA[31:0]$18, Q = \mem[1002]).
Adding EN signal on $memory\mem[1003]$8367 ($dff) from module data_memory (D = $0$memwr$\mem$src/data_memory.v:20$15_DATA[31:0]$18, Q = \mem[1003]).
Adding EN signal on $memory\mem[1004]$8369 ($dff) from module data_memory (D = $0$memwr$\mem$src/data_memory.v:20$15_DATA[31:0]$18, Q = \mem[1004]).
Adding EN signal on $memory\mem[1005]$8371 ($dff) from module data_memory (D = $0$memwr$\mem$src/data_memory.v:20$15_DATA[31:0]$18, Q = \mem[1005]).
Adding EN signal on $memory\mem[1006]$8373 ($dff) from module data_memory (D = $0$memwr$\mem$src/data_memory.v:20$15_DATA[31:0]$18, Q = \mem[1006]).
Adding EN signal on $memory\mem[1007]$8375 ($dff) from module data_memory (D = $0$memwr$\mem$src/data_memory.v:20$15_DATA[31:0]$18, Q = \mem[1007]).
Adding EN signal on $memory\mem[1008]$8377 ($dff) from module data_memory (D = $0$memwr$\mem$src/data_memory.v:20$15_DATA[31:0]$18, Q = \mem[1008]).
Adding EN signal on $memory\mem[1009]$8379 ($dff) from module data_memory (D = $0$memwr$\mem$src/data_memory.v:20$15_DATA[31:0]$18, Q = \mem[1009]).
Adding EN signal on $memory\mem[1010]$8381 ($dff) from module data_memory (D = $0$memwr$\mem$src/data_memory.v:20$15_DATA[31:0]$18, Q = \mem[1010]).
Adding EN signal on $memory\mem[1011]$8383 ($dff) from module data_memory (D = $0$memwr$\mem$src/data_memory.v:20$15_DATA[31:0]$18, Q = \mem[1011]).
Adding EN signal on $memory\mem[1012]$8385 ($dff) from module data_memory (D = $0$memwr$\mem$src/data_memory.v:20$15_DATA[31:0]$18, Q = \mem[1012]).
Adding EN signal on $memory\mem[1013]$8387 ($dff) from module data_memory (D = $0$memwr$\mem$src/data_memory.v:20$15_DATA[31:0]$18, Q = \mem[1013]).
Adding EN signal on $memory\mem[1014]$8389 ($dff) from module data_memory (D = $0$memwr$\mem$src/data_memory.v:20$15_DATA[31:0]$18, Q = \mem[1014]).
Adding EN signal on $memory\mem[1015]$8391 ($dff) from module data_memory (D = $0$memwr$\mem$src/data_memory.v:20$15_DATA[31:0]$18, Q = \mem[1015]).
Adding EN signal on $memory\mem[1016]$8393 ($dff) from module data_memory (D = $0$memwr$\mem$src/data_memory.v:20$15_DATA[31:0]$18, Q = \mem[1016]).
Adding EN signal on $memory\mem[1017]$8395 ($dff) from module data_memory (D = $0$memwr$\mem$src/data_memory.v:20$15_DATA[31:0]$18, Q = \mem[1017]).
Adding EN signal on $memory\mem[1018]$8397 ($dff) from module data_memory (D = $0$memwr$\mem$src/data_memory.v:20$15_DATA[31:0]$18, Q = \mem[1018]).
Adding EN signal on $memory\mem[1019]$8399 ($dff) from module data_memory (D = $0$memwr$\mem$src/data_memory.v:20$15_DATA[31:0]$18, Q = \mem[1019]).
Adding EN signal on $memory\mem[1020]$8401 ($dff) from module data_memory (D = $0$memwr$\mem$src/data_memory.v:20$15_DATA[31:0]$18, Q = \mem[1020]).
Adding EN signal on $memory\mem[1021]$8403 ($dff) from module data_memory (D = $0$memwr$\mem$src/data_memory.v:20$15_DATA[31:0]$18, Q = \mem[1021]).
Adding EN signal on $memory\mem[1022]$8405 ($dff) from module data_memory (D = $0$memwr$\mem$src/data_memory.v:20$15_DATA[31:0]$18, Q = \mem[1022]).
Adding EN signal on $memory\mem[1023]$8407 ($dff) from module data_memory (D = $0$memwr$\mem$src/data_memory.v:20$15_DATA[31:0]$18, Q = \mem[1023]).

21.14. Executing OPT_CLEAN pass (remove unused cells and wires).
Finding unused cells or wires in module \riscv_pipeline..
Finding unused cells or wires in module \register_file..
Finding unused cells or wires in module \mmul_mem..
Finding unused cells or wires in module \mem_wb..
Finding unused cells or wires in module \instr_mem..
Finding unused cells or wires in module \immediate_gen..
Finding unused cells or wires in module \if_id..
Finding unused cells or wires in module \id_ex..
Finding unused cells or wires in module \ex_mem..
Finding unused cells or wires in module \data_memory..
Finding unused cells or wires in module \hazard_detection_unit..
Finding unused cells or wires in module \forwarding_unit..
Removed 1024 unused cells and 1024 unused wires.
<suppressed ~1025 debug messages>

21.15. Executing OPT_EXPR pass (perform const folding).
Optimizing module riscv_pipeline.
Optimizing module register_file.
Optimizing module mmul_mem.
Optimizing module mem_wb.
Optimizing module instr_mem.
Optimizing module immediate_gen.
Optimizing module if_id.
Optimizing module id_ex.
Optimizing module ex_mem.
Optimizing module data_memory.
Optimizing module hazard_detection_unit.
Optimizing module forwarding_unit.

21.16. Rerunning OPT passes. (Maybe there is more to do..)

21.17. Executing OPT_MUXTREE pass (detect dead branches in mux trees).
Running muxtree optimizer on module \riscv_pipeline..
  Creating internal representation of mux trees.
  Evaluating internal representation of mux trees.
  Analyzing evaluation results.
Running muxtree optimizer on module \register_file..
  Creating internal representation of mux trees.
  Evaluating internal representation of mux trees.
  Analyzing evaluation results.
Running muxtree optimizer on module \mmul_mem..
  Creating internal representation of mux trees.
  Evaluating internal representation of mux trees.
  Analyzing evaluation results.
Running muxtree optimizer on module \mem_wb..
  Creating internal representation of mux trees.
  Evaluating internal representation of mux trees.
  Analyzing evaluation results.
Running muxtree optimizer on module \instr_mem..
  Creating internal representation of mux trees.
  No muxes found in this module.
Running muxtree optimizer on module \immediate_gen..
  Creating internal representation of mux trees.
  Evaluating internal representation of mux trees.
  Analyzing evaluation results.
Running muxtree optimizer on module \if_id..
  Creating internal representation of mux trees.
  Evaluating internal representation of mux trees.
  Analyzing evaluation results.
Running muxtree optimizer on module \id_ex..
  Creating internal representation of mux trees.
  Evaluating internal representation of mux trees.
  Analyzing evaluation results.
Running muxtree optimizer on module \ex_mem..
  Creating internal representation of mux trees.
  No muxes found in this module.
Running muxtree optimizer on module \data_memory..
  Creating internal representation of mux trees.
  Evaluating internal representation of mux trees.
  Analyzing evaluation results.
Running muxtree optimizer on module \hazard_detection_unit..
  Creating internal representation of mux trees.
  Evaluating internal representation of mux trees.
  Analyzing evaluation results.
Running muxtree optimizer on module \forwarding_unit..
  Creating internal representation of mux trees.
  Evaluating internal representation of mux trees.
  Analyzing evaluation results.
Removed 0 multiplexer ports.
<suppressed ~1520 debug messages>

21.18. Executing OPT_REDUCE pass (consolidate $*mux and $reduce_* inputs).
  Optimizing cells in module \riscv_pipeline.
  Optimizing cells in module \register_file.
  Optimizing cells in module \mmul_mem.
  Optimizing cells in module \mem_wb.
  Optimizing cells in module \instr_mem.
  Optimizing cells in module \immediate_gen.
  Optimizing cells in module \if_id.
  Optimizing cells in module \id_ex.
  Optimizing cells in module \ex_mem.
  Optimizing cells in module \data_memory.
  Optimizing cells in module \hazard_detection_unit.
  Optimizing cells in module \forwarding_unit.
Performed a total of 0 changes.

21.19. Executing OPT_MERGE pass (detect identical cells).
Finding identical cells in module `\riscv_pipeline'.
Computing hashes of 77 cells of `\riscv_pipeline'.
Finding duplicate cells in `\riscv_pipeline'.
Finding identical cells in module `\register_file'.
Computing hashes of 165 cells of `\register_file'.
Finding duplicate cells in `\register_file'.
Finding identical cells in module `\mmul_mem'.
Computing hashes of 658 cells of `\mmul_mem'.
Finding duplicate cells in `\mmul_mem'.
Finding identical cells in module `\mem_wb'.
Computing hashes of 7 cells of `\mem_wb'.
Finding duplicate cells in `\mem_wb'.
Finding identical cells in module `\instr_mem'.
Computing hashes of 0 cells of `\instr_mem'.
Finding duplicate cells in `\instr_mem'.
Finding identical cells in module `\immediate_gen'.
Computing hashes of 7 cells of `\immediate_gen'.
Finding duplicate cells in `\immediate_gen'.
Finding identical cells in module `\if_id'.
Computing hashes of 12 cells of `\if_id'.
Finding duplicate cells in `\if_id'.
Finding identical cells in module `\id_ex'.
Computing hashes of 26 cells of `\id_ex'.
Finding duplicate cells in `\id_ex'.
Finding identical cells in module `\ex_mem'.
Computing hashes of 7 cells of `\ex_mem'.
Finding duplicate cells in `\ex_mem'.
Finding identical cells in module `\data_memory'.
Computing hashes of 4205 cells of `\data_memory'.
Finding duplicate cells in `\data_memory'.
Finding identical cells in module `\hazard_detection_unit'.
Computing hashes of 9 cells of `\hazard_detection_unit'.
Finding duplicate cells in `\hazard_detection_unit'.
Finding identical cells in module `\forwarding_unit'.
Computing hashes of 20 cells of `\forwarding_unit'.
Finding duplicate cells in `\forwarding_unit'.
Removed a total of 0 cells.

21.20. Executing OPT_DFF pass (perform DFF optimizations).

21.21. Executing OPT_CLEAN pass (remove unused cells and wires).
Finding unused cells or wires in module \riscv_pipeline..
Finding unused cells or wires in module \register_file..
Finding unused cells or wires in module \mmul_mem..
Finding unused cells or wires in module \mem_wb..
Finding unused cells or wires in module \instr_mem..
Finding unused cells or wires in module \immediate_gen..
Finding unused cells or wires in module \if_id..
Finding unused cells or wires in module \id_ex..
Finding unused cells or wires in module \ex_mem..
Finding unused cells or wires in module \data_memory..
Finding unused cells or wires in module \hazard_detection_unit..
Finding unused cells or wires in module \forwarding_unit..

21.22. Executing OPT_EXPR pass (perform const folding).
Optimizing module riscv_pipeline.
Optimizing module register_file.
Optimizing module mmul_mem.
Optimizing module mem_wb.
Optimizing module instr_mem.
Optimizing module immediate_gen.
Optimizing module if_id.
Optimizing module id_ex.
Optimizing module ex_mem.
Optimizing module data_memory.
Optimizing module hazard_detection_unit.
Optimizing module forwarding_unit.

21.23. Finished fast OPT passes. (There is nothing left to do.)

22. Executing TECHMAP pass (map to technology primitives).

22.1. Executing Verilog-2005 frontend: /home/sandy/tools/oss-cad-suite/lib/../share/yosys/techmap.v
Parsing Verilog input from `/home/sandy/tools/oss-cad-suite/lib/../share/yosys/techmap.v' to AST representation.
Generating RTLIL representation for module `\_90_simplemap_bool_ops'.
Generating RTLIL representation for module `\_90_simplemap_reduce_ops'.
Generating RTLIL representation for module `\_90_simplemap_logic_ops'.
Generating RTLIL representation for module `\_90_simplemap_compare_ops'.
Generating RTLIL representation for module `\_90_simplemap_various'.
Generating RTLIL representation for module `\_90_simplemap_registers'.
Generating RTLIL representation for module `\_90_shift_ops_shr_shl_sshl_sshr'.
Generating RTLIL representation for module `\_90_shift_shiftx'.
Generating RTLIL representation for module `\_90_fa'.
Generating RTLIL representation for module `\_90_lcu_brent_kung'.
Generating RTLIL representation for module `\_90_alu'.
Generating RTLIL representation for module `\_90_macc'.
Generating RTLIL representation for module `\_90_alumacc'.
Generating RTLIL representation for module `$__div_mod_u'.
Generating RTLIL representation for module `$__div_mod_trunc'.
Generating RTLIL representation for module `\_90_div'.
Generating RTLIL representation for module `\_90_mod'.
Generating RTLIL representation for module `$__div_mod_floor'.
Generating RTLIL representation for module `\_90_divfloor'.
Generating RTLIL representation for module `\_90_modfloor'.
Generating RTLIL representation for module `\_90_pow'.
Generating RTLIL representation for module `\_90_demux'.
Generating RTLIL representation for module `\_90_lut'.
Generating RTLIL representation for module `$connect'.
Generating RTLIL representation for module `$input_port'.
Successfully finished Verilog frontend.

22.2. Continuing TECHMAP pass.
Using extmapper simplemap for cells of type $logic_and.
Using extmapper simplemap for cells of type $eq.
Using extmapper simplemap for cells of type $logic_not.
Using extmapper simplemap for cells of type $reduce_bool.
Using extmapper simplemap for cells of type $mux.
Using extmapper simplemap for cells of type $logic_or.
Using extmapper simplemap for cells of type $dffe.
Using extmapper simplemap for cells of type $and.
Using extmapper simplemap for cells of type $not.
Using extmapper simplemap for cells of type $adff.
Using extmapper simplemap for cells of type $adffe.
Using extmapper simplemap for cells of type $pmux.
Using extmapper simplemap for cells of type $reduce_or.
Using extmapper simplemap for cells of type $reduce_and.
Using extmapper simplemap for cells of type $ne.
Running "alumacc" on wrapper $extern:wrap:$mul:Y_WIDTH=32:B_WIDTH=32:A_WIDTH=32:B_SIGNED=1:A_SIGNED=1:394426c56d1a028ba8fdd5469b163e04011def47.
Using template $extern:wrap:$mul:Y_WIDTH=32:B_WIDTH=32:A_WIDTH=32:B_SIGNED=1:A_SIGNED=1:394426c56d1a028ba8fdd5469b163e04011def47 for cells of type $extern:wrap:$mul:Y_WIDTH=32:B_WIDTH=32:A_WIDTH=32:B_SIGNED=1:A_SIGNED=1:394426c56d1a028ba8fdd5469b163e04011def47.
Running "alumacc" on wrapper $extern:wrap:$add:Y_WIDTH=32:B_WIDTH=32:A_WIDTH=32:B_SIGNED=1:A_SIGNED=1:394426c56d1a028ba8fdd5469b163e04011def47.
Using template $extern:wrap:$add:Y_WIDTH=32:B_WIDTH=32:A_WIDTH=32:B_SIGNED=1:A_SIGNED=1:394426c56d1a028ba8fdd5469b163e04011def47 for cells of type $extern:wrap:$add:Y_WIDTH=32:B_WIDTH=32:A_WIDTH=32:B_SIGNED=1:A_SIGNED=1:394426c56d1a028ba8fdd5469b163e04011def47.
Running "alumacc" on wrapper $extern:wrap:$add:Y_WIDTH=32:B_WIDTH=3:A_WIDTH=32:B_SIGNED=0:A_SIGNED=0:394426c56d1a028ba8fdd5469b163e04011def47.
Using template $extern:wrap:$add:Y_WIDTH=32:B_WIDTH=3:A_WIDTH=32:B_SIGNED=0:A_SIGNED=0:394426c56d1a028ba8fdd5469b163e04011def47 for cells of type $extern:wrap:$add:Y_WIDTH=32:B_WIDTH=3:A_WIDTH=32:B_SIGNED=0:A_SIGNED=0:394426c56d1a028ba8fdd5469b163e04011def47.
Running "alumacc" on wrapper $extern:wrap:$mul:Y_WIDTH=32:B_WIDTH=32:A_WIDTH=32:B_SIGNED=0:A_SIGNED=0:394426c56d1a028ba8fdd5469b163e04011def47.
Using template $extern:wrap:$mul:Y_WIDTH=32:B_WIDTH=32:A_WIDTH=32:B_SIGNED=0:A_SIGNED=0:394426c56d1a028ba8fdd5469b163e04011def47 for cells of type $extern:wrap:$mul:Y_WIDTH=32:B_WIDTH=32:A_WIDTH=32:B_SIGNED=0:A_SIGNED=0:394426c56d1a028ba8fdd5469b163e04011def47.
Running "alumacc" on wrapper $extern:wrap:$lt:Y_WIDTH=1:B_WIDTH=32:A_WIDTH=3:B_SIGNED=0:A_SIGNED=0:394426c56d1a028ba8fdd5469b163e04011def47.
Using template $extern:wrap:$lt:Y_WIDTH=1:B_WIDTH=32:A_WIDTH=3:B_SIGNED=0:A_SIGNED=0:394426c56d1a028ba8fdd5469b163e04011def47 for cells of type $extern:wrap:$lt:Y_WIDTH=1:B_WIDTH=32:A_WIDTH=3:B_SIGNED=0:A_SIGNED=0:394426c56d1a028ba8fdd5469b163e04011def47.
Running "alumacc" on wrapper $extern:wrap:$add:Y_WIDTH=32:B_WIDTH=32:A_WIDTH=3:B_SIGNED=0:A_SIGNED=0:394426c56d1a028ba8fdd5469b163e04011def47.
Using template $extern:wrap:$add:Y_WIDTH=32:B_WIDTH=32:A_WIDTH=3:B_SIGNED=0:A_SIGNED=0:394426c56d1a028ba8fdd5469b163e04011def47 for cells of type $extern:wrap:$add:Y_WIDTH=32:B_WIDTH=32:A_WIDTH=3:B_SIGNED=0:A_SIGNED=0:394426c56d1a028ba8fdd5469b163e04011def47.
Using template $paramod$076c9a7a3f037230073fe14dd4865d470cb48917\_90_alu for cells of type $alu.
Using extmapper maccmap for cells of type $macc_v2.
  add { 29'00000000000000000000000000000 $memrd$\A$src/mmul_mem.v:87$197_DATA [2:0] } * { 29'00000000000000000000000000000 $memrd$\B$src/mmul_mem.v:87$200_DATA [2:0] } (32x32 bits, unsigned)
Using template $paramod$2653f68ddb8eab7b1907b4a20767b72a824a7a36\_90_alu for cells of type $alu.
  add { 29'00000000000000000000000000000 $memrd$\A$src/mmul_mem.v:87$197_DATA [2:0] } * { 29'00000000000000000000000000000 $memrd$\B$src/mmul_mem.v:87$200_DATA [2:0] } (32x32 bits, signed)
Using template $paramod\_90_fa\WIDTH=32'00000000000000000000000000100000 for cells of type $fa.
Using template $paramod$fbc7873bff55778c0b3173955b7e4bce1d9d6834\_90_alu for cells of type $alu.
Using extmapper simplemap for cells of type $pos.
Using template $paramod\_90_lcu_brent_kung\WIDTH=32'00000000000000000000000000100000 for cells of type $lcu.
Using extmapper simplemap for cells of type $xor.
Using extmapper simplemap for cells of type $or.
Running "alumacc" on wrapper $extern:wrap:$add:Y_WIDTH=32:B_WIDTH=32:A_WIDTH=32:B_SIGNED=0:A_SIGNED=0:394426c56d1a028ba8fdd5469b163e04011def47.
Using template $extern:wrap:$add:Y_WIDTH=32:B_WIDTH=32:A_WIDTH=32:B_SIGNED=0:A_SIGNED=0:394426c56d1a028ba8fdd5469b163e04011def47 for cells of type $extern:wrap:$add:Y_WIDTH=32:B_WIDTH=32:A_WIDTH=32:B_SIGNED=0:A_SIGNED=0:394426c56d1a028ba8fdd5469b163e04011def47.
Running "alumacc" on wrapper $extern:wrap:$ge:Y_WIDTH=1:B_WIDTH=32:A_WIDTH=32:B_SIGNED=0:A_SIGNED=0:394426c56d1a028ba8fdd5469b163e04011def47.
Using template $extern:wrap:$ge:Y_WIDTH=1:B_WIDTH=32:A_WIDTH=32:B_SIGNED=0:A_SIGNED=0:394426c56d1a028ba8fdd5469b163e04011def47 for cells of type $extern:wrap:$ge:Y_WIDTH=1:B_WIDTH=32:A_WIDTH=32:B_SIGNED=0:A_SIGNED=0:394426c56d1a028ba8fdd5469b163e04011def47.
Running "alumacc" on wrapper $extern:wrap:$lt:Y_WIDTH=1:B_WIDTH=32:A_WIDTH=32:B_SIGNED=0:A_SIGNED=0:394426c56d1a028ba8fdd5469b163e04011def47.
Using template $extern:wrap:$lt:Y_WIDTH=1:B_WIDTH=32:A_WIDTH=32:B_SIGNED=0:A_SIGNED=0:394426c56d1a028ba8fdd5469b163e04011def47 for cells of type $extern:wrap:$lt:Y_WIDTH=1:B_WIDTH=32:A_WIDTH=32:B_SIGNED=0:A_SIGNED=0:394426c56d1a028ba8fdd5469b163e04011def47.
No more expansions possible.
<suppressed ~8609 debug messages>

23. Executing OPT pass (performing simple optimizations).

23.1. Executing OPT_EXPR pass (perform const folding).
Optimizing module riscv_pipeline.
<suppressed ~1293 debug messages>
Optimizing module register_file.
<suppressed ~530 debug messages>
Optimizing module mmul_mem.
<suppressed ~19178 debug messages>
Optimizing module mem_wb.
<suppressed ~1 debug messages>
Optimizing module instr_mem.
Optimizing module immediate_gen.
<suppressed ~61 debug messages>
Optimizing module if_id.
<suppressed ~2 debug messages>
Optimizing module id_ex.
Optimizing module ex_mem.
Optimizing module data_memory.
<suppressed ~1 debug messages>
Optimizing module hazard_detection_unit.
<suppressed ~1 debug messages>
Optimizing module forwarding_unit.
<suppressed ~6 debug messages>

23.2. Executing OPT_MERGE pass (detect identical cells).
Finding identical cells in module `\riscv_pipeline'.
Computing hashes of 1791 cells of `\riscv_pipeline'.
Finding duplicate cells in `\riscv_pipeline'.
Computing hashes of 1721 cells of `\riscv_pipeline'.
Finding duplicate cells in `\riscv_pipeline'.
Computing hashes of 1677 cells of `\riscv_pipeline'.
Finding duplicate cells in `\riscv_pipeline'.
Computing hashes of 1647 cells of `\riscv_pipeline'.
Finding duplicate cells in `\riscv_pipeline'.
Computing hashes of 1636 cells of `\riscv_pipeline'.
Finding duplicate cells in `\riscv_pipeline'.
Computing hashes of 1626 cells of `\riscv_pipeline'.
Finding duplicate cells in `\riscv_pipeline'.
Computing hashes of 1621 cells of `\riscv_pipeline'.
Finding duplicate cells in `\riscv_pipeline'.
Computing hashes of 1616 cells of `\riscv_pipeline'.
Finding duplicate cells in `\riscv_pipeline'.
Computing hashes of 1614 cells of `\riscv_pipeline'.
Finding duplicate cells in `\riscv_pipeline'.
Computing hashes of 1612 cells of `\riscv_pipeline'.
Finding duplicate cells in `\riscv_pipeline'.
<suppressed ~537 debug messages>
Finding identical cells in module `\register_file'.
Computing hashes of 5836 cells of `\register_file'.
Finding duplicate cells in `\register_file'.
Computing hashes of 5569 cells of `\register_file'.
Finding duplicate cells in `\register_file'.
Computing hashes of 5440 cells of `\register_file'.
Finding duplicate cells in `\register_file'.
Computing hashes of 5395 cells of `\register_file'.
Finding duplicate cells in `\register_file'.
<suppressed ~1323 debug messages>
Finding identical cells in module `\mmul_mem'.
Computing hashes of 14115 cells of `\mmul_mem'.
Finding duplicate cells in `\mmul_mem'.
Computing hashes of 13724 cells of `\mmul_mem'.
Finding duplicate cells in `\mmul_mem'.
Computing hashes of 13552 cells of `\mmul_mem'.
Finding duplicate cells in `\mmul_mem'.
Computing hashes of 13496 cells of `\mmul_mem'.
Finding duplicate cells in `\mmul_mem'.
Computing hashes of 13486 cells of `\mmul_mem'.
Finding duplicate cells in `\mmul_mem'.
Computing hashes of 13477 cells of `\mmul_mem'.
Finding duplicate cells in `\mmul_mem'.
Computing hashes of 13472 cells of `\mmul_mem'.
Finding duplicate cells in `\mmul_mem'.
Computing hashes of 13469 cells of `\mmul_mem'.
Finding duplicate cells in `\mmul_mem'.
Computing hashes of 13467 cells of `\mmul_mem'.
Finding duplicate cells in `\mmul_mem'.
<suppressed ~1944 debug messages>
Finding identical cells in module `\mem_wb'.
Computing hashes of 72 cells of `\mem_wb'.
Finding duplicate cells in `\mem_wb'.
Finding identical cells in module `\instr_mem'.
Computing hashes of 0 cells of `\instr_mem'.
Finding duplicate cells in `\instr_mem'.
Finding identical cells in module `\immediate_gen'.
Computing hashes of 286 cells of `\immediate_gen'.
Finding duplicate cells in `\immediate_gen'.
Computing hashes of 213 cells of `\immediate_gen'.
Finding duplicate cells in `\immediate_gen'.
Computing hashes of 188 cells of `\immediate_gen'.
Finding duplicate cells in `\immediate_gen'.
Computing hashes of 185 cells of `\immediate_gen'.
Finding duplicate cells in `\immediate_gen'.
<suppressed ~303 debug messages>
Finding identical cells in module `\if_id'.
Computing hashes of 196 cells of `\if_id'.
Finding duplicate cells in `\if_id'.
Finding identical cells in module `\id_ex'.
Computing hashes of 310 cells of `\id_ex'.
Finding duplicate cells in `\id_ex'.
Finding identical cells in module `\ex_mem'.
Computing hashes of 73 cells of `\ex_mem'.
Finding duplicate cells in `\ex_mem'.
Finding identical cells in module `\data_memory'.
Computing hashes of 67732 cells of `\data_memory'.
Finding duplicate cells in `\data_memory'.
Finding identical cells in module `\hazard_detection_unit'.
Computing hashes of 29 cells of `\hazard_detection_unit'.
Finding duplicate cells in `\hazard_detection_unit'.
Finding identical cells in module `\forwarding_unit'.
Computing hashes of 60 cells of `\forwarding_unit'.
Finding duplicate cells in `\forwarding_unit'.
Removed a total of 1369 cells.

23.3. Executing OPT_MUXTREE pass (detect dead branches in mux trees).
Running muxtree optimizer on module \riscv_pipeline..
  Creating internal representation of mux trees.
  No muxes found in this module.
Running muxtree optimizer on module \register_file..
  Creating internal representation of mux trees.
  No muxes found in this module.
Running muxtree optimizer on module \mmul_mem..
  Creating internal representation of mux trees.
  No muxes found in this module.
Running muxtree optimizer on module \mem_wb..
  Creating internal representation of mux trees.
  No muxes found in this module.
Running muxtree optimizer on module \instr_mem..
  Creating internal representation of mux trees.
  No muxes found in this module.
Running muxtree optimizer on module \immediate_gen..
  Creating internal representation of mux trees.
  No muxes found in this module.
Running muxtree optimizer on module \if_id..
  Creating internal representation of mux trees.
  No muxes found in this module.
Running muxtree optimizer on module \id_ex..
  Creating internal representation of mux trees.
  No muxes found in this module.
Running muxtree optimizer on module \ex_mem..
  Creating internal representation of mux trees.
  No muxes found in this module.
Running muxtree optimizer on module \data_memory..
  Creating internal representation of mux trees.
  No muxes found in this module.
Running muxtree optimizer on module \hazard_detection_unit..
  Creating internal representation of mux trees.
  No muxes found in this module.
Running muxtree optimizer on module \forwarding_unit..
  Creating internal representation of mux trees.
  No muxes found in this module.
Removed 0 multiplexer ports.

23.4. Executing OPT_REDUCE pass (consolidate $*mux and $reduce_* inputs).
  Optimizing cells in module \riscv_pipeline.
  Optimizing cells in module \register_file.
  Optimizing cells in module \mmul_mem.
  Optimizing cells in module \mem_wb.
  Optimizing cells in module \instr_mem.
  Optimizing cells in module \immediate_gen.
  Optimizing cells in module \if_id.
  Optimizing cells in module \id_ex.
  Optimizing cells in module \ex_mem.
  Optimizing cells in module \data_memory.
  Optimizing cells in module \hazard_detection_unit.
  Optimizing cells in module \forwarding_unit.
Performed a total of 0 changes.

23.5. Executing OPT_MERGE pass (detect identical cells).
Finding identical cells in module `\riscv_pipeline'.
Computing hashes of 1612 cells of `\riscv_pipeline'.
Finding duplicate cells in `\riscv_pipeline'.
Finding identical cells in module `\register_file'.
Computing hashes of 5395 cells of `\register_file'.
Finding duplicate cells in `\register_file'.
Finding identical cells in module `\mmul_mem'.
Computing hashes of 13467 cells of `\mmul_mem'.
Finding duplicate cells in `\mmul_mem'.
Finding identical cells in module `\mem_wb'.
Computing hashes of 72 cells of `\mem_wb'.
Finding duplicate cells in `\mem_wb'.
Finding identical cells in module `\instr_mem'.
Computing hashes of 0 cells of `\instr_mem'.
Finding duplicate cells in `\instr_mem'.
Finding identical cells in module `\immediate_gen'.
Computing hashes of 185 cells of `\immediate_gen'.
Finding duplicate cells in `\immediate_gen'.
Finding identical cells in module `\if_id'.
Computing hashes of 196 cells of `\if_id'.
Finding duplicate cells in `\if_id'.
Finding identical cells in module `\id_ex'.
Computing hashes of 310 cells of `\id_ex'.
Finding duplicate cells in `\id_ex'.
Finding identical cells in module `\ex_mem'.
Computing hashes of 73 cells of `\ex_mem'.
Finding duplicate cells in `\ex_mem'.
Finding identical cells in module `\data_memory'.
Computing hashes of 67732 cells of `\data_memory'.
Finding duplicate cells in `\data_memory'.
Finding identical cells in module `\hazard_detection_unit'.
Computing hashes of 29 cells of `\hazard_detection_unit'.
Finding duplicate cells in `\hazard_detection_unit'.
Finding identical cells in module `\forwarding_unit'.
Computing hashes of 60 cells of `\forwarding_unit'.
Finding duplicate cells in `\forwarding_unit'.
Removed a total of 0 cells.

23.6. Executing OPT_DFF pass (perform DFF optimizations).
Adding EN signal on $auto$ff.cc:337:slice$131585 ($_DFFE_PP0P_) from module riscv_pipeline (D = $0\pc_reg[31:0] [0], Q = \pc_reg [0]).
Adding EN signal on $auto$ff.cc:337:slice$131586 ($_DFFE_PP0P_) from module riscv_pipeline (D = $0\pc_reg[31:0] [1], Q = \pc_reg [1]).

23.7. Executing OPT_CLEAN pass (remove unused cells and wires).
Finding unused cells or wires in module \riscv_pipeline..
Finding unused cells or wires in module \register_file..
Finding unused cells or wires in module \mmul_mem..
Finding unused cells or wires in module \mem_wb..
Finding unused cells or wires in module \instr_mem..
Finding unused cells or wires in module \immediate_gen..
Finding unused cells or wires in module \if_id..
Finding unused cells or wires in module \id_ex..
Finding unused cells or wires in module \ex_mem..
Finding unused cells or wires in module \data_memory..
Finding unused cells or wires in module \hazard_detection_unit..
Finding unused cells or wires in module \forwarding_unit..
Removed 276 unused cells and 4943 unused wires.
<suppressed ~285 debug messages>

23.8. Executing OPT_EXPR pass (perform const folding).
Optimizing module riscv_pipeline.
<suppressed ~6 debug messages>
Optimizing module register_file.
Optimizing module mmul_mem.
Optimizing module mem_wb.
Optimizing module instr_mem.
Optimizing module immediate_gen.
Optimizing module if_id.
Optimizing module id_ex.
Optimizing module ex_mem.
Optimizing module data_memory.
Optimizing module hazard_detection_unit.
Optimizing module forwarding_unit.

23.9. Rerunning OPT passes. (Maybe there is more to do..)

23.10. Executing OPT_MUXTREE pass (detect dead branches in mux trees).
Running muxtree optimizer on module \riscv_pipeline..
  Creating internal representation of mux trees.
  No muxes found in this module.
Running muxtree optimizer on module \register_file..
  Creating internal representation of mux trees.
  No muxes found in this module.
Running muxtree optimizer on module \mmul_mem..
  Creating internal representation of mux trees.
  No muxes found in this module.
Running muxtree optimizer on module \mem_wb..
  Creating internal representation of mux trees.
  No muxes found in this module.
Running muxtree optimizer on module \instr_mem..
  Creating internal representation of mux trees.
  No muxes found in this module.
Running muxtree optimizer on module \immediate_gen..
  Creating internal representation of mux trees.
  No muxes found in this module.
Running muxtree optimizer on module \if_id..
  Creating internal representation of mux trees.
  No muxes found in this module.
Running muxtree optimizer on module \id_ex..
  Creating internal representation of mux trees.
  No muxes found in this module.
Running muxtree optimizer on module \ex_mem..
  Creating internal representation of mux trees.
  No muxes found in this module.
Running muxtree optimizer on module \data_memory..
  Creating internal representation of mux trees.
  No muxes found in this module.
Running muxtree optimizer on module \hazard_detection_unit..
  Creating internal representation of mux trees.
  No muxes found in this module.
Running muxtree optimizer on module \forwarding_unit..
  Creating internal representation of mux trees.
  No muxes found in this module.
Removed 0 multiplexer ports.

23.11. Executing OPT_REDUCE pass (consolidate $*mux and $reduce_* inputs).
  Optimizing cells in module \riscv_pipeline.
  Optimizing cells in module \register_file.
  Optimizing cells in module \mmul_mem.
  Optimizing cells in module \mem_wb.
  Optimizing cells in module \instr_mem.
  Optimizing cells in module \immediate_gen.
  Optimizing cells in module \if_id.
  Optimizing cells in module \id_ex.
  Optimizing cells in module \ex_mem.
  Optimizing cells in module \data_memory.
  Optimizing cells in module \hazard_detection_unit.
  Optimizing cells in module \forwarding_unit.
Performed a total of 0 changes.

23.12. Executing OPT_MERGE pass (detect identical cells).
Finding identical cells in module `\riscv_pipeline'.
Computing hashes of 1368 cells of `\riscv_pipeline'.
Finding duplicate cells in `\riscv_pipeline'.
Computing hashes of 1367 cells of `\riscv_pipeline'.
Finding duplicate cells in `\riscv_pipeline'.
Computing hashes of 1366 cells of `\riscv_pipeline'.
Finding duplicate cells in `\riscv_pipeline'.
Computing hashes of 1365 cells of `\riscv_pipeline'.
Finding duplicate cells in `\riscv_pipeline'.
<suppressed ~9 debug messages>
Finding identical cells in module `\register_file'.
Computing hashes of 5393 cells of `\register_file'.
Finding duplicate cells in `\register_file'.
Finding identical cells in module `\mmul_mem'.
Computing hashes of 13441 cells of `\mmul_mem'.
Finding duplicate cells in `\mmul_mem'.
Finding identical cells in module `\mem_wb'.
Computing hashes of 72 cells of `\mem_wb'.
Finding duplicate cells in `\mem_wb'.
Finding identical cells in module `\instr_mem'.
Computing hashes of 0 cells of `\instr_mem'.
Finding duplicate cells in `\instr_mem'.
Finding identical cells in module `\immediate_gen'.
Computing hashes of 185 cells of `\immediate_gen'.
Finding duplicate cells in `\immediate_gen'.
Finding identical cells in module `\if_id'.
Computing hashes of 196 cells of `\if_id'.
Finding duplicate cells in `\if_id'.
Finding identical cells in module `\id_ex'.
Computing hashes of 310 cells of `\id_ex'.
Finding duplicate cells in `\id_ex'.
Finding identical cells in module `\ex_mem'.
Computing hashes of 73 cells of `\ex_mem'.
Finding duplicate cells in `\ex_mem'.
Finding identical cells in module `\data_memory'.
Computing hashes of 67732 cells of `\data_memory'.
Finding duplicate cells in `\data_memory'.
Finding identical cells in module `\hazard_detection_unit'.
Computing hashes of 29 cells of `\hazard_detection_unit'.
Finding duplicate cells in `\hazard_detection_unit'.
Finding identical cells in module `\forwarding_unit'.
Computing hashes of 60 cells of `\forwarding_unit'.
Finding duplicate cells in `\forwarding_unit'.
Removed a total of 3 cells.

23.13. Executing OPT_DFF pass (perform DFF optimizations).

23.14. Executing OPT_CLEAN pass (remove unused cells and wires).
Finding unused cells or wires in module \riscv_pipeline..
Finding unused cells or wires in module \register_file..
Finding unused cells or wires in module \mmul_mem..
Finding unused cells or wires in module \mem_wb..
Finding unused cells or wires in module \instr_mem..
Finding unused cells or wires in module \immediate_gen..
Finding unused cells or wires in module \if_id..
Finding unused cells or wires in module \id_ex..
Finding unused cells or wires in module \ex_mem..
Finding unused cells or wires in module \data_memory..
Finding unused cells or wires in module \hazard_detection_unit..
Finding unused cells or wires in module \forwarding_unit..
Removed 0 unused cells and 5 unused wires.
<suppressed ~1 debug messages>

23.15. Executing OPT_EXPR pass (perform const folding).
Optimizing module riscv_pipeline.
Optimizing module register_file.
Optimizing module mmul_mem.
Optimizing module mem_wb.
Optimizing module instr_mem.
Optimizing module immediate_gen.
Optimizing module if_id.
Optimizing module id_ex.
Optimizing module ex_mem.
Optimizing module data_memory.
Optimizing module hazard_detection_unit.
Optimizing module forwarding_unit.

23.16. Rerunning OPT passes. (Maybe there is more to do..)

23.17. Executing OPT_MUXTREE pass (detect dead branches in mux trees).
Running muxtree optimizer on module \riscv_pipeline..
  Creating internal representation of mux trees.
  No muxes found in this module.
Running muxtree optimizer on module \register_file..
  Creating internal representation of mux trees.
  No muxes found in this module.
Running muxtree optimizer on module \mmul_mem..
  Creating internal representation of mux trees.
  No muxes found in this module.
Running muxtree optimizer on module \mem_wb..
  Creating internal representation of mux trees.
  No muxes found in this module.
Running muxtree optimizer on module \instr_mem..
  Creating internal representation of mux trees.
  No muxes found in this module.
Running muxtree optimizer on module \immediate_gen..
  Creating internal representation of mux trees.
  No muxes found in this module.
Running muxtree optimizer on module \if_id..
  Creating internal representation of mux trees.
  No muxes found in this module.
Running muxtree optimizer on module \id_ex..
  Creating internal representation of mux trees.
  No muxes found in this module.
Running muxtree optimizer on module \ex_mem..
  Creating internal representation of mux trees.
  No muxes found in this module.
Running muxtree optimizer on module \data_memory..
  Creating internal representation of mux trees.
  No muxes found in this module.
Running muxtree optimizer on module \hazard_detection_unit..
  Creating internal representation of mux trees.
  No muxes found in this module.
Running muxtree optimizer on module \forwarding_unit..
  Creating internal representation of mux trees.
  No muxes found in this module.
Removed 0 multiplexer ports.

23.18. Executing OPT_REDUCE pass (consolidate $*mux and $reduce_* inputs).
  Optimizing cells in module \riscv_pipeline.
  Optimizing cells in module \register_file.
  Optimizing cells in module \mmul_mem.
  Optimizing cells in module \mem_wb.
  Optimizing cells in module \instr_mem.
  Optimizing cells in module \immediate_gen.
  Optimizing cells in module \if_id.
  Optimizing cells in module \id_ex.
  Optimizing cells in module \ex_mem.
  Optimizing cells in module \data_memory.
  Optimizing cells in module \hazard_detection_unit.
  Optimizing cells in module \forwarding_unit.
Performed a total of 0 changes.

23.19. Executing OPT_MERGE pass (detect identical cells).
Finding identical cells in module `\riscv_pipeline'.
Computing hashes of 1365 cells of `\riscv_pipeline'.
Finding duplicate cells in `\riscv_pipeline'.
Finding identical cells in module `\register_file'.
Computing hashes of 5393 cells of `\register_file'.
Finding duplicate cells in `\register_file'.
Finding identical cells in module `\mmul_mem'.
Computing hashes of 13441 cells of `\mmul_mem'.
Finding duplicate cells in `\mmul_mem'.
Finding identical cells in module `\mem_wb'.
Computing hashes of 72 cells of `\mem_wb'.
Finding duplicate cells in `\mem_wb'.
Finding identical cells in module `\instr_mem'.
Computing hashes of 0 cells of `\instr_mem'.
Finding duplicate cells in `\instr_mem'.
Finding identical cells in module `\immediate_gen'.
Computing hashes of 185 cells of `\immediate_gen'.
Finding duplicate cells in `\immediate_gen'.
Finding identical cells in module `\if_id'.
Computing hashes of 196 cells of `\if_id'.
Finding duplicate cells in `\if_id'.
Finding identical cells in module `\id_ex'.
Computing hashes of 310 cells of `\id_ex'.
Finding duplicate cells in `\id_ex'.
Finding identical cells in module `\ex_mem'.
Computing hashes of 73 cells of `\ex_mem'.
Finding duplicate cells in `\ex_mem'.
Finding identical cells in module `\data_memory'.
Computing hashes of 67732 cells of `\data_memory'.
Finding duplicate cells in `\data_memory'.
Finding identical cells in module `\hazard_detection_unit'.
Computing hashes of 29 cells of `\hazard_detection_unit'.
Finding duplicate cells in `\hazard_detection_unit'.
Finding identical cells in module `\forwarding_unit'.
Computing hashes of 60 cells of `\forwarding_unit'.
Finding duplicate cells in `\forwarding_unit'.
Removed a total of 0 cells.

23.20. Executing OPT_DFF pass (perform DFF optimizations).

23.21. Executing OPT_CLEAN pass (remove unused cells and wires).
Finding unused cells or wires in module \riscv_pipeline..
Finding unused cells or wires in module \register_file..
Finding unused cells or wires in module \mmul_mem..
Finding unused cells or wires in module \mem_wb..
Finding unused cells or wires in module \instr_mem..
Finding unused cells or wires in module \immediate_gen..
Finding unused cells or wires in module \if_id..
Finding unused cells or wires in module \id_ex..
Finding unused cells or wires in module \ex_mem..
Finding unused cells or wires in module \data_memory..
Finding unused cells or wires in module \hazard_detection_unit..
Finding unused cells or wires in module \forwarding_unit..

23.22. Executing OPT_EXPR pass (perform const folding).
Optimizing module riscv_pipeline.
Optimizing module register_file.
Optimizing module mmul_mem.
Optimizing module mem_wb.
Optimizing module instr_mem.
Optimizing module immediate_gen.
Optimizing module if_id.
Optimizing module id_ex.
Optimizing module ex_mem.
Optimizing module data_memory.
Optimizing module hazard_detection_unit.
Optimizing module forwarding_unit.

23.23. Finished fast OPT passes. (There is nothing left to do.)

24. Printing statistics.

=== riscv_pipeline ===

        +----------Local Count, excluding submodules.
        | 
      479 wires
     2327 wire bits
       77 public wires
     1150 public wire bits
       13 ports
      261 port bits
     1354 cells
      343   $_AND_
       32   $_DFFE_PP0P_
      478   $_MUX_
       64   $_NOT_
      229   $_OR_
      207   $_XOR_
        1   $print
       11 submodules
        1   data_memory
        1   ex_mem
        1   forwarding_unit
        1   hazard_detection_unit
        1   id_ex
        1   if_id
        1   immediate_gen
        1   instr_mem
        1   mem_wb
        1   mmul_mem
        1   register_file

=== register_file ===

        +----------Local Count, excluding submodules.
        | 
     2666 wires
     5650 wire bits
       46 public wires
     1298 public wire bits
       14 ports
      274 port bits
     5393 cells
     2016   $_AND_
      992   $_DFFE_PP0P_
      128   $_MUX_
      108   $_NOT_
     2148   $_OR_
        1   $print

=== mmul_mem ===

        +----------Local Count, excluding submodules.
        | 
     3071 wires
    14382 wire bits
       78 public wires
     2192 public wire bits
        9 ports
      102 port bits
    13441 cells
     2244   $_AND_
     2058   $_DFFE_PP0P_
        3   $_DFF_PP0_
     6388   $_MUX_
       99   $_NOT_
     2540   $_OR_
       58   $_XOR_
       51   $print

=== mem_wb ===

        +----------Local Count, excluding submodules.
        | 
       13 wires
      145 wire bits
       13 public wires
      145 public wire bits
       13 ports
      145 port bits
       72 cells
       71   $_DFFE_PP0P_
        1   $print

=== instr_mem ===

        +----------Local Count, excluding submodules.
        | 
        2 wires
       64 wire bits
        2 public wires
       64 public wire bits
        2 ports
       64 port bits

=== immediate_gen ===

        +----------Local Count, excluding submodules.
        | 
      138 wires
      253 wire bits
        3 public wires
       71 public wire bits
        2 ports
       64 port bits
      185 cells
       56   $_AND_
       32   $_MUX_
       11   $_NOT_
       86   $_OR_

=== if_id ===

        +----------Local Count, excluding submodules.
        | 
       14 wires
      262 wire bits
        8 public wires
      132 public wire bits
        8 ports
      132 port bits
      196 cells
       64   $_DFFE_PP0P_
      129   $_MUX_
        1   $_OR_
        2   $print

=== id_ex ===

        +----------Local Count, excluding submodules.
        | 
       42 wires
      468 wire bits
       29 public wires
      313 public wire bits
       29 ports
      313 port bits
      310 cells
      155   $_DFF_PP0_
      155   $_MUX_

=== ex_mem ===

        +----------Local Count, excluding submodules.
        | 
       16 wires
      148 wire bits
       16 public wires
      148 public wire bits
       16 ports
      148 port bits
       73 cells
       73   $_DFF_PP0_

=== data_memory ===

        +----------Local Count, excluding submodules.
        | 
     4209 wires
    67799 wire bits
     1030 public wires
    32867 public wire bits
        6 ports
       99 port bits
    67732 cells
     2144   $_AND_
    32768   $_DFFE_PP_
    32810   $_MUX_
       10   $_NOT_

=== hazard_detection_unit ===

        +----------Local Count, excluding submodules.
        | 
       23 wires
       46 wire bits
        8 public wires
       20 public wire bits
        8 ports
       20 port bits
       29 cells
        2   $_AND_
        3   $_NOT_
       13   $_OR_
       10   $_XOR_
        1   $print

=== forwarding_unit ===

        +----------Local Count, excluding submodules.
        | 
       42 wires
       84 wire bits
        8 public wires
       26 public wire bits
        8 ports
       26 port bits
       60 cells
        8   $_AND_
        2   $_MUX_
        6   $_NOT_
       24   $_OR_
       20   $_XOR_

=== design hierarchy ===

        +----------Count including submodules.
        | 
    88845 riscv_pipeline
    67732 data_memory
       73 ex_mem
       60 forwarding_unit
       29 hazard_detection_unit
      310 id_ex
      196 if_id
      185 immediate_gen
       72 mem_wb
    13441 mmul_mem
     5393 register_file

        +----------Count including submodules.
        | 
    10715 wires
    91628 wire bits
     1318 public wires
    38426 public wire bits
      128 ports
     1648 port bits
        - memories
        - memory bits
        - processes
    88845 cells
     6813   $_AND_
     3217   $_DFFE_PP0P_
    32768   $_DFFE_PP_
      231   $_DFF_PP0_
    40122   $_MUX_
      301   $_NOT_
     5041   $_OR_
      295   $_XOR_
       57   $print
       11 submodules
        1   data_memory
        1   ex_mem
        1   forwarding_unit
        1   hazard_detection_unit
        1   id_ex
        1   if_id
        1   immediate_gen
        1   instr_mem
        1   mem_wb
        1   mmul_mem
        1   register_file

25. Executing Verilog backend.

25.1. Executing BMUXMAP pass.

25.2. Executing DEMUXMAP pass.
Dumping module `\data_memory'.
Dumping module `\ex_mem'.
Dumping module `\forwarding_unit'.
Dumping module `\hazard_detection_unit'.
Dumping module `\id_ex'.
Dumping module `\if_id'.
Dumping module `\immediate_gen'.
Dumping module `\instr_mem'.
Dumping module `\mem_wb'.
Dumping module `\mmul_mem'.
Dumping module `\register_file'.
Dumping module `\riscv_pipeline'.

Warnings: 3 unique messages, 3 total
End of script. Logfile hash: b4b18f9b83, time: 9.46s, user: 10.36s, system: 1.32s, MEM: 276.97 MB peak
Yosys 0.64+351 (git sha1 c96d7bc99, Release, Clang /usr/bin/clang++ 18.1.8)
Time spent: 31% 11x opt_dff (3 sec), 22% 14x opt_clean (2 sec), ...
